Date,Rain (inches),Station,Lat,Long
2026-03-10,0.11492912465899897,01_Kitsap Pub,47.76,-122.67
2026-03-11,0.13731283375242334,01_Kitsap Pub,47.76,-122.67
2026-03-12,0.12438627537638758,01_Kitsap Pub,47.76,-122.67
2026-03-13,0.09479602920901453,01_Kitsap Pub,47.76,-122.67
2026-03-14,0.09556238498354114,01_Kitsap Pub,47.76,-122.67
2026-03-15,0.10751320779854091,01_Kitsap Pub,47.76,-122.67
2026-03-16,0.0746812766163949,01_Kitsap Pub,47.76,-122.67
2026-03-17,0.07267117283885413,01_Kitsap Pub,47.76,-122.67
2026-03-18,0.08019002300759905,01_Kitsap Pub,47.76,-122.67
2026-03-19,0.0828099477817679,01_Kitsap Pub,47.76,-122.67
2026-03-20,0.08631057432366812,01_Kitsap Pub,47.76,-122.67
2026-03-21,0.08348157380071833,01_Kitsap Pub,47.76,-122.67
2026-03-22,0.07502123332667426,01_Kitsap Pub,47.76,-122.67
2026-03-23,0.08106473631711963,01_Kitsap Pub,47.76,-122.67
2026-03-24,0.07025763768553978,01_Kitsap Pub,47.76,-122.67
2026-03-25,0.05573947503878504,01_Kitsap Pub,47.76,-122.67
2026-03-26,0.059267566920428734,01_Kitsap Pub,47.76,-122.67
2026-03-27,0.08518378768287815,01_Kitsap Pub,47.76,-122.67
2026-03-28,0.09047562931395528,01_Kitsap Pub,47.76,-122.67
2026-03-29,0.08814890370964276,01_Kitsap Pub,47.76,-122.67
2026-03-30,0.07697441638731357,01_Kitsap Pub,47.76,-122.67
2026-03-31,0.06619354340848865,01_Kitsap Pub,47.76,-122.67
2026-04-01,0.062162024000602466,01_Kitsap Pub,47.76,-122.67
2026-04-02,0.0795527063041253,01_Kitsap Pub,47.76,-122.67
2026-04-03,0.0728092246340637,01_Kitsap Pub,47.76,-122.67
2026-04-04,0.06303064033747549,01_Kitsap Pub,47.76,-122.67
2026-04-05,0.0656533872205635,01_Kitsap Pub,47.76,-122.67
2026-04-06,0.06863528191692202,01_Kitsap Pub,47.76,-122.67
2026-04-07,0.06813682625071155,01_Kitsap Pub,47.76,-122.67
2026-04-08,0.06692673297324388,01_Kitsap Pub,47.76,-122.67
2026-04-09,0.06694782868839433,01_Kitsap Pub,47.76,-122.67
2026-04-10,0.06589587473093442,01_Kitsap Pub,47.76,-122.67
2026-04-11,0.0656222182608513,01_Kitsap Pub,47.76,-122.67
2026-04-12,0.06891854308338714,01_Kitsap Pub,47.76,-122.67
2026-04-13,0.06651883498298812,01_Kitsap Pub,47.76,-122.67
2026-04-14,0.06381616321133092,01_Kitsap Pub,47.76,-122.67
2026-04-15,0.05874048623169062,01_Kitsap Pub,47.76,-122.67
2026-04-16,0.06064570191913523,01_Kitsap Pub,47.76,-122.67
2026-04-17,0.06030711328516679,01_Kitsap Pub,47.76,-122.67
2026-04-18,0.05885922490832311,01_Kitsap Pub,47.76,-122.67
2026-04-19,0.06263925392663279,01_Kitsap Pub,47.76,-122.67
2026-04-20,0.07049931318715488,01_Kitsap Pub,47.76,-122.67
2026-04-21,0.05674939528524318,01_Kitsap Pub,47.76,-122.67
2026-04-22,0.050786411255334514,01_Kitsap Pub,47.76,-122.67
2026-04-23,0.05331184052368201,01_Kitsap Pub,47.76,-122.67
2026-04-24,0.05253469760016501,01_Kitsap Pub,47.76,-122.67
2026-04-25,0.05212105176188954,01_Kitsap Pub,47.76,-122.67
2026-04-26,0.0488852649204908,01_Kitsap Pub,47.76,-122.67
2026-04-27,0.05266808987324478,01_Kitsap Pub,47.76,-122.67
2026-04-28,0.054200673882783296,01_Kitsap Pub,47.76,-122.67
2026-04-29,0.05500824875121048,01_Kitsap Pub,47.76,-122.67
2026-04-30,0.05512711610749534,01_Kitsap Pub,47.76,-122.67
2026-05-01,0.0588031752409774,01_Kitsap Pub,47.76,-122.67
2026-05-02,0.05785679017777268,01_Kitsap Pub,47.76,-122.67
2026-05-03,0.05518143147804785,01_Kitsap Pub,47.76,-122.67
2026-05-04,0.0609412225323356,01_Kitsap Pub,47.76,-122.67
2026-05-05,0.05387055977286751,01_Kitsap Pub,47.76,-122.67
2026-05-06,0.04359594973024362,01_Kitsap Pub,47.76,-122.67
2026-05-07,0.03342113113369346,01_Kitsap Pub,47.76,-122.67
2026-05-08,0.03925573921982749,01_Kitsap Pub,47.76,-122.67
2026-05-09,0.055736934628582306,01_Kitsap Pub,47.76,-122.67
2026-05-10,0.05803311080267182,01_Kitsap Pub,47.76,-122.67
2026-05-11,0.06660681331530603,01_Kitsap Pub,47.76,-122.67
2026-05-12,0.07021252172884704,01_Kitsap Pub,47.76,-122.67
2026-05-13,0.07132974592489189,01_Kitsap Pub,47.76,-122.67
2026-05-14,0.06724318119537767,01_Kitsap Pub,47.76,-122.67
2026-05-15,0.05340834883999111,01_Kitsap Pub,47.76,-122.67
2026-05-16,0.03866787521166335,01_Kitsap Pub,47.76,-122.67
2026-05-17,0.048099670503485153,01_Kitsap Pub,47.76,-122.67
2026-05-18,0.07131394757402004,01_Kitsap Pub,47.76,-122.67
2026-05-19,0.07731036120352147,01_Kitsap Pub,47.76,-122.67
2026-05-20,0.07266885588769838,01_Kitsap Pub,47.76,-122.67
2026-05-21,0.06287558735487492,01_Kitsap Pub,47.76,-122.67
2026-05-22,0.06118935609780477,01_Kitsap Pub,47.76,-122.67
2026-05-23,0.054750887974729094,01_Kitsap Pub,47.76,-122.67
2026-05-24,0.049922720266774176,01_Kitsap Pub,47.76,-122.67
2026-05-25,0.04941932623944326,01_Kitsap Pub,47.76,-122.67
2026-05-26,0.04796629971728356,01_Kitsap Pub,47.76,-122.67
2026-05-27,0.04832969832988031,01_Kitsap Pub,47.76,-122.67
2026-05-28,0.05431576683547666,01_Kitsap Pub,47.76,-122.67
2026-05-29,0.05582217524336285,01_Kitsap Pub,47.76,-122.67
2026-05-30,0.05402735033076401,01_Kitsap Pub,47.76,-122.67
2026-05-31,0.04544030893996191,01_Kitsap Pub,47.76,-122.67
2026-06-01,0.04655563661574441,01_Kitsap Pub,47.76,-122.67
2026-06-02,0.05420661303034921,01_Kitsap Pub,47.76,-122.67
2026-06-03,0.05427649581348643,01_Kitsap Pub,47.76,-122.67
2026-06-04,0.06255405681472759,01_Kitsap Pub,47.76,-122.67
2026-06-05,0.05498455858073807,01_Kitsap Pub,47.76,-122.67
2026-06-06,0.04694362562349085,01_Kitsap Pub,47.76,-122.67
2026-06-07,0.04770847601929438,01_Kitsap Pub,47.76,-122.67
2026-06-08,0.0590333539551508,01_Kitsap Pub,47.76,-122.67
2026-06-09,0.058732078175906005,01_Kitsap Pub,47.76,-122.67
2026-06-10,0.05248004712013266,01_Kitsap Pub,47.76,-122.67
2026-06-11,0.046053778518699476,01_Kitsap Pub,47.76,-122.67
2026-06-12,0.043844455063189826,01_Kitsap Pub,47.76,-122.67
2026-06-13,0.04896368176261314,01_Kitsap Pub,47.76,-122.67
2026-06-14,0.054894666249714605,01_Kitsap Pub,47.76,-122.67
2026-06-15,0.06672797946697882,01_Kitsap Pub,47.76,-122.67
2026-06-16,0.06435116520704177,01_Kitsap Pub,47.76,-122.67
2026-06-17,0.048083494499152814,01_Kitsap Pub,47.76,-122.67
2026-06-18,0.041223817111681056,01_Kitsap Pub,47.76,-122.67
2026-06-19,0.04160692847266549,01_Kitsap Pub,47.76,-122.67
2026-06-20,0.05250002323426009,01_Kitsap Pub,47.76,-122.67
2026-06-21,0.04828477569104063,01_Kitsap Pub,47.76,-122.67
2026-06-22,0.04533577334668027,01_Kitsap Pub,47.76,-122.67
2026-06-23,0.04812982004967716,01_Kitsap Pub,47.76,-122.67
2026-06-24,0.05361788335925483,01_Kitsap Pub,47.76,-122.67
2026-06-25,0.0410366700664762,01_Kitsap Pub,47.76,-122.67
2026-06-26,0.025495674474971884,01_Kitsap Pub,47.76,-122.67
2026-06-27,0.03043315368922865,01_Kitsap Pub,47.76,-122.67
2026-06-28,0.0422977505100793,01_Kitsap Pub,47.76,-122.67
2026-06-29,0.047642825387770114,01_Kitsap Pub,47.76,-122.67
2026-06-30,0.046529782841147595,01_Kitsap Pub,47.76,-122.67
2026-07-01,0.03042456238958765,01_Kitsap Pub,47.76,-122.67
2026-07-02,0.02564433572491586,01_Kitsap Pub,47.76,-122.67
2026-07-03,0.025727063239181766,01_Kitsap Pub,47.76,-122.67
2026-07-04,0.04202659327207519,01_Kitsap Pub,47.76,-122.67
2026-07-05,0.046368663632438016,01_Kitsap Pub,47.76,-122.67
2026-07-06,0.049197418093929066,01_Kitsap Pub,47.76,-122.67
2026-07-07,0.0491831130099794,01_Kitsap Pub,47.76,-122.67
2026-07-08,0.028804343924159693,01_Kitsap Pub,47.76,-122.67
2026-07-09,0.026975576448818553,01_Kitsap Pub,47.76,-122.67
2026-07-10,0.028989044255355253,01_Kitsap Pub,47.76,-122.67
2026-07-11,0.039060948864279334,01_Kitsap Pub,47.76,-122.67
2026-07-12,0.03707566832771519,01_Kitsap Pub,47.76,-122.67
2026-07-13,0.02934578088613064,01_Kitsap Pub,47.76,-122.67
2026-07-14,0.03031292829297529,01_Kitsap Pub,47.76,-122.67
2026-07-15,0.040473803217841775,01_Kitsap Pub,47.76,-122.67
2026-07-16,0.04374020559058216,01_Kitsap Pub,47.76,-122.67
2026-07-17,0.04405349723073613,01_Kitsap Pub,47.76,-122.67
2026-07-18,0.04161213249035436,01_Kitsap Pub,47.76,-122.67
2026-07-19,0.0270777199858396,01_Kitsap Pub,47.76,-122.67
2026-07-20,0.02566738510917525,01_Kitsap Pub,47.76,-122.67
2026-07-21,0.031062993844972957,01_Kitsap Pub,47.76,-122.67
2026-07-22,0.054059839447971,01_Kitsap Pub,47.76,-122.67
2026-07-23,0.05959465692488274,01_Kitsap Pub,47.76,-122.67
2026-07-24,0.056673627833009166,01_Kitsap Pub,47.76,-122.67
2026-07-25,0.026380620056297426,01_Kitsap Pub,47.76,-122.67
2026-07-26,0.017634983935114677,01_Kitsap Pub,47.76,-122.67
2026-07-27,0.020542554437414207,01_Kitsap Pub,47.76,-122.67
2026-07-28,0.042594887903832715,01_Kitsap Pub,47.76,-122.67
2026-07-29,0.05337999101914051,01_Kitsap Pub,47.76,-122.67
2026-07-30,0.04978906105887097,01_Kitsap Pub,47.76,-122.67
2026-07-31,0.025507357054939186,01_Kitsap Pub,47.76,-122.67
2026-08-01,0.020661620060796443,01_Kitsap Pub,47.76,-122.67
2026-08-02,0.02047574034442356,01_Kitsap Pub,47.76,-122.67
2026-08-03,0.025769306169005708,01_Kitsap Pub,47.76,-122.67
2026-08-04,0.051163409814006924,01_Kitsap Pub,47.76,-122.67
2026-08-05,0.07121084692615384,01_Kitsap Pub,47.76,-122.67
2026-08-06,0.06492081528034417,01_Kitsap Pub,47.76,-122.67
2026-08-07,0.03668268255957316,01_Kitsap Pub,47.76,-122.67
2026-08-08,0.01986866919159799,01_Kitsap Pub,47.76,-122.67
2026-08-09,0.025698840392872662,01_Kitsap Pub,47.76,-122.67
2026-08-10,0.05014320799509741,01_Kitsap Pub,47.76,-122.67
2026-08-11,0.05872549063047445,01_Kitsap Pub,47.76,-122.67
2026-08-12,0.05428221020951282,01_Kitsap Pub,47.76,-122.67
2026-08-13,0.028962688157357336,01_Kitsap Pub,47.76,-122.67
2026-08-14,0.020784017578389814,01_Kitsap Pub,47.76,-122.67
2026-08-15,0.02002242279773487,01_Kitsap Pub,47.76,-122.67
2026-08-16,0.019238573905826405,01_Kitsap Pub,47.76,-122.67
2026-08-17,0.02544019491287219,01_Kitsap Pub,47.76,-122.67
2026-08-18,0.046231074343144204,01_Kitsap Pub,47.76,-122.67
2026-08-19,0.05624565083888941,01_Kitsap Pub,47.76,-122.67
2026-08-20,0.057146991200004583,01_Kitsap Pub,47.76,-122.67
2026-08-21,0.06015493108105114,01_Kitsap Pub,47.76,-122.67
2026-08-22,0.051378379430869994,01_Kitsap Pub,47.76,-122.67
2026-08-23,0.024200298831583714,01_Kitsap Pub,47.76,-122.67
2026-08-24,0.025284095277199468,01_Kitsap Pub,47.76,-122.67
2026-08-25,0.05191803118680345,01_Kitsap Pub,47.76,-122.67
2026-08-26,0.06922270461000682,01_Kitsap Pub,47.76,-122.67
2026-08-27,0.06994217858034159,01_Kitsap Pub,47.76,-122.67
2026-08-28,0.06741575421769419,01_Kitsap Pub,47.76,-122.67
2026-08-29,0.03873215671168298,01_Kitsap Pub,47.76,-122.67
2026-08-30,0.02868553271147832,01_Kitsap Pub,47.76,-122.67
2026-08-31,0.033173733296569946,01_Kitsap Pub,47.76,-122.67
2026-09-01,0.05388216786415827,01_Kitsap Pub,47.76,-122.67
2026-09-02,0.0656381702245551,01_Kitsap Pub,47.76,-122.67
2026-09-03,0.07035136176704744,01_Kitsap Pub,47.76,-122.67
2026-09-04,0.06741552264116955,01_Kitsap Pub,47.76,-122.67
2026-09-05,0.05421248072411882,01_Kitsap Pub,47.76,-122.67
2026-09-06,0.03365272880719515,01_Kitsap Pub,47.76,-122.67
2026-09-07,0.042774927818868616,01_Kitsap Pub,47.76,-122.67
2026-09-08,0.04851799029952992,01_Kitsap Pub,47.76,-122.67
2026-09-09,0.05082504420843486,01_Kitsap Pub,47.76,-122.67
2026-09-10,0.051951629903985885,01_Kitsap Pub,47.76,-122.67
2026-09-11,0.047781733351706664,01_Kitsap Pub,47.76,-122.67
2026-09-12,0.03606423231493444,01_Kitsap Pub,47.76,-122.67
2026-09-13,0.04590960657931747,01_Kitsap Pub,47.76,-122.67
2026-09-14,0.06689630230024728,01_Kitsap Pub,47.76,-122.67
2026-09-15,0.0835938384012931,01_Kitsap Pub,47.76,-122.67
2026-09-16,0.09091257750552693,01_Kitsap Pub,47.76,-122.67
2026-09-17,0.07772892059237468,01_Kitsap Pub,47.76,-122.67
2026-09-18,0.05728019507552612,01_Kitsap Pub,47.76,-122.67
2026-09-19,0.04153327019755898,01_Kitsap Pub,47.76,-122.67
2026-09-20,0.030155736766134426,01_Kitsap Pub,47.76,-122.67
2026-09-21,0.09648051055587636,01_Kitsap Pub,47.76,-122.67
2026-09-22,0.12599196328561363,01_Kitsap Pub,47.76,-122.67
2026-09-23,0.11394347790933053,01_Kitsap Pub,47.76,-122.67
2026-09-24,0.08679460990329793,01_Kitsap Pub,47.76,-122.67
2026-09-25,0.0718144407755393,01_Kitsap Pub,47.76,-122.67
2026-09-26,0.06030252791466322,01_Kitsap Pub,47.76,-122.67
2026-09-27,0.057142769304416245,01_Kitsap Pub,47.76,-122.67
2026-09-28,0.03916165325039848,01_Kitsap Pub,47.76,-122.67
2026-09-29,0.03342879481543981,01_Kitsap Pub,47.76,-122.67
2026-09-30,0.04175616399050942,01_Kitsap Pub,47.76,-122.67
2026-10-01,0.04615130052591727,01_Kitsap Pub,47.76,-122.67
2026-10-02,0.04777216999202853,01_Kitsap Pub,47.76,-122.67
2026-10-03,0.03809869242144846,01_Kitsap Pub,47.76,-122.67
2026-10-04,0.04254943240838156,01_Kitsap Pub,47.76,-122.67
2026-10-05,0.03518007899049687,01_Kitsap Pub,47.76,-122.67
2026-10-06,0.05443929540794318,01_Kitsap Pub,47.76,-122.67
2026-10-07,0.07088806133610434,01_Kitsap Pub,47.76,-122.67
2026-10-08,0.09927833857784829,01_Kitsap Pub,47.76,-122.67
2026-10-09,0.10410939739469603,01_Kitsap Pub,47.76,-122.67
2026-10-10,0.08117542995750376,01_Kitsap Pub,47.76,-122.67
2026-10-11,0.06321326312289692,01_Kitsap Pub,47.76,-122.67
2026-10-12,0.06264839254536603,01_Kitsap Pub,47.76,-122.67
2026-10-13,0.08549380284216306,01_Kitsap Pub,47.76,-122.67
2026-10-14,0.09374321381853765,01_Kitsap Pub,47.76,-122.67
2026-10-15,0.08953775057489191,01_Kitsap Pub,47.76,-122.67
2026-10-16,0.07065670397035803,01_Kitsap Pub,47.76,-122.67
2026-10-17,0.07080143857525036,01_Kitsap Pub,47.76,-122.67
2026-10-18,0.07664463890762419,01_Kitsap Pub,47.76,-122.67
2026-10-19,0.07269421472634438,01_Kitsap Pub,47.76,-122.67
2026-10-20,0.055575934578509074,01_Kitsap Pub,47.76,-122.67
2026-10-21,0.06276967268369954,01_Kitsap Pub,47.76,-122.67
2026-10-22,0.06151354245484853,01_Kitsap Pub,47.76,-122.67
2026-10-23,0.03785787684056217,01_Kitsap Pub,47.76,-122.67
2026-10-24,0.052686402274519185,01_Kitsap Pub,47.76,-122.67
2026-10-25,0.06959434190179625,01_Kitsap Pub,47.76,-122.67
2026-10-26,0.09666513303355907,01_Kitsap Pub,47.76,-122.67
2026-10-27,0.10761973052636276,01_Kitsap Pub,47.76,-122.67
2026-10-28,0.10759173713671112,01_Kitsap Pub,47.76,-122.67
2026-10-29,0.0969241926186356,01_Kitsap Pub,47.76,-122.67
2026-10-30,0.08443113063064364,01_Kitsap Pub,47.76,-122.67
2026-10-31,0.07426242630436891,01_Kitsap Pub,47.76,-122.67
2026-11-01,0.06120947201724703,01_Kitsap Pub,47.76,-122.67
2026-11-02,0.08076436315960366,01_Kitsap Pub,47.76,-122.67
2026-11-03,0.07712632085819754,01_Kitsap Pub,47.76,-122.67
2026-11-04,0.081162141384704,01_Kitsap Pub,47.76,-122.67
2026-11-05,0.054891769134179626,01_Kitsap Pub,47.76,-122.67
2026-11-06,0.05993154988808374,01_Kitsap Pub,47.76,-122.67
2026-11-07,0.06078109109517848,01_Kitsap Pub,47.76,-122.67
2026-11-08,0.04954495391231337,01_Kitsap Pub,47.76,-122.67
2026-11-09,0.06925611569510123,01_Kitsap Pub,47.76,-122.67
2026-11-10,0.07168859652829912,01_Kitsap Pub,47.76,-122.67
2026-11-11,0.0757602688528062,01_Kitsap Pub,47.76,-122.67
2026-11-12,0.05214212300916561,01_Kitsap Pub,47.76,-122.67
2026-11-13,0.05521384066016751,01_Kitsap Pub,47.76,-122.67
2026-11-14,0.061375943721518555,01_Kitsap Pub,47.76,-122.67
2026-11-15,0.052750800298048614,01_Kitsap Pub,47.76,-122.67
2026-11-16,0.06081920332160429,01_Kitsap Pub,47.76,-122.67
2026-11-17,0.05366861323564387,01_Kitsap Pub,47.76,-122.67
2026-11-18,0.05962067468483181,01_Kitsap Pub,47.76,-122.67
2026-11-19,0.05494047885557268,01_Kitsap Pub,47.76,-122.67
2026-11-20,0.044196649636062006,01_Kitsap Pub,47.76,-122.67
2026-11-21,0.043093571570647464,01_Kitsap Pub,47.76,-122.67
2026-11-22,0.05506889888438539,01_Kitsap Pub,47.76,-122.67
2026-11-23,0.05888586045315013,01_Kitsap Pub,47.76,-122.67
2026-11-24,0.0684339258585961,01_Kitsap Pub,47.76,-122.67
2026-11-25,0.06056190321346892,01_Kitsap Pub,47.76,-122.67
2026-11-26,0.05876012133825118,01_Kitsap Pub,47.76,-122.67
2026-11-27,0.04877181682705923,01_Kitsap Pub,47.76,-122.67
2026-11-28,0.05658033318809732,01_Kitsap Pub,47.76,-122.67
2026-11-29,0.053926208757778274,01_Kitsap Pub,47.76,-122.67
2026-11-30,0.06190775407002806,01_Kitsap Pub,47.76,-122.67
2026-12-01,0.06079976255932492,01_Kitsap Pub,47.76,-122.67
2026-12-02,0.05387461230381557,01_Kitsap Pub,47.76,-122.67
2026-12-03,0.05747496769440673,01_Kitsap Pub,47.76,-122.67
2026-12-04,0.04443354717016209,01_Kitsap Pub,47.76,-122.67
2026-12-05,0.03701916650888913,01_Kitsap Pub,47.76,-122.67
2026-12-06,0.065942509723936,01_Kitsap Pub,47.76,-122.67
2026-12-07,0.07761447329406627,01_Kitsap Pub,47.76,-122.67
2026-12-08,0.09409109559699584,01_Kitsap Pub,47.76,-122.67
2026-12-09,0.11280320941554337,01_Kitsap Pub,47.76,-122.67
2026-12-10,0.12029083244128978,01_Kitsap Pub,47.76,-122.67
2026-12-11,0.13308683448488773,01_Kitsap Pub,47.76,-122.67
2026-12-12,0.1336039349915385,01_Kitsap Pub,47.76,-122.67
2026-12-13,0.11561275525586832,01_Kitsap Pub,47.76,-122.67
2026-12-14,0.10905729290111801,01_Kitsap Pub,47.76,-122.67
2026-12-15,0.10223353756809068,01_Kitsap Pub,47.76,-122.67
2026-12-16,0.0724581494553827,01_Kitsap Pub,47.76,-122.67
2026-12-17,0.07316410691121336,01_Kitsap Pub,47.76,-122.67
2026-12-18,0.08567744810135525,01_Kitsap Pub,47.76,-122.67
2026-12-19,0.09088747224273695,01_Kitsap Pub,47.76,-122.67
2026-12-20,0.06779480645228897,01_Kitsap Pub,47.76,-122.67
2026-12-21,0.08394791349611205,01_Kitsap Pub,47.76,-122.67
2026-12-22,0.09201304940403786,01_Kitsap Pub,47.76,-122.67
2026-12-23,0.08057790012970681,01_Kitsap Pub,47.76,-122.67
2026-12-24,0.04996934729092976,01_Kitsap Pub,47.76,-122.67
2026-12-25,0.0648384786127919,01_Kitsap Pub,47.76,-122.67
2026-12-26,0.06619971874422526,01_Kitsap Pub,47.76,-122.67
2026-12-27,0.05806070208882501,01_Kitsap Pub,47.76,-122.67
2026-12-28,0.056584461296100085,01_Kitsap Pub,47.76,-122.67
2026-12-29,0.05212604406064174,01_Kitsap Pub,47.76,-122.67
2026-12-30,0.041980663318598295,01_Kitsap Pub,47.76,-122.67
2026-12-31,0.029557222746763135,01_Kitsap Pub,47.76,-122.67
2027-01-01,0.041002466278244325,01_Kitsap Pub,47.76,-122.67
2027-01-02,0.048333021514729575,01_Kitsap Pub,47.76,-122.67
2027-01-03,0.05196603607894645,01_Kitsap Pub,47.76,-122.67
2027-01-04,0.051130845207921646,01_Kitsap Pub,47.76,-122.67
2027-01-05,0.05238106552527178,01_Kitsap Pub,47.76,-122.67
2027-01-06,0.07333728078714245,01_Kitsap Pub,47.76,-122.67
2027-01-07,0.09570702778697059,01_Kitsap Pub,47.76,-122.67
2027-01-08,0.10905098283852253,01_Kitsap Pub,47.76,-122.67
2027-01-09,0.10507145757114932,01_Kitsap Pub,47.76,-122.67
2027-01-10,0.1058960501382788,01_Kitsap Pub,47.76,-122.67
2027-01-11,0.12303800788743546,01_Kitsap Pub,47.76,-122.67
2027-01-12,0.12044711203572071,01_Kitsap Pub,47.76,-122.67
2027-01-13,0.10309579414876312,01_Kitsap Pub,47.76,-122.67
2027-01-14,0.09143371105150884,01_Kitsap Pub,47.76,-122.67
2027-01-15,0.08904461064960267,01_Kitsap Pub,47.76,-122.67
2027-01-16,0.08470723572905225,01_Kitsap Pub,47.76,-122.67
2027-01-17,0.0860794496383792,01_Kitsap Pub,47.76,-122.67
2027-01-18,0.08754587422989103,01_Kitsap Pub,47.76,-122.67
2027-01-19,0.08515080746405781,01_Kitsap Pub,47.76,-122.67
2027-01-20,0.06154329719425075,01_Kitsap Pub,47.76,-122.67
2027-01-21,0.07372984996366375,01_Kitsap Pub,47.76,-122.67
2027-01-22,0.07137239066154337,01_Kitsap Pub,47.76,-122.67
2027-01-23,0.056837905557900976,01_Kitsap Pub,47.76,-122.67
2027-01-24,0.05711996253960457,01_Kitsap Pub,47.76,-122.67
2027-01-25,0.06610547855038315,01_Kitsap Pub,47.76,-122.67
2027-01-26,0.053727850637406836,01_Kitsap Pub,47.76,-122.67
2027-01-27,0.042645234348273914,01_Kitsap Pub,47.76,-122.67
2027-01-28,0.05048262186615744,01_Kitsap Pub,47.76,-122.67
2027-01-29,0.04886162647845109,01_Kitsap Pub,47.76,-122.67
2027-01-30,0.03985005008987303,01_Kitsap Pub,47.76,-122.67
2027-01-31,0.04827784181094406,01_Kitsap Pub,47.76,-122.67
2027-02-01,0.05324266314967716,01_Kitsap Pub,47.76,-122.67
2027-02-02,0.05235543485965162,01_Kitsap Pub,47.76,-122.67
2027-02-03,0.059130279159934386,01_Kitsap Pub,47.76,-122.67
2027-02-04,0.06142350582197805,01_Kitsap Pub,47.76,-122.67
2027-02-05,0.06015377969137558,01_Kitsap Pub,47.76,-122.67
2027-02-06,0.05995946245844917,01_Kitsap Pub,47.76,-122.67
2027-02-07,0.05725174128915901,01_Kitsap Pub,47.76,-122.67
2027-02-08,0.06082881568101863,01_Kitsap Pub,47.76,-122.67
2027-02-09,0.059335327952282704,01_Kitsap Pub,47.76,-122.67
2027-02-10,0.06040290310521562,01_Kitsap Pub,47.76,-122.67
2027-02-11,0.06241726395408222,01_Kitsap Pub,47.76,-122.67
2027-02-12,0.056352254334711874,01_Kitsap Pub,47.76,-122.67
2027-02-13,0.05362410555853057,01_Kitsap Pub,47.76,-122.67
2027-02-14,0.05748912334772941,01_Kitsap Pub,47.76,-122.67
2027-02-15,0.05898592341573522,01_Kitsap Pub,47.76,-122.67
2027-02-16,0.05618411263418969,01_Kitsap Pub,47.76,-122.67
2027-02-17,0.05926431257722545,01_Kitsap Pub,47.76,-122.67
2027-02-18,0.05674696084864966,01_Kitsap Pub,47.76,-122.67
2027-02-19,0.05258486233808532,01_Kitsap Pub,47.76,-122.67
2027-02-20,0.05258159217860363,01_Kitsap Pub,47.76,-122.67
2027-02-21,0.04810163387013611,01_Kitsap Pub,47.76,-122.67
2027-02-22,0.055779000650543004,01_Kitsap Pub,47.76,-122.67
2027-02-23,0.05489781850300104,01_Kitsap Pub,47.76,-122.67
2027-02-24,0.0550034566013728,01_Kitsap Pub,47.76,-122.67
2027-02-25,0.05819655831978215,01_Kitsap Pub,47.76,-122.67
2027-02-26,0.06213786575053718,01_Kitsap Pub,47.76,-122.67
2027-02-27,0.06633915679849793,01_Kitsap Pub,47.76,-122.67
2027-02-28,0.06607061745829529,01_Kitsap Pub,47.76,-122.67
2027-03-01,0.06857553464927435,01_Kitsap Pub,47.76,-122.67
2027-03-02,0.06453823933625732,01_Kitsap Pub,47.76,-122.67
2027-03-03,0.059362761255398654,01_Kitsap Pub,47.76,-122.67
2027-03-04,0.06399578717803332,01_Kitsap Pub,47.76,-122.67
2027-03-05,0.06225119332023289,01_Kitsap Pub,47.76,-122.67
2027-03-06,0.05990099570658717,01_Kitsap Pub,47.76,-122.67
2027-03-07,0.05997369308477651,01_Kitsap Pub,47.76,-122.67
2027-03-08,0.060568919115117664,01_Kitsap Pub,47.76,-122.67
2027-03-09,0.0588425063044901,01_Kitsap Pub,47.76,-122.67
2026-02-28,0.06493970024244737,05_Bloedel Re,47.71,-122.55
2026-03-01,0.12374099684872694,05_Bloedel Re,47.71,-122.55
2026-03-02,0.12184914355156526,05_Bloedel Re,47.71,-122.55
2026-03-03,0.1164474011596801,05_Bloedel Re,47.71,-122.55
2026-03-04,0.09511336471582925,05_Bloedel Re,47.71,-122.55
2026-03-05,0.09689744711861312,05_Bloedel Re,47.71,-122.55
2026-03-06,0.11540993125447603,05_Bloedel Re,47.71,-122.55
2026-03-07,0.09962339248455393,05_Bloedel Re,47.71,-122.55
2026-03-08,0.08263498824637801,05_Bloedel Re,47.71,-122.55
2026-03-09,0.08779169276929888,05_Bloedel Re,47.71,-122.55
2026-03-10,0.09173567646732489,05_Bloedel Re,47.71,-122.55
2026-03-11,0.07201139544477332,05_Bloedel Re,47.71,-122.55
2026-03-12,0.07920110127603922,05_Bloedel Re,47.71,-122.55
2026-03-13,0.08787860771330273,05_Bloedel Re,47.71,-122.55
2026-03-14,0.07548112392706106,05_Bloedel Re,47.71,-122.55
2026-03-15,0.05997489739907655,05_Bloedel Re,47.71,-122.55
2026-03-16,0.06801973638090741,05_Bloedel Re,47.71,-122.55
2026-03-17,0.06936882998985097,05_Bloedel Re,47.71,-122.55
2026-03-18,0.06330700808395859,05_Bloedel Re,47.71,-122.55
2026-03-19,0.0703033572309156,05_Bloedel Re,47.71,-122.55
2026-03-20,0.07330802303016179,05_Bloedel Re,47.71,-122.55
2026-03-21,0.06426526492740907,05_Bloedel Re,47.71,-122.55
2026-03-22,0.06810144426778529,05_Bloedel Re,47.71,-122.55
2026-03-23,0.07718923841160352,05_Bloedel Re,47.71,-122.55
2026-03-24,0.07882926052216449,05_Bloedel Re,47.71,-122.55
2026-03-25,0.07266412786299281,05_Bloedel Re,47.71,-122.55
2026-03-26,0.06332580678224654,05_Bloedel Re,47.71,-122.55
2026-03-27,0.07155962535678809,05_Bloedel Re,47.71,-122.55
2026-03-28,0.06974855974806266,05_Bloedel Re,47.71,-122.55
2026-03-29,0.0645091716215679,05_Bloedel Re,47.71,-122.55
2026-03-30,0.07008621552208553,05_Bloedel Re,47.71,-122.55
2026-03-31,0.06728655143626658,05_Bloedel Re,47.71,-122.55
2026-04-01,0.06336429898383385,05_Bloedel Re,47.71,-122.55
2026-04-02,0.06421441413070607,05_Bloedel Re,47.71,-122.55
2026-04-03,0.06703064348467773,05_Bloedel Re,47.71,-122.55
2026-04-04,0.06907558456027613,05_Bloedel Re,47.71,-122.55
2026-04-05,0.0727014386808556,05_Bloedel Re,47.71,-122.55
2026-04-06,0.07907343614563905,05_Bloedel Re,47.71,-122.55
2026-04-07,0.07774541135090325,05_Bloedel Re,47.71,-122.55
2026-04-08,0.07330100488695088,05_Bloedel Re,47.71,-122.55
2026-04-09,0.0717101546101675,05_Bloedel Re,47.71,-122.55
2026-04-10,0.06618478359025984,05_Bloedel Re,47.71,-122.55
2026-04-11,0.07203907300908002,05_Bloedel Re,47.71,-122.55
2026-04-12,0.06635334815516127,05_Bloedel Re,47.71,-122.55
2026-04-13,0.06684624968065134,05_Bloedel Re,47.71,-122.55
2026-04-14,0.0638351284013059,05_Bloedel Re,47.71,-122.55
2026-04-15,0.05923064652973641,05_Bloedel Re,47.71,-122.55
2026-04-16,0.05902307783258232,05_Bloedel Re,47.71,-122.55
2026-04-17,0.05272912609076527,05_Bloedel Re,47.71,-122.55
2026-04-18,0.05717134369491877,05_Bloedel Re,47.71,-122.55
2026-04-19,0.06400439654444003,05_Bloedel Re,47.71,-122.55
2026-04-20,0.06928841787371791,05_Bloedel Re,47.71,-122.55
2026-04-21,0.06485097648951113,05_Bloedel Re,47.71,-122.55
2026-04-22,0.06045548991917918,05_Bloedel Re,47.71,-122.55
2026-04-23,0.05222251685082595,05_Bloedel Re,47.71,-122.55
2026-04-24,0.050062141087798495,05_Bloedel Re,47.71,-122.55
2026-04-25,0.05129014760046013,05_Bloedel Re,47.71,-122.55
2026-04-26,0.057125158337419865,05_Bloedel Re,47.71,-122.55
2026-04-27,0.06284958268454646,05_Bloedel Re,47.71,-122.55
2026-04-28,0.061688469571349026,05_Bloedel Re,47.71,-122.55
2026-04-29,0.05543350596401043,05_Bloedel Re,47.71,-122.55
2026-04-30,0.0522874874766373,05_Bloedel Re,47.71,-122.55
2026-05-01,0.055806960102894716,05_Bloedel Re,47.71,-122.55
2026-05-02,0.05989241942541973,05_Bloedel Re,47.71,-122.55
2026-05-03,0.05679250393263868,05_Bloedel Re,47.71,-122.55
2026-05-04,0.06426258429188783,05_Bloedel Re,47.71,-122.55
2026-05-05,0.05858028782432237,05_Bloedel Re,47.71,-122.55
2026-05-06,0.049235944988714274,05_Bloedel Re,47.71,-122.55
2026-05-07,0.043900178806773424,05_Bloedel Re,47.71,-122.55
2026-05-08,0.046654763918193946,05_Bloedel Re,47.71,-122.55
2026-05-09,0.060966313299686395,05_Bloedel Re,47.71,-122.55
2026-05-10,0.06047908753526405,05_Bloedel Re,47.71,-122.55
2026-05-11,0.06028326570461341,05_Bloedel Re,47.71,-122.55
2026-05-12,0.04380758889260249,05_Bloedel Re,47.71,-122.55
2026-05-13,0.04011207541680603,05_Bloedel Re,47.71,-122.55
2026-05-14,0.04785002596526615,05_Bloedel Re,47.71,-122.55
2026-05-15,0.06128456336121161,05_Bloedel Re,47.71,-122.55
2026-05-16,0.06790989704116779,05_Bloedel Re,47.71,-122.55
2026-05-17,0.06380665182264726,05_Bloedel Re,47.71,-122.55
2026-05-18,0.061338309893029914,05_Bloedel Re,47.71,-122.55
2026-05-19,0.05274106481220795,05_Bloedel Re,47.71,-122.55
2026-05-20,0.05160432295696193,05_Bloedel Re,47.71,-122.55
2026-05-21,0.04608685638956062,05_Bloedel Re,47.71,-122.55
2026-05-22,0.05655388148829873,05_Bloedel Re,47.71,-122.55
2026-05-23,0.07148813599514293,05_Bloedel Re,47.71,-122.55
2026-05-24,0.06313885043414356,05_Bloedel Re,47.71,-122.55
2026-05-25,0.059458475993475104,05_Bloedel Re,47.71,-122.55
2026-05-26,0.05556269016432918,05_Bloedel Re,47.71,-122.55
2026-05-27,0.05262938522865308,05_Bloedel Re,47.71,-122.55
2026-05-28,0.04918438615530274,05_Bloedel Re,47.71,-122.55
2026-05-29,0.04634876216061819,05_Bloedel Re,47.71,-122.55
2026-05-30,0.055237794703425686,05_Bloedel Re,47.71,-122.55
2026-05-31,0.05277864588575173,05_Bloedel Re,47.71,-122.55
2026-06-01,0.058632564270189064,05_Bloedel Re,47.71,-122.55
2026-06-02,0.06676159828028759,05_Bloedel Re,47.71,-122.55
2026-06-03,0.06134917861321989,05_Bloedel Re,47.71,-122.55
2026-06-04,0.04893490338909833,05_Bloedel Re,47.71,-122.55
2026-06-05,0.043325302410888424,05_Bloedel Re,47.71,-122.55
2026-06-06,0.05820180016556209,05_Bloedel Re,47.71,-122.55
2026-06-07,0.0624611848376911,05_Bloedel Re,47.71,-122.55
2026-06-08,0.07243292869093698,05_Bloedel Re,47.71,-122.55
2026-06-09,0.06782076755809255,05_Bloedel Re,47.71,-122.55
2026-06-10,0.05735200339892709,05_Bloedel Re,47.71,-122.55
2026-06-11,0.04538958351749144,05_Bloedel Re,47.71,-122.55
2026-06-12,0.03980957443012592,05_Bloedel Re,47.71,-122.55
2026-06-13,0.055616014195166825,05_Bloedel Re,47.71,-122.55
2026-06-14,0.07435390978397549,05_Bloedel Re,47.71,-122.55
2026-06-15,0.09303953344717084,05_Bloedel Re,47.71,-122.55
2026-06-16,0.08298797401229446,05_Bloedel Re,47.71,-122.55
2026-06-17,0.0599360611726299,05_Bloedel Re,47.71,-122.55
2026-06-18,0.048901221926684814,05_Bloedel Re,47.71,-122.55
2026-06-19,0.03598880475077077,05_Bloedel Re,47.71,-122.55
2026-06-20,0.03587271783980755,05_Bloedel Re,47.71,-122.55
2026-06-21,0.043627128190507417,05_Bloedel Re,47.71,-122.55
2026-06-22,0.059370865191536934,05_Bloedel Re,47.71,-122.55
2026-06-23,0.08700590811635481,05_Bloedel Re,47.71,-122.55
2026-06-24,0.08595793238839958,05_Bloedel Re,47.71,-122.55
2026-06-25,0.06354017845991211,05_Bloedel Re,47.71,-122.55
2026-06-26,0.035443783815386584,05_Bloedel Re,47.71,-122.55
2026-06-27,0.028985609166084902,05_Bloedel Re,47.71,-122.55
2026-06-28,0.03234143282814749,05_Bloedel Re,47.71,-122.55
2026-06-29,0.043904194196563974,05_Bloedel Re,47.71,-122.55
2026-06-30,0.05096676667889639,05_Bloedel Re,47.71,-122.55
2026-07-01,0.05254199208604478,05_Bloedel Re,47.71,-122.55
2026-07-02,0.05351295583086406,05_Bloedel Re,47.71,-122.55
2026-07-03,0.04819045439702478,05_Bloedel Re,47.71,-122.55
2026-07-04,0.03245531175866142,05_Bloedel Re,47.71,-122.55
2026-07-05,0.026813549404344536,05_Bloedel Re,47.71,-122.55
2026-07-06,0.029555318301794843,05_Bloedel Re,47.71,-122.55
2026-07-07,0.049906879730626304,05_Bloedel Re,47.71,-122.55
2026-07-08,0.07225664243879873,05_Bloedel Re,47.71,-122.55
2026-07-09,0.07529574207269475,05_Bloedel Re,47.71,-122.55
2026-07-10,0.06710568931997661,05_Bloedel Re,47.71,-122.55
2026-07-11,0.05061777529309472,05_Bloedel Re,47.71,-122.55
2026-07-12,0.026638226514616076,05_Bloedel Re,47.71,-122.55
2026-07-13,0.02365175048374368,05_Bloedel Re,47.71,-122.55
2026-07-14,0.030720745606116887,05_Bloedel Re,47.71,-122.55
2026-07-15,0.046626197556367585,05_Bloedel Re,47.71,-122.55
2026-07-16,0.07440745575730846,05_Bloedel Re,47.71,-122.55
2026-07-17,0.07764673640609719,05_Bloedel Re,47.71,-122.55
2026-07-18,0.06779609932148101,05_Bloedel Re,47.71,-122.55
2026-07-19,0.04157920809015643,05_Bloedel Re,47.71,-122.55
2026-07-20,0.029543248369087793,05_Bloedel Re,47.71,-122.55
2026-07-21,0.025385939186063418,05_Bloedel Re,47.71,-122.55
2026-07-22,0.031371989346858406,05_Bloedel Re,47.71,-122.55
2026-07-23,0.052039601208749134,05_Bloedel Re,47.71,-122.55
2026-07-24,0.07886057871240448,05_Bloedel Re,47.71,-122.55
2026-07-25,0.07652584255186547,05_Bloedel Re,47.71,-122.55
2026-07-26,0.041936203313479976,05_Bloedel Re,47.71,-122.55
2026-07-27,0.0199777565690498,05_Bloedel Re,47.71,-122.55
2026-07-28,0.017958263425783952,05_Bloedel Re,47.71,-122.55
2026-07-29,0.02134830667990577,05_Bloedel Re,47.71,-122.55
2026-07-30,0.043524102478521745,05_Bloedel Re,47.71,-122.55
2026-07-31,0.0605657266132393,05_Bloedel Re,47.71,-122.55
2026-08-01,0.07377910704816577,05_Bloedel Re,47.71,-122.55
2026-08-02,0.05775951655555237,05_Bloedel Re,47.71,-122.55
2026-08-03,0.03031001694303949,05_Bloedel Re,47.71,-122.55
2026-08-04,0.023127493665126224,05_Bloedel Re,47.71,-122.55
2026-08-05,0.023520908462405576,05_Bloedel Re,47.71,-122.55
2026-08-06,0.05237600113817265,05_Bloedel Re,47.71,-122.55
2026-08-07,0.0841071314549307,05_Bloedel Re,47.71,-122.55
2026-08-08,0.07092905163755497,05_Bloedel Re,47.71,-122.55
2026-08-09,0.04130420791897932,05_Bloedel Re,47.71,-122.55
2026-08-10,0.024032579214313534,05_Bloedel Re,47.71,-122.55
2026-08-11,0.022849000600883334,05_Bloedel Re,47.71,-122.55
2026-08-12,0.02716967924077641,05_Bloedel Re,47.71,-122.55
2026-08-13,0.05271099382633116,05_Bloedel Re,47.71,-122.55
2026-08-14,0.07916489074776224,05_Bloedel Re,47.71,-122.55
2026-08-15,0.07157317882719309,05_Bloedel Re,47.71,-122.55
2026-08-16,0.03626280150788207,05_Bloedel Re,47.71,-122.55
2026-08-17,0.021519307479195893,05_Bloedel Re,47.71,-122.55
2026-08-18,0.01914773820799613,05_Bloedel Re,47.71,-122.55
2026-08-19,0.02180160789099314,05_Bloedel Re,47.71,-122.55
2026-08-20,0.05002686675033295,05_Bloedel Re,47.71,-122.55
2026-08-21,0.07688933424674574,05_Bloedel Re,47.71,-122.55
2026-08-22,0.07998052815517455,05_Bloedel Re,47.71,-122.55
2026-08-23,0.05463330213665036,05_Bloedel Re,47.71,-122.55
2026-08-24,0.03033823695576724,05_Bloedel Re,47.71,-122.55
2026-08-25,0.02306227555104426,05_Bloedel Re,47.71,-122.55
2026-08-26,0.025747694638323843,05_Bloedel Re,47.71,-122.55
2026-08-27,0.049866776399560525,05_Bloedel Re,47.71,-122.55
2026-08-28,0.07484189244484576,05_Bloedel Re,47.71,-122.55
2026-08-29,0.07507559883130276,05_Bloedel Re,47.71,-122.55
2026-08-30,0.05829566173822192,05_Bloedel Re,47.71,-122.55
2026-08-31,0.04022561027816007,05_Bloedel Re,47.71,-122.55
2026-09-01,0.038938414719859406,05_Bloedel Re,47.71,-122.55
2026-09-02,0.04765536321227177,05_Bloedel Re,47.71,-122.55
2026-09-03,0.06440174044927599,05_Bloedel Re,47.71,-122.55
2026-09-04,0.07900515454713296,05_Bloedel Re,47.71,-122.55
2026-09-05,0.0730341142840653,05_Bloedel Re,47.71,-122.55
2026-09-06,0.04921817250441144,05_Bloedel Re,47.71,-122.55
2026-09-07,0.04807928382820142,05_Bloedel Re,47.71,-122.55
2026-09-08,0.04171386612396817,05_Bloedel Re,47.71,-122.55
2026-09-09,0.04039322329119773,05_Bloedel Re,47.71,-122.55
2026-09-10,0.040915301975889565,05_Bloedel Re,47.71,-122.55
2026-09-11,0.05234301302831697,05_Bloedel Re,47.71,-122.55
2026-09-12,0.06065548519342302,05_Bloedel Re,47.71,-122.55
2026-09-13,0.0632577840014291,05_Bloedel Re,47.71,-122.55
2026-09-14,0.06717822377500494,05_Bloedel Re,47.71,-122.55
2026-09-15,0.08337736600700148,05_Bloedel Re,47.71,-122.55
2026-09-16,0.11029079478068612,05_Bloedel Re,47.71,-122.55
2026-09-17,0.09128954820530685,05_Bloedel Re,47.71,-122.55
2026-09-18,0.08312924047746068,05_Bloedel Re,47.71,-122.55
2026-09-19,0.057898224172958125,05_Bloedel Re,47.71,-122.55
2026-09-20,0.03800677377570241,05_Bloedel Re,47.71,-122.55
2026-09-21,0.09646809733827866,05_Bloedel Re,47.71,-122.55
2026-09-22,0.14970001929756488,05_Bloedel Re,47.71,-122.55
2026-09-23,0.14674464173809257,05_Bloedel Re,47.71,-122.55
2026-09-24,0.13460004151588936,05_Bloedel Re,47.71,-122.55
2026-09-25,0.10768278309320305,05_Bloedel Re,47.71,-122.55
2026-09-26,0.08416068289198207,05_Bloedel Re,47.71,-122.55
2026-09-27,0.07532489981017616,05_Bloedel Re,47.71,-122.55
2026-09-28,0.045968457680906384,05_Bloedel Re,47.71,-122.55
2026-09-29,0.037674549590148494,05_Bloedel Re,47.71,-122.55
2026-09-30,0.04899307298092416,05_Bloedel Re,47.71,-122.55
2026-10-01,0.05391650505569444,05_Bloedel Re,47.71,-122.55
2026-10-02,0.05497051753636527,05_Bloedel Re,47.71,-122.55
2026-10-03,0.04459327940030618,05_Bloedel Re,47.71,-122.55
2026-10-04,0.048447808399120516,05_Bloedel Re,47.71,-122.55
2026-10-05,0.034614051973036915,05_Bloedel Re,47.71,-122.55
2026-10-06,0.05963078887355647,05_Bloedel Re,47.71,-122.55
2026-10-07,0.08782364739389603,05_Bloedel Re,47.71,-122.55
2026-10-08,0.09937436403613248,05_Bloedel Re,47.71,-122.55
2026-10-09,0.10353112643928444,05_Bloedel Re,47.71,-122.55
2026-10-10,0.08607142573316899,05_Bloedel Re,47.71,-122.55
2026-10-11,0.07039417368192073,05_Bloedel Re,47.71,-122.55
2026-10-12,0.06516078622053573,05_Bloedel Re,47.71,-122.55
2026-10-13,0.08575321677683767,05_Bloedel Re,47.71,-122.55
2026-10-14,0.0949823318322224,05_Bloedel Re,47.71,-122.55
2026-10-15,0.09160936594975032,05_Bloedel Re,47.71,-122.55
2026-10-16,0.07072120395037779,05_Bloedel Re,47.71,-122.55
2026-10-17,0.0755591000719495,05_Bloedel Re,47.71,-122.55
2026-10-18,0.07999072937761288,05_Bloedel Re,47.71,-122.55
2026-10-19,0.05849480865451744,05_Bloedel Re,47.71,-122.55
2026-10-20,0.07922800898673751,05_Bloedel Re,47.71,-122.55
2026-10-21,0.08977532877718618,05_Bloedel Re,47.71,-122.55
2026-10-22,0.07678826781904972,05_Bloedel Re,47.71,-122.55
2026-10-23,0.05639045796447053,05_Bloedel Re,47.71,-122.55
2026-10-24,0.0706024535309761,05_Bloedel Re,47.71,-122.55
2026-10-25,0.07215010066495395,05_Bloedel Re,47.71,-122.55
2026-10-26,0.07713886468681856,05_Bloedel Re,47.71,-122.55
2026-10-27,0.06785604137885821,05_Bloedel Re,47.71,-122.55
2026-10-28,0.06723799790625587,05_Bloedel Re,47.71,-122.55
2026-10-29,0.055294790025074564,05_Bloedel Re,47.71,-122.55
2026-10-30,0.05606896937868339,05_Bloedel Re,47.71,-122.55
2026-10-31,0.0635477065616136,05_Bloedel Re,47.71,-122.55
2026-11-01,0.05857101696541555,05_Bloedel Re,47.71,-122.55
2026-11-02,0.05952817856417354,05_Bloedel Re,47.71,-122.55
2026-11-03,0.05298750099809357,05_Bloedel Re,47.71,-122.55
2026-11-04,0.044681758777923575,05_Bloedel Re,47.71,-122.55
2026-11-05,0.04777425564798658,05_Bloedel Re,47.71,-122.55
2026-11-06,0.04925808424982727,05_Bloedel Re,47.71,-122.55
2026-11-07,0.04555462916601108,05_Bloedel Re,47.71,-122.55
2026-11-08,0.046646279634219044,05_Bloedel Re,47.71,-122.55
2026-11-09,0.05554201651001574,05_Bloedel Re,47.71,-122.55
2026-11-10,0.050796633648406066,05_Bloedel Re,47.71,-122.55
2026-11-11,0.05560811231446424,05_Bloedel Re,47.71,-122.55
2026-11-12,0.059093937997594916,05_Bloedel Re,47.71,-122.55
2026-11-13,0.05623944932991678,05_Bloedel Re,47.71,-122.55
2026-11-14,0.053118204306751265,05_Bloedel Re,47.71,-122.55
2026-11-15,0.05785669638751439,05_Bloedel Re,47.71,-122.55
2026-11-16,0.06189179485306097,05_Bloedel Re,47.71,-122.55
2026-11-17,0.05972179698140323,05_Bloedel Re,47.71,-122.55
2026-11-18,0.058833234033053225,05_Bloedel Re,47.71,-122.55
2026-11-19,0.05692360037039312,05_Bloedel Re,47.71,-122.55
2026-11-20,0.05388585770654079,05_Bloedel Re,47.71,-122.55
2026-11-21,0.05029426795843074,05_Bloedel Re,47.71,-122.55
2026-11-22,0.05584571755009031,05_Bloedel Re,47.71,-122.55
2026-11-23,0.057427145622666265,05_Bloedel Re,47.71,-122.55
2026-11-24,0.05725771719862188,05_Bloedel Re,47.71,-122.55
2026-11-25,0.058282668759340316,05_Bloedel Re,47.71,-122.55
2026-11-26,0.05712112252910796,05_Bloedel Re,47.71,-122.55
2026-11-27,0.05612440032598514,05_Bloedel Re,47.71,-122.55
2026-11-28,0.06124599096426599,05_Bloedel Re,47.71,-122.55
2026-11-29,0.05913157864875962,05_Bloedel Re,47.71,-122.55
2026-11-30,0.060776400507558184,05_Bloedel Re,47.71,-122.55
2026-12-01,0.062188844358291966,05_Bloedel Re,47.71,-122.55
2026-12-02,0.06016234682778303,05_Bloedel Re,47.71,-122.55
2026-12-03,0.06157998411850194,05_Bloedel Re,47.71,-122.55
2026-12-04,0.05606223063247969,05_Bloedel Re,47.71,-122.55
2026-12-05,0.049644264516221955,05_Bloedel Re,47.71,-122.55
2026-12-06,0.05507613304391728,05_Bloedel Re,47.71,-122.55
2026-12-07,0.05675399860011325,05_Bloedel Re,47.71,-122.55
2026-12-08,0.062160927424611906,05_Bloedel Re,47.71,-122.55
2026-12-09,0.06470369109274003,05_Bloedel Re,47.71,-122.55
2026-12-10,0.060515513440822934,05_Bloedel Re,47.71,-122.55
2026-12-11,0.05860363738459289,05_Bloedel Re,47.71,-122.55
2026-12-12,0.05393643756116758,05_Bloedel Re,47.71,-122.55
2026-12-13,0.053314886637408805,05_Bloedel Re,47.71,-122.55
2026-12-14,0.054593052023713715,05_Bloedel Re,47.71,-122.55
2026-12-15,0.05352354310492989,05_Bloedel Re,47.71,-122.55
2026-12-16,0.05016461479651481,05_Bloedel Re,47.71,-122.55
2026-12-17,0.052999459207488234,05_Bloedel Re,47.71,-122.55
2026-12-18,0.04860219316557334,05_Bloedel Re,47.71,-122.55
2026-12-19,0.04596061920196065,05_Bloedel Re,47.71,-122.55
2026-12-20,0.05960041091109887,05_Bloedel Re,47.71,-122.55
2026-12-21,0.06155259911746158,05_Bloedel Re,47.71,-122.55
2026-12-22,0.05719590379795292,05_Bloedel Re,47.71,-122.55
2026-12-23,0.058452852718535585,05_Bloedel Re,47.71,-122.55
2026-12-24,0.058014006587318145,05_Bloedel Re,47.71,-122.55
2026-12-25,0.0580105160492651,05_Bloedel Re,47.71,-122.55
2026-12-26,0.04114613149947394,05_Bloedel Re,47.71,-122.55
2026-12-27,0.04297583026225816,05_Bloedel Re,47.71,-122.55
2026-12-28,0.04874894830240963,05_Bloedel Re,47.71,-122.55
2026-12-29,0.04312500828367722,05_Bloedel Re,47.71,-122.55
2026-12-30,0.04818997522597546,05_Bloedel Re,47.71,-122.55
2026-12-31,0.04275711157451128,05_Bloedel Re,47.71,-122.55
2027-01-01,0.04618522197396251,05_Bloedel Re,47.71,-122.55
2027-01-02,0.05052633416689285,05_Bloedel Re,47.71,-122.55
2027-01-03,0.05350444782815278,05_Bloedel Re,47.71,-122.55
2027-01-04,0.0498656955529757,05_Bloedel Re,47.71,-122.55
2027-01-05,0.05445535530250156,05_Bloedel Re,47.71,-122.55
2027-01-06,0.07972527161973854,05_Bloedel Re,47.71,-122.55
2027-01-07,0.10800161506803425,05_Bloedel Re,47.71,-122.55
2027-01-08,0.1148036619062087,05_Bloedel Re,47.71,-122.55
2027-01-09,0.12489362576883314,05_Bloedel Re,47.71,-122.55
2027-01-10,0.1220619452778971,05_Bloedel Re,47.71,-122.55
2027-01-11,0.12163308246723338,05_Bloedel Re,47.71,-122.55
2027-01-12,0.11943288954777037,05_Bloedel Re,47.71,-122.55
2027-01-13,0.09880598583176195,05_Bloedel Re,47.71,-122.55
2027-01-14,0.09252639919599773,05_Bloedel Re,47.71,-122.55
2027-01-15,0.1125447674455032,05_Bloedel Re,47.71,-122.55
2027-01-16,0.11714203664138563,05_Bloedel Re,47.71,-122.55
2027-01-17,0.12309709690698892,05_Bloedel Re,47.71,-122.55
2027-01-18,0.10161970301652239,05_Bloedel Re,47.71,-122.55
2027-01-19,0.10175397760403715,05_Bloedel Re,47.71,-122.55
2027-01-20,0.09420468238563709,05_Bloedel Re,47.71,-122.55
2027-01-21,0.08813652852754078,05_Bloedel Re,47.71,-122.55
2027-01-22,0.07489156794426637,05_Bloedel Re,47.71,-122.55
2027-01-23,0.06485959191400414,05_Bloedel Re,47.71,-122.55
2027-01-24,0.07591822517795199,05_Bloedel Re,47.71,-122.55
2027-01-25,0.06812101019795717,05_Bloedel Re,47.71,-122.55
2027-01-26,0.061496403318871,05_Bloedel Re,47.71,-122.55
2027-01-27,0.06401782970030698,05_Bloedel Re,47.71,-122.55
2027-01-28,0.05416608388818179,05_Bloedel Re,47.71,-122.55
2027-01-29,0.04995657175441366,05_Bloedel Re,47.71,-122.55
2027-01-30,0.051525449042796,05_Bloedel Re,47.71,-122.55
2027-01-31,0.05633401151373653,05_Bloedel Re,47.71,-122.55
2027-02-01,0.0559167424408062,05_Bloedel Re,47.71,-122.55
2027-02-02,0.05189435943129051,05_Bloedel Re,47.71,-122.55
2027-02-03,0.05499003780549499,05_Bloedel Re,47.71,-122.55
2027-02-04,0.0584034762226395,05_Bloedel Re,47.71,-122.55
2027-02-05,0.062037767248970296,05_Bloedel Re,47.71,-122.55
2027-02-06,0.06044474669007388,05_Bloedel Re,47.71,-122.55
2027-02-07,0.06088189353329535,05_Bloedel Re,47.71,-122.55
2027-02-08,0.06288444109311721,05_Bloedel Re,47.71,-122.55
2027-02-09,0.058384311943700515,05_Bloedel Re,47.71,-122.55
2027-02-10,0.062393210391577546,05_Bloedel Re,47.71,-122.55
2027-02-11,0.06219122163788071,05_Bloedel Re,47.71,-122.55
2027-02-12,0.05795091065973741,05_Bloedel Re,47.71,-122.55
2027-02-13,0.059046078807988754,05_Bloedel Re,47.71,-122.55
2027-02-14,0.05909966985358318,05_Bloedel Re,47.71,-122.55
2027-02-15,0.06136786743534115,05_Bloedel Re,47.71,-122.55
2027-02-16,0.060236362445574426,05_Bloedel Re,47.71,-122.55
2027-02-17,0.061432019878912066,05_Bloedel Re,47.71,-122.55
2027-02-18,0.06151065921339756,05_Bloedel Re,47.71,-122.55
2027-02-19,0.06041654992430783,05_Bloedel Re,47.71,-122.55
2027-02-20,0.05833061370037606,05_Bloedel Re,47.71,-122.55
2027-02-21,0.055935249301188206,05_Bloedel Re,47.71,-122.55
2027-02-22,0.059888886943758025,05_Bloedel Re,47.71,-122.55
2027-02-23,0.0592687028228804,05_Bloedel Re,47.71,-122.55
2027-02-24,0.057067539258738184,05_Bloedel Re,47.71,-122.55
2027-02-25,0.06148093749295422,05_Bloedel Re,47.71,-122.55
2027-02-26,0.06218087968698447,05_Bloedel Re,47.71,-122.55
2027-02-27,0.06165888698286643,05_Bloedel Re,47.71,-122.55
2026-03-10,0.09956860576164976,25_Holly Beac,47.56,-122.98
2026-03-11,0.2174186101528426,25_Holly Beac,47.56,-122.98
2026-03-12,0.26148509692335536,25_Holly Beac,47.56,-122.98
2026-03-13,0.23446807887001583,25_Holly Beac,47.56,-122.98
2026-03-14,0.25051166101751515,25_Holly Beac,47.56,-122.98
2026-03-15,0.2623159747428383,25_Holly Beac,47.56,-122.98
2026-03-16,0.20278227420692546,25_Holly Beac,47.56,-122.98
2026-03-17,0.17376472862206935,25_Holly Beac,47.56,-122.98
2026-03-18,0.1985836163688771,25_Holly Beac,47.56,-122.98
2026-03-19,0.21213471316709293,25_Holly Beac,47.56,-122.98
2026-03-20,0.1874340474963941,25_Holly Beac,47.56,-122.98
2026-03-21,0.1566175657981903,25_Holly Beac,47.56,-122.98
2026-03-22,0.15092619384482983,25_Holly Beac,47.56,-122.98
2026-03-23,0.17797345069442186,25_Holly Beac,47.56,-122.98
2026-03-24,0.22085440429733974,25_Holly Beac,47.56,-122.98
2026-03-25,0.18007168998774956,25_Holly Beac,47.56,-122.98
2026-03-26,0.14645853134482595,25_Holly Beac,47.56,-122.98
2026-03-27,0.11961936481036992,25_Holly Beac,47.56,-122.98
2026-03-28,0.1018955451284236,25_Holly Beac,47.56,-122.98
2026-03-29,0.126997259702877,25_Holly Beac,47.56,-122.98
2026-03-30,0.17399428673104714,25_Holly Beac,47.56,-122.98
2026-03-31,0.17928511495488117,25_Holly Beac,47.56,-122.98
2026-04-01,0.15014132813605752,25_Holly Beac,47.56,-122.98
2026-04-02,0.17327393345476697,25_Holly Beac,47.56,-122.98
2026-04-03,0.2076075304695358,25_Holly Beac,47.56,-122.98
2026-04-04,0.18236178183580437,25_Holly Beac,47.56,-122.98
2026-04-05,0.17137744593861365,25_Holly Beac,47.56,-122.98
2026-04-06,0.16381735397538352,25_Holly Beac,47.56,-122.98
2026-04-07,0.17882072137556862,25_Holly Beac,47.56,-122.98
2026-04-08,0.17009894949937274,25_Holly Beac,47.56,-122.98
2026-04-09,0.17481271671363896,25_Holly Beac,47.56,-122.98
2026-04-10,0.18455172592306276,25_Holly Beac,47.56,-122.98
2026-04-11,0.15833063888763388,25_Holly Beac,47.56,-122.98
2026-04-12,0.0854935700332283,25_Holly Beac,47.56,-122.98
2026-04-13,0.07991020447210385,25_Holly Beac,47.56,-122.98
2026-04-14,0.08934329761935304,25_Holly Beac,47.56,-122.98
2026-04-15,0.10424246186006135,25_Holly Beac,47.56,-122.98
2026-04-16,0.0960695058011379,25_Holly Beac,47.56,-122.98
2026-04-17,0.0955672886485456,25_Holly Beac,47.56,-122.98
2026-04-18,0.09729222257719056,25_Holly Beac,47.56,-122.98
2026-04-19,0.09138562267797488,25_Holly Beac,47.56,-122.98
2026-04-20,0.08666230766131935,25_Holly Beac,47.56,-122.98
2026-04-21,0.07209883286496131,25_Holly Beac,47.56,-122.98
2026-04-22,0.06819314077248655,25_Holly Beac,47.56,-122.98
2026-04-23,0.08032832103614042,25_Holly Beac,47.56,-122.98
2026-04-24,0.08406677477439278,25_Holly Beac,47.56,-122.98
2026-04-25,0.08281072900973226,25_Holly Beac,47.56,-122.98
2026-04-26,0.06470464894658297,25_Holly Beac,47.56,-122.98
2026-04-27,0.05407214344254804,25_Holly Beac,47.56,-122.98
2026-04-28,0.04218147212087048,25_Holly Beac,47.56,-122.98
2026-04-29,0.05066757866522462,25_Holly Beac,47.56,-122.98
2026-04-30,0.08057770525189507,25_Holly Beac,47.56,-122.98
2026-05-01,0.09132751531576173,25_Holly Beac,47.56,-122.98
2026-05-02,0.0857893383824402,25_Holly Beac,47.56,-122.98
2026-05-03,0.09238723603909531,25_Holly Beac,47.56,-122.98
2026-05-04,0.09040416240710145,25_Holly Beac,47.56,-122.98
2026-05-05,0.06957911627306007,25_Holly Beac,47.56,-122.98
2026-05-06,0.04413877756673133,25_Holly Beac,47.56,-122.98
2026-05-07,0.04508460852033358,25_Holly Beac,47.56,-122.98
2026-05-08,0.09502207811010796,25_Holly Beac,47.56,-122.98
2026-05-09,0.0992868398204728,25_Holly Beac,47.56,-122.98
2026-05-10,0.07092813811898457,25_Holly Beac,47.56,-122.98
2026-05-11,0.058254235597521076,25_Holly Beac,47.56,-122.98
2026-05-12,0.060322889676933,25_Holly Beac,47.56,-122.98
2026-05-13,0.08672234741796589,25_Holly Beac,47.56,-122.98
2026-05-14,0.1011445595980964,25_Holly Beac,47.56,-122.98
2026-05-15,0.08893420344908087,25_Holly Beac,47.56,-122.98
2026-05-16,0.06774161348716361,25_Holly Beac,47.56,-122.98
2026-05-17,0.061754702413984,25_Holly Beac,47.56,-122.98
2026-05-18,0.06448500160477283,25_Holly Beac,47.56,-122.98
2026-05-19,0.09178235593496396,25_Holly Beac,47.56,-122.98
2026-05-20,0.09516038755918178,25_Holly Beac,47.56,-122.98
2026-05-21,0.08300798148747857,25_Holly Beac,47.56,-122.98
2026-05-22,0.06255882905923282,25_Holly Beac,47.56,-122.98
2026-05-23,0.05201707775629208,25_Holly Beac,47.56,-122.98
2026-05-24,0.05948151298179735,25_Holly Beac,47.56,-122.98
2026-05-25,0.09354759135591766,25_Holly Beac,47.56,-122.98
2026-05-26,0.10723009761005405,25_Holly Beac,47.56,-122.98
2026-05-27,0.0913163159248895,25_Holly Beac,47.56,-122.98
2026-05-28,0.06725462604286228,25_Holly Beac,47.56,-122.98
2026-05-29,0.05637379270514946,25_Holly Beac,47.56,-122.98
2026-05-30,0.05500273160632733,25_Holly Beac,47.56,-122.98
2026-05-31,0.0642142817116863,25_Holly Beac,47.56,-122.98
2026-06-01,0.09234993113972077,25_Holly Beac,47.56,-122.98
2026-06-02,0.09810319909718782,25_Holly Beac,47.56,-122.98
2026-06-03,0.08064406016520291,25_Holly Beac,47.56,-122.98
2026-06-04,0.05961544893430257,25_Holly Beac,47.56,-122.98
2026-06-05,0.05169090056302813,25_Holly Beac,47.56,-122.98
2026-06-06,0.06305254101674261,25_Holly Beac,47.56,-122.98
2026-06-07,0.08882545172978534,25_Holly Beac,47.56,-122.98
2026-06-08,0.10426582307169882,25_Holly Beac,47.56,-122.98
2026-06-09,0.0887224959405734,25_Holly Beac,47.56,-122.98
2026-06-10,0.07022501750308016,25_Holly Beac,47.56,-122.98
2026-06-11,0.052381955916079456,25_Holly Beac,47.56,-122.98
2026-06-12,0.047909869047256685,25_Holly Beac,47.56,-122.98
2026-06-13,0.0501038289413843,25_Holly Beac,47.56,-122.98
2026-06-14,0.07417071861534376,25_Holly Beac,47.56,-122.98
2026-06-15,0.07446500029608996,25_Holly Beac,47.56,-122.98
2026-06-16,0.06897808882854338,25_Holly Beac,47.56,-122.98
2026-06-17,0.0600273690716573,25_Holly Beac,47.56,-122.98
2026-06-18,0.05349879200200926,25_Holly Beac,47.56,-122.98
2026-06-19,0.038172922972248814,25_Holly Beac,47.56,-122.98
2026-06-20,0.03867158650483428,25_Holly Beac,47.56,-122.98
2026-06-21,0.06019682328662743,25_Holly Beac,47.56,-122.98
2026-06-22,0.06886601813674992,25_Holly Beac,47.56,-122.98
2026-06-23,0.07805803465889244,25_Holly Beac,47.56,-122.98
2026-06-24,0.076562715048101,25_Holly Beac,47.56,-122.98
2026-06-25,0.045750589595795185,25_Holly Beac,47.56,-122.98
2026-06-26,0.037118205263171056,25_Holly Beac,47.56,-122.98
2026-06-27,0.03254413076047528,25_Holly Beac,47.56,-122.98
2026-06-28,0.037778981577143864,25_Holly Beac,47.56,-122.98
2026-06-29,0.05458056872955304,25_Holly Beac,47.56,-122.98
2026-06-30,0.06514814748916269,25_Holly Beac,47.56,-122.98
2026-07-01,0.06061857272650006,25_Holly Beac,47.56,-122.98
2026-07-02,0.04162384470566523,25_Holly Beac,47.56,-122.98
2026-07-03,0.026657514986432134,25_Holly Beac,47.56,-122.98
2026-07-04,0.0301049516670973,25_Holly Beac,47.56,-122.98
2026-07-05,0.050784929214854134,25_Holly Beac,47.56,-122.98
2026-07-06,0.06961045279688398,25_Holly Beac,47.56,-122.98
2026-07-07,0.0662731400543333,25_Holly Beac,47.56,-122.98
2026-07-08,0.052051953108561276,25_Holly Beac,47.56,-122.98
2026-07-09,0.03093632436124864,25_Holly Beac,47.56,-122.98
2026-07-10,0.027053326274283702,25_Holly Beac,47.56,-122.98
2026-07-11,0.03526372718357353,25_Holly Beac,47.56,-122.98
2026-07-12,0.050566274260389614,25_Holly Beac,47.56,-122.98
2026-07-13,0.06370090192882213,25_Holly Beac,47.56,-122.98
2026-07-14,0.060159680661101035,25_Holly Beac,47.56,-122.98
2026-07-15,0.04447117488481365,25_Holly Beac,47.56,-122.98
2026-07-16,0.02987681433175442,25_Holly Beac,47.56,-122.98
2026-07-17,0.027935144799444943,25_Holly Beac,47.56,-122.98
2026-07-18,0.03650911266174091,25_Holly Beac,47.56,-122.98
2026-07-19,0.058711298291384086,25_Holly Beac,47.56,-122.98
2026-07-20,0.08264374252441546,25_Holly Beac,47.56,-122.98
2026-07-21,0.07680537807773682,25_Holly Beac,47.56,-122.98
2026-07-22,0.05989960706527466,25_Holly Beac,47.56,-122.98
2026-07-23,0.03342015819641758,25_Holly Beac,47.56,-122.98
2026-07-24,0.025283721616720597,25_Holly Beac,47.56,-122.98
2026-07-25,0.03186868261202603,25_Holly Beac,47.56,-122.98
2026-07-26,0.05738005291499958,25_Holly Beac,47.56,-122.98
2026-07-27,0.08980080427355248,25_Holly Beac,47.56,-122.98
2026-07-28,0.08595511650709603,25_Holly Beac,47.56,-122.98
2026-07-29,0.04254758055252128,25_Holly Beac,47.56,-122.98
2026-07-30,0.02046811542099795,25_Holly Beac,47.56,-122.98
2026-07-31,0.020314153909302378,25_Holly Beac,47.56,-122.98
2026-08-01,0.034303623134669496,25_Holly Beac,47.56,-122.98
2026-08-02,0.05235821180662014,25_Holly Beac,47.56,-122.98
2026-08-03,0.07919439027392139,25_Holly Beac,47.56,-122.98
2026-08-04,0.08380044077892891,25_Holly Beac,47.56,-122.98
2026-08-05,0.07084631311302302,25_Holly Beac,47.56,-122.98
2026-08-06,0.03576940667908742,25_Holly Beac,47.56,-122.98
2026-08-07,0.028313568150283984,25_Holly Beac,47.56,-122.98
2026-08-08,0.03316258821467713,25_Holly Beac,47.56,-122.98
2026-08-09,0.06441851758612105,25_Holly Beac,47.56,-122.98
2026-08-10,0.09535531180769768,25_Holly Beac,47.56,-122.98
2026-08-11,0.09822028086223397,25_Holly Beac,47.56,-122.98
2026-08-12,0.07284839068567293,25_Holly Beac,47.56,-122.98
2026-08-13,0.03168466510824572,25_Holly Beac,47.56,-122.98
2026-08-14,0.02620511516937994,25_Holly Beac,47.56,-122.98
2026-08-15,0.03796207240974021,25_Holly Beac,47.56,-122.98
2026-08-16,0.05645921893437351,25_Holly Beac,47.56,-122.98
2026-08-17,0.07985611533838141,25_Holly Beac,47.56,-122.98
2026-08-18,0.0812090804073571,25_Holly Beac,47.56,-122.98
2026-08-19,0.07151312493466809,25_Holly Beac,47.56,-122.98
2026-08-20,0.04671624269739711,25_Holly Beac,47.56,-122.98
2026-08-21,0.027298832744640317,25_Holly Beac,47.56,-122.98
2026-08-22,0.025978621368223608,25_Holly Beac,47.56,-122.98
2026-08-23,0.03413599025308076,25_Holly Beac,47.56,-122.98
2026-08-24,0.0715051607939141,25_Holly Beac,47.56,-122.98
2026-08-25,0.11810456365481538,25_Holly Beac,47.56,-122.98
2026-08-26,0.1056311163004957,25_Holly Beac,47.56,-122.98
2026-08-27,0.058531879136247765,25_Holly Beac,47.56,-122.98
2026-08-28,0.04086382028329153,25_Holly Beac,47.56,-122.98
2026-08-29,0.032741814707465546,25_Holly Beac,47.56,-122.98
2026-08-30,0.0507661693933991,25_Holly Beac,47.56,-122.98
2026-08-31,0.08428624296440973,25_Holly Beac,47.56,-122.98
2026-09-01,0.09661832938423796,25_Holly Beac,47.56,-122.98
2026-09-02,0.08417703437068187,25_Holly Beac,47.56,-122.98
2026-09-03,0.0640390681481361,25_Holly Beac,47.56,-122.98
2026-09-04,0.05363821379921333,25_Holly Beac,47.56,-122.98
2026-09-05,0.04798662483469613,25_Holly Beac,47.56,-122.98
2026-09-06,0.04855633406574126,25_Holly Beac,47.56,-122.98
2026-09-07,0.08275676751080491,25_Holly Beac,47.56,-122.98
2026-09-08,0.08073423391672531,25_Holly Beac,47.56,-122.98
2026-09-09,0.073673194874005,25_Holly Beac,47.56,-122.98
2026-09-10,0.06633174292490714,25_Holly Beac,47.56,-122.98
2026-09-11,0.07601111694244424,25_Holly Beac,47.56,-122.98
2026-09-12,0.06575319567107639,25_Holly Beac,47.56,-122.98
2026-09-13,0.06718978616186035,25_Holly Beac,47.56,-122.98
2026-09-14,0.07795992751464334,25_Holly Beac,47.56,-122.98
2026-09-15,0.0805001914243031,25_Holly Beac,47.56,-122.98
2026-09-16,0.08070050676589394,25_Holly Beac,47.56,-122.98
2026-09-17,0.0748447582326965,25_Holly Beac,47.56,-122.98
2026-09-18,0.0678761926083644,25_Holly Beac,47.56,-122.98
2026-09-19,0.050628015848992944,25_Holly Beac,47.56,-122.98
2026-09-20,0.04004072543547221,25_Holly Beac,47.56,-122.98
2026-09-21,0.10426439166131629,25_Holly Beac,47.56,-122.98
2026-09-22,0.16173217372793888,25_Holly Beac,47.56,-122.98
2026-09-23,0.186650350603132,25_Holly Beac,47.56,-122.98
2026-09-24,0.16255935838982039,25_Holly Beac,47.56,-122.98
2026-09-25,0.14874987990890537,25_Holly Beac,47.56,-122.98
2026-09-26,0.12890196465267015,25_Holly Beac,47.56,-122.98
2026-09-27,0.1152809671921184,25_Holly Beac,47.56,-122.98
2026-09-28,0.08730812295527875,25_Holly Beac,47.56,-122.98
2026-09-29,0.07406210576140054,25_Holly Beac,47.56,-122.98
2026-09-30,0.08720713834427016,25_Holly Beac,47.56,-122.98
2026-10-01,0.11745428398893795,25_Holly Beac,47.56,-122.98
2026-10-02,0.12955289086203886,25_Holly Beac,47.56,-122.98
2026-10-03,0.11645618457397838,25_Holly Beac,47.56,-122.98
2026-10-04,0.11361942323457022,25_Holly Beac,47.56,-122.98
2026-10-05,0.08672123771621047,25_Holly Beac,47.56,-122.98
2026-10-06,0.12502306708243435,25_Holly Beac,47.56,-122.98
2026-10-07,0.17305409633468982,25_Holly Beac,47.56,-122.98
2026-10-08,0.17850769855097814,25_Holly Beac,47.56,-122.98
2026-10-09,0.1790574769497566,25_Holly Beac,47.56,-122.98
2026-10-10,0.16947472130774086,25_Holly Beac,47.56,-122.98
2026-10-11,0.1331143253087756,25_Holly Beac,47.56,-122.98
2026-10-12,0.12017393183972906,25_Holly Beac,47.56,-122.98
2026-10-13,0.14992609455830325,25_Holly Beac,47.56,-122.98
2026-10-14,0.17228103025490676,25_Holly Beac,47.56,-122.98
2026-10-15,0.18651923367198728,25_Holly Beac,47.56,-122.98
2026-10-16,0.19864272288545937,25_Holly Beac,47.56,-122.98
2026-10-17,0.19277816225177077,25_Holly Beac,47.56,-122.98
2026-10-18,0.17151831286907745,25_Holly Beac,47.56,-122.98
2026-10-19,0.1823611601027972,25_Holly Beac,47.56,-122.98
2026-10-20,0.21738505075003656,25_Holly Beac,47.56,-122.98
2026-10-21,0.2288764499952095,25_Holly Beac,47.56,-122.98
2026-10-22,0.2533310759471026,25_Holly Beac,47.56,-122.98
2026-10-23,0.24883428940170785,25_Holly Beac,47.56,-122.98
2026-10-24,0.2443802652978952,25_Holly Beac,47.56,-122.98
2026-10-25,0.23384955987415354,25_Holly Beac,47.56,-122.98
2026-10-26,0.32562784683328694,25_Holly Beac,47.56,-122.98
2026-10-27,0.3967441556803503,25_Holly Beac,47.56,-122.98
2026-10-28,0.420763807483651,25_Holly Beac,47.56,-122.98
2026-10-29,0.41170997290125044,25_Holly Beac,47.56,-122.98
2026-10-30,0.43447034383106536,25_Holly Beac,47.56,-122.98
2026-10-31,0.45465532535198494,25_Holly Beac,47.56,-122.98
2026-11-01,0.44111352548370114,25_Holly Beac,47.56,-122.98
2026-11-02,0.48530905707646876,25_Holly Beac,47.56,-122.98
2026-11-03,0.49667298960410833,25_Holly Beac,47.56,-122.98
2026-11-04,0.45072142959709277,25_Holly Beac,47.56,-122.98
2026-11-05,0.3892512539828851,25_Holly Beac,47.56,-122.98
2026-11-06,0.34744617328619226,25_Holly Beac,47.56,-122.98
2026-11-07,0.3377422229238716,25_Holly Beac,47.56,-122.98
2026-11-08,0.35583222358305633,25_Holly Beac,47.56,-122.98
2026-11-09,0.4550822834934779,25_Holly Beac,47.56,-122.98
2026-11-10,0.40701250798100047,25_Holly Beac,47.56,-122.98
2026-11-11,0.44700422255132305,25_Holly Beac,47.56,-122.98
2026-11-12,0.45850033822667485,25_Holly Beac,47.56,-122.98
2026-11-13,0.4939102622626833,25_Holly Beac,47.56,-122.98
2026-11-14,0.5512544628090921,25_Holly Beac,47.56,-122.98
2026-11-15,0.3753679360883745,25_Holly Beac,47.56,-122.98
2026-11-16,0.39470072151733426,25_Holly Beac,47.56,-122.98
2026-11-17,0.4466375319371022,25_Holly Beac,47.56,-122.98
2026-11-18,0.49270591460471747,25_Holly Beac,47.56,-122.98
2026-11-19,0.46482186150275046,25_Holly Beac,47.56,-122.98
2026-11-20,0.43962370404921597,25_Holly Beac,47.56,-122.98
2026-11-21,0.3743032104095146,25_Holly Beac,47.56,-122.98
2026-11-22,0.3106243127841339,25_Holly Beac,47.56,-122.98
2026-11-23,0.35365978251370905,25_Holly Beac,47.56,-122.98
2026-11-24,0.43314246499710585,25_Holly Beac,47.56,-122.98
2026-11-25,0.4247699474924212,25_Holly Beac,47.56,-122.98
2026-11-26,0.3763482792226493,25_Holly Beac,47.56,-122.98
2026-11-27,0.331564976109539,25_Holly Beac,47.56,-122.98
2026-11-28,0.32908481234827847,25_Holly Beac,47.56,-122.98
2026-11-29,0.3537583614185639,25_Holly Beac,47.56,-122.98
2026-11-30,0.4640873334756625,25_Holly Beac,47.56,-122.98
2026-12-01,0.433759001330387,25_Holly Beac,47.56,-122.98
2026-12-02,0.39054792297976754,25_Holly Beac,47.56,-122.98
2026-12-03,0.33775664335721306,25_Holly Beac,47.56,-122.98
2026-12-04,0.33134397821896333,25_Holly Beac,47.56,-122.98
2026-12-05,0.34021952704224495,25_Holly Beac,47.56,-122.98
2026-12-06,0.38019810095091977,25_Holly Beac,47.56,-122.98
2026-12-07,0.44553037011105623,25_Holly Beac,47.56,-122.98
2026-12-08,0.45947915001559375,25_Holly Beac,47.56,-122.98
2026-12-09,0.4992211942291059,25_Holly Beac,47.56,-122.98
2026-12-10,0.45961378263834163,25_Holly Beac,47.56,-122.98
2026-12-11,0.45997033387262387,25_Holly Beac,47.56,-122.98
2026-12-12,0.4542077540656135,25_Holly Beac,47.56,-122.98
2026-12-13,0.4071734547810824,25_Holly Beac,47.56,-122.98
2026-12-14,0.3749656717182477,25_Holly Beac,47.56,-122.98
2026-12-15,0.27046419793598125,25_Holly Beac,47.56,-122.98
2026-12-16,0.307300702535951,25_Holly Beac,47.56,-122.98
2026-12-17,0.36664573236796094,25_Holly Beac,47.56,-122.98
2026-12-18,0.3781293327783705,25_Holly Beac,47.56,-122.98
2026-12-19,0.37059303661342924,25_Holly Beac,47.56,-122.98
2026-12-20,0.45520528511272446,25_Holly Beac,47.56,-122.98
2026-12-21,0.49838904954683105,25_Holly Beac,47.56,-122.98
2026-12-22,0.48199792910033534,25_Holly Beac,47.56,-122.98
2026-12-23,0.5023774903442306,25_Holly Beac,47.56,-122.98
2026-12-24,0.42954450207048284,25_Holly Beac,47.56,-122.98
2026-12-25,0.39727500181401293,25_Holly Beac,47.56,-122.98
2026-12-26,0.4379172889078102,25_Holly Beac,47.56,-122.98
2026-12-27,0.35148760660220724,25_Holly Beac,47.56,-122.98
2026-12-28,0.27974426640498357,25_Holly Beac,47.56,-122.98
2026-12-29,0.2568671200867722,25_Holly Beac,47.56,-122.98
2026-12-30,0.25632295559214024,25_Holly Beac,47.56,-122.98
2026-12-31,0.2588643840357359,25_Holly Beac,47.56,-122.98
2027-01-01,0.272155177703493,25_Holly Beac,47.56,-122.98
2027-01-02,0.3690537527655892,25_Holly Beac,47.56,-122.98
2027-01-03,0.3665405315185955,25_Holly Beac,47.56,-122.98
2027-01-04,0.4140428236852596,25_Holly Beac,47.56,-122.98
2027-01-05,0.6013759564726094,25_Holly Beac,47.56,-122.98
2027-01-06,0.653949063908882,25_Holly Beac,47.56,-122.98
2027-01-07,0.582787205716244,25_Holly Beac,47.56,-122.98
2027-01-08,0.4620246697423139,25_Holly Beac,47.56,-122.98
2027-01-09,0.40707445304868656,25_Holly Beac,47.56,-122.98
2027-01-10,0.41990019526137773,25_Holly Beac,47.56,-122.98
2027-01-11,0.4583833782918811,25_Holly Beac,47.56,-122.98
2027-01-12,0.4584047707851153,25_Holly Beac,47.56,-122.98
2027-01-13,0.510162390524273,25_Holly Beac,47.56,-122.98
2027-01-14,0.41400192457185797,25_Holly Beac,47.56,-122.98
2027-01-15,0.31627435631508055,25_Holly Beac,47.56,-122.98
2027-01-16,0.3287728206710119,25_Holly Beac,47.56,-122.98
2027-01-17,0.4005602621729297,25_Holly Beac,47.56,-122.98
2027-01-18,0.42756793085429545,25_Holly Beac,47.56,-122.98
2027-01-19,0.4202909590637396,25_Holly Beac,47.56,-122.98
2027-01-20,0.6214674343289438,25_Holly Beac,47.56,-122.98
2027-01-21,0.4556751216318311,25_Holly Beac,47.56,-122.98
2027-01-22,0.3828965161847136,25_Holly Beac,47.56,-122.98
2027-01-23,0.32725772297760586,25_Holly Beac,47.56,-122.98
2027-01-24,0.3436968162610872,25_Holly Beac,47.56,-122.98
2027-01-25,0.4279256251118786,25_Holly Beac,47.56,-122.98
2027-01-26,0.4575170211510198,25_Holly Beac,47.56,-122.98
2027-01-27,0.48222613037542167,25_Holly Beac,47.56,-122.98
2027-01-28,0.4578727540907721,25_Holly Beac,47.56,-122.98
2027-01-29,0.4052198128077554,25_Holly Beac,47.56,-122.98
2027-01-30,0.30316250168998554,25_Holly Beac,47.56,-122.98
2027-01-31,0.3045024977784152,25_Holly Beac,47.56,-122.98
2027-02-01,0.2879089356348121,25_Holly Beac,47.56,-122.98
2027-02-02,0.3336059567771024,25_Holly Beac,47.56,-122.98
2027-02-03,0.37291303653503616,25_Holly Beac,47.56,-122.98
2027-02-04,0.30909607802816397,25_Holly Beac,47.56,-122.98
2027-02-05,0.2807671963670517,25_Holly Beac,47.56,-122.98
2027-02-06,0.24488004506106803,25_Holly Beac,47.56,-122.98
2027-02-07,0.1866752461234481,25_Holly Beac,47.56,-122.98
2027-02-08,0.15882764348011943,25_Holly Beac,47.56,-122.98
2027-02-09,0.14510905063311183,25_Holly Beac,47.56,-122.98
2027-02-10,0.17954731325997672,25_Holly Beac,47.56,-122.98
2027-02-11,0.17658630829169805,25_Holly Beac,47.56,-122.98
2027-02-12,0.1792968264537062,25_Holly Beac,47.56,-122.98
2027-02-13,0.21337452811870455,25_Holly Beac,47.56,-122.98
2027-02-14,0.23620342291375426,25_Holly Beac,47.56,-122.98
2027-02-15,0.2415079341874059,25_Holly Beac,47.56,-122.98
2027-02-16,0.2766833815453999,25_Holly Beac,47.56,-122.98
2027-02-17,0.33835290434855164,25_Holly Beac,47.56,-122.98
2027-02-18,0.3421110719629679,25_Holly Beac,47.56,-122.98
2027-02-19,0.33867255242639316,25_Holly Beac,47.56,-122.98
2027-02-20,0.3255788437443371,25_Holly Beac,47.56,-122.98
2027-02-21,0.3119290338007761,25_Holly Beac,47.56,-122.98
2027-02-22,0.3156001917456932,25_Holly Beac,47.56,-122.98
2027-02-23,0.35215140303221226,25_Holly Beac,47.56,-122.98
2027-02-24,0.3616107566579635,25_Holly Beac,47.56,-122.98
2027-02-25,0.3461959332701186,25_Holly Beac,47.56,-122.98
2027-02-26,0.3301263539119092,25_Holly Beac,47.56,-122.98
2027-02-27,0.4079031084418198,25_Holly Beac,47.56,-122.98
2027-02-28,0.39490764387718946,25_Holly Beac,47.56,-122.98
2027-03-01,0.3821400343996353,25_Holly Beac,47.56,-122.98
2027-03-02,0.4428995651815218,25_Holly Beac,47.56,-122.98
2027-03-03,0.4209540291923191,25_Holly Beac,47.56,-122.98
2027-03-04,0.3316810554291323,25_Holly Beac,47.56,-122.98
2027-03-05,0.2884722559409024,25_Holly Beac,47.56,-122.98
2027-03-06,0.2942931080744458,25_Holly Beac,47.56,-122.98
2027-03-07,0.3907648157514588,25_Holly Beac,47.56,-122.98
2027-03-08,0.4126816159499801,25_Holly Beac,47.56,-122.98
2027-03-09,0.4126323301377939,25_Holly Beac,47.56,-122.98
2026-02-28,0.08156035756841586,26_Illahee -,47.62,-122.6
2026-03-01,0.16172373235117005,26_Illahee -,47.62,-122.6
2026-03-02,0.15845821111623032,26_Illahee -,47.62,-122.6
2026-03-03,0.1356918115729866,26_Illahee -,47.62,-122.6
2026-03-04,0.11538829249562178,26_Illahee -,47.62,-122.6
2026-03-05,0.09695060414020029,26_Illahee -,47.62,-122.6
2026-03-06,0.10091235945165654,26_Illahee -,47.62,-122.6
2026-03-07,0.12242835893979075,26_Illahee -,47.62,-122.6
2026-03-08,0.11758752046347541,26_Illahee -,47.62,-122.6
2026-03-09,0.11986427837477713,26_Illahee -,47.62,-122.6
2026-03-10,0.11758631433161834,26_Illahee -,47.62,-122.6
2026-03-11,0.09841686474844445,26_Illahee -,47.62,-122.6
2026-03-12,0.09326490060618739,26_Illahee -,47.62,-122.6
2026-03-13,0.11788241110669082,26_Illahee -,47.62,-122.6
2026-03-14,0.12967949830396755,26_Illahee -,47.62,-122.6
2026-03-15,0.11796488837881584,26_Illahee -,47.62,-122.6
2026-03-16,0.09079760456361706,26_Illahee -,47.62,-122.6
2026-03-17,0.0944317665171022,26_Illahee -,47.62,-122.6
2026-03-18,0.11271468519184481,26_Illahee -,47.62,-122.6
2026-03-19,0.12088691277593208,26_Illahee -,47.62,-122.6
2026-03-20,0.11949605706932152,26_Illahee -,47.62,-122.6
2026-03-21,0.09287591197289381,26_Illahee -,47.62,-122.6
2026-03-22,0.09966967722395756,26_Illahee -,47.62,-122.6
2026-03-23,0.11655842977580233,26_Illahee -,47.62,-122.6
2026-03-24,0.11373239973663875,26_Illahee -,47.62,-122.6
2026-03-25,0.08427865057020208,26_Illahee -,47.62,-122.6
2026-03-26,0.06938731217582877,26_Illahee -,47.62,-122.6
2026-03-27,0.06873747471877047,26_Illahee -,47.62,-122.6
2026-03-28,0.09514423520508003,26_Illahee -,47.62,-122.6
2026-03-29,0.10319361701596914,26_Illahee -,47.62,-122.6
2026-03-30,0.10194723185833696,26_Illahee -,47.62,-122.6
2026-03-31,0.09950966260743341,26_Illahee -,47.62,-122.6
2026-04-01,0.08001290874792787,26_Illahee -,47.62,-122.6
2026-04-02,0.0827621956825909,26_Illahee -,47.62,-122.6
2026-04-03,0.0986761117960377,26_Illahee -,47.62,-122.6
2026-04-04,0.08629037885803578,26_Illahee -,47.62,-122.6
2026-04-05,0.08643274983757677,26_Illahee -,47.62,-122.6
2026-04-06,0.10092325055920183,26_Illahee -,47.62,-122.6
2026-04-07,0.09007437080799055,26_Illahee -,47.62,-122.6
2026-04-08,0.08209751634426257,26_Illahee -,47.62,-122.6
2026-04-09,0.09022865427947427,26_Illahee -,47.62,-122.6
2026-04-10,0.08257088202241786,26_Illahee -,47.62,-122.6
2026-04-11,0.09151021617699875,26_Illahee -,47.62,-122.6
2026-04-12,0.06859099442865466,26_Illahee -,47.62,-122.6
2026-04-13,0.06873685098249262,26_Illahee -,47.62,-122.6
2026-04-14,0.07172509821139436,26_Illahee -,47.62,-122.6
2026-04-15,0.07024860972577703,26_Illahee -,47.62,-122.6
2026-04-16,0.0758628939644217,26_Illahee -,47.62,-122.6
2026-04-17,0.06869122809207927,26_Illahee -,47.62,-122.6
2026-04-18,0.07726154076545107,26_Illahee -,47.62,-122.6
2026-04-19,0.062320524962463195,26_Illahee -,47.62,-122.6
2026-04-20,0.0646350102117862,26_Illahee -,47.62,-122.6
2026-04-21,0.06158124093250462,26_Illahee -,47.62,-122.6
2026-04-22,0.06853320598659259,26_Illahee -,47.62,-122.6
2026-04-23,0.058745852388401236,26_Illahee -,47.62,-122.6
2026-04-24,0.05778959720050257,26_Illahee -,47.62,-122.6
2026-04-25,0.06003735175417939,26_Illahee -,47.62,-122.6
2026-04-26,0.055946138336113525,26_Illahee -,47.62,-122.6
2026-04-27,0.061099500219821516,26_Illahee -,47.62,-122.6
2026-04-28,0.057681053380309044,26_Illahee -,47.62,-122.6
2026-04-29,0.055020226831510116,26_Illahee -,47.62,-122.6
2026-04-30,0.05895577910853615,26_Illahee -,47.62,-122.6
2026-05-01,0.064281735531255,26_Illahee -,47.62,-122.6
2026-05-02,0.06482945781424479,26_Illahee -,47.62,-122.6
2026-05-03,0.06100986920802327,26_Illahee -,47.62,-122.6
2026-05-04,0.07781914341443008,26_Illahee -,47.62,-122.6
2026-05-05,0.06828193855884926,26_Illahee -,47.62,-122.6
2026-05-06,0.061222790051055874,26_Illahee -,47.62,-122.6
2026-05-07,0.04685520865951057,26_Illahee -,47.62,-122.6
2026-05-08,0.04581089388170722,26_Illahee -,47.62,-122.6
2026-05-09,0.06108024001894691,26_Illahee -,47.62,-122.6
2026-05-10,0.0676256192279721,26_Illahee -,47.62,-122.6
2026-05-11,0.0828245611892747,26_Illahee -,47.62,-122.6
2026-05-12,0.07607135544708431,26_Illahee -,47.62,-122.6
2026-05-13,0.06960930785529792,26_Illahee -,47.62,-122.6
2026-05-14,0.06381056277173403,26_Illahee -,47.62,-122.6
2026-05-15,0.061788463701770054,26_Illahee -,47.62,-122.6
2026-05-16,0.050350291176335236,26_Illahee -,47.62,-122.6
2026-05-17,0.046206996685415475,26_Illahee -,47.62,-122.6
2026-05-18,0.06770979229612538,26_Illahee -,47.62,-122.6
2026-05-19,0.07014533994221923,26_Illahee -,47.62,-122.6
2026-05-20,0.07009365361483912,26_Illahee -,47.62,-122.6
2026-05-21,0.05642568997054778,26_Illahee -,47.62,-122.6
2026-05-22,0.05288895861894716,26_Illahee -,47.62,-122.6
2026-05-23,0.051125728461040854,26_Illahee -,47.62,-122.6
2026-05-24,0.05880911345896742,26_Illahee -,47.62,-122.6
2026-05-25,0.07155731030479502,26_Illahee -,47.62,-122.6
2026-05-26,0.06817760903971012,26_Illahee -,47.62,-122.6
2026-05-27,0.06670034115200878,26_Illahee -,47.62,-122.6
2026-05-28,0.05680624452742664,26_Illahee -,47.62,-122.6
2026-05-29,0.056284010330618896,26_Illahee -,47.62,-122.6
2026-05-30,0.0532319572696513,26_Illahee -,47.62,-122.6
2026-05-31,0.0525405138775861,26_Illahee -,47.62,-122.6
2026-06-01,0.05512139050308516,26_Illahee -,47.62,-122.6
2026-06-02,0.06344317823092696,26_Illahee -,47.62,-122.6
2026-06-03,0.06386433800867078,26_Illahee -,47.62,-122.6
2026-06-04,0.06449572953472243,26_Illahee -,47.62,-122.6
2026-06-05,0.06609633494825302,26_Illahee -,47.62,-122.6
2026-06-06,0.06704585175053583,26_Illahee -,47.62,-122.6
2026-06-07,0.06044197937953992,26_Illahee -,47.62,-122.6
2026-06-08,0.06160429307995068,26_Illahee -,47.62,-122.6
2026-06-09,0.062360555338612345,26_Illahee -,47.62,-122.6
2026-06-10,0.06261331298242935,26_Illahee -,47.62,-122.6
2026-06-11,0.060961663892613316,26_Illahee -,47.62,-122.6
2026-06-12,0.052640996235463304,26_Illahee -,47.62,-122.6
2026-06-13,0.049194434157354854,26_Illahee -,47.62,-122.6
2026-06-14,0.050411761669230296,26_Illahee -,47.62,-122.6
2026-06-15,0.05720627830780226,26_Illahee -,47.62,-122.6
2026-06-16,0.05086879170794635,26_Illahee -,47.62,-122.6
2026-06-17,0.044864413372582304,26_Illahee -,47.62,-122.6
2026-06-18,0.04309867098029436,26_Illahee -,47.62,-122.6
2026-06-19,0.0376785207547988,26_Illahee -,47.62,-122.6
2026-06-20,0.03511285746612177,26_Illahee -,47.62,-122.6
2026-06-21,0.03591322763587871,26_Illahee -,47.62,-122.6
2026-06-22,0.04850811076068267,26_Illahee -,47.62,-122.6
2026-06-23,0.05425238927378038,26_Illahee -,47.62,-122.6
2026-06-24,0.051696073389944835,26_Illahee -,47.62,-122.6
2026-06-25,0.0344683219350217,26_Illahee -,47.62,-122.6
2026-06-26,0.030267411681419002,26_Illahee -,47.62,-122.6
2026-06-27,0.035209836775486475,26_Illahee -,47.62,-122.6
2026-06-28,0.05040667321701529,26_Illahee -,47.62,-122.6
2026-06-29,0.05383016020736442,26_Illahee -,47.62,-122.6
2026-06-30,0.047997946627528466,26_Illahee -,47.62,-122.6
2026-07-01,0.03562302332506253,26_Illahee -,47.62,-122.6
2026-07-02,0.025191642175480106,26_Illahee -,47.62,-122.6
2026-07-03,0.023142695406906867,26_Illahee -,47.62,-122.6
2026-07-04,0.03336785695817502,26_Illahee -,47.62,-122.6
2026-07-05,0.046170378575198574,26_Illahee -,47.62,-122.6
2026-07-06,0.056315270313942324,26_Illahee -,47.62,-122.6
2026-07-07,0.0581451487294573,26_Illahee -,47.62,-122.6
2026-07-08,0.056990254888327985,26_Illahee -,47.62,-122.6
2026-07-09,0.03971478221272982,26_Illahee -,47.62,-122.6
2026-07-10,0.030261271718260353,26_Illahee -,47.62,-122.6
2026-07-11,0.03199810022386927,26_Illahee -,47.62,-122.6
2026-07-12,0.03741466599325651,26_Illahee -,47.62,-122.6
2026-07-13,0.04613957134975325,26_Illahee -,47.62,-122.6
2026-07-14,0.04857360077508017,26_Illahee -,47.62,-122.6
2026-07-15,0.04947529323245417,26_Illahee -,47.62,-122.6
2026-07-16,0.04835658615013438,26_Illahee -,47.62,-122.6
2026-07-17,0.034004865802660406,26_Illahee -,47.62,-122.6
2026-07-18,0.025256512855915826,26_Illahee -,47.62,-122.6
2026-07-19,0.03223055605295522,26_Illahee -,47.62,-122.6
2026-07-20,0.05509155665213764,26_Illahee -,47.62,-122.6
2026-07-21,0.0606510438312093,26_Illahee -,47.62,-122.6
2026-07-22,0.061573809222722604,26_Illahee -,47.62,-122.6
2026-07-23,0.059058975828114174,26_Illahee -,47.62,-122.6
2026-07-24,0.036409826483089366,26_Illahee -,47.62,-122.6
2026-07-25,0.02431225955753591,26_Illahee -,47.62,-122.6
2026-07-26,0.019256093589533976,26_Illahee -,47.62,-122.6
2026-07-27,0.03027618814628965,26_Illahee -,47.62,-122.6
2026-07-28,0.052851311767108465,26_Illahee -,47.62,-122.6
2026-07-29,0.059015814708696115,26_Illahee -,47.62,-122.6
2026-07-30,0.0572365733033544,26_Illahee -,47.62,-122.6
2026-07-31,0.030623933345436276,26_Illahee -,47.62,-122.6
2026-08-01,0.02872810302803899,26_Illahee -,47.62,-122.6
2026-08-02,0.02390639123338289,26_Illahee -,47.62,-122.6
2026-08-03,0.03166691558545218,26_Illahee -,47.62,-122.6
2026-08-04,0.05643164150164967,26_Illahee -,47.62,-122.6
2026-08-05,0.06651915520134512,26_Illahee -,47.62,-122.6
2026-08-06,0.07124188282167947,26_Illahee -,47.62,-122.6
2026-08-07,0.06582643066966078,26_Illahee -,47.62,-122.6
2026-08-08,0.04181572753745543,26_Illahee -,47.62,-122.6
2026-08-09,0.033194360846453656,26_Illahee -,47.62,-122.6
2026-08-10,0.027936655314549808,26_Illahee -,47.62,-122.6
2026-08-11,0.0294758443547842,26_Illahee -,47.62,-122.6
2026-08-12,0.05391890422795362,26_Illahee -,47.62,-122.6
2026-08-13,0.07220186707872252,26_Illahee -,47.62,-122.6
2026-08-14,0.07369921252388897,26_Illahee -,47.62,-122.6
2026-08-15,0.058466748300113947,26_Illahee -,47.62,-122.6
2026-08-16,0.023086715108864016,26_Illahee -,47.62,-122.6
2026-08-17,0.029031797273638884,26_Illahee -,47.62,-122.6
2026-08-18,0.05440257355842086,26_Illahee -,47.62,-122.6
2026-08-19,0.07195000512147887,26_Illahee -,47.62,-122.6
2026-08-20,0.06981777722204659,26_Illahee -,47.62,-122.6
2026-08-21,0.050144658927435456,26_Illahee -,47.62,-122.6
2026-08-22,0.027117445939696002,26_Illahee -,47.62,-122.6
2026-08-23,0.02291822649740215,26_Illahee -,47.62,-122.6
2026-08-24,0.033717771345256005,26_Illahee -,47.62,-122.6
2026-08-25,0.0616664620460762,26_Illahee -,47.62,-122.6
2026-08-26,0.07736047818064914,26_Illahee -,47.62,-122.6
2026-08-27,0.07382800750297275,26_Illahee -,47.62,-122.6
2026-08-28,0.06400110048352123,26_Illahee -,47.62,-122.6
2026-08-29,0.04102524284103733,26_Illahee -,47.62,-122.6
2026-08-30,0.032409388213163325,26_Illahee -,47.62,-122.6
2026-08-31,0.04584009997595608,26_Illahee -,47.62,-122.6
2026-09-01,0.06091546016932692,26_Illahee -,47.62,-122.6
2026-09-02,0.08082420279983558,26_Illahee -,47.62,-122.6
2026-09-03,0.07723533523471131,26_Illahee -,47.62,-122.6
2026-09-04,0.08533943261835938,26_Illahee -,47.62,-122.6
2026-09-05,0.07114557929295726,26_Illahee -,47.62,-122.6
2026-09-06,0.043913744921304954,26_Illahee -,47.62,-122.6
2026-09-07,0.04896420156485929,26_Illahee -,47.62,-122.6
2026-09-08,0.05039760813013218,26_Illahee -,47.62,-122.6
2026-09-09,0.051377001680553584,26_Illahee -,47.62,-122.6
2026-09-10,0.05939791217290281,26_Illahee -,47.62,-122.6
2026-09-11,0.057918531843706274,26_Illahee -,47.62,-122.6
2026-09-12,0.04320150749609099,26_Illahee -,47.62,-122.6
2026-09-13,0.0563815959717424,26_Illahee -,47.62,-122.6
2026-09-14,0.07798906418640088,26_Illahee -,47.62,-122.6
2026-09-15,0.08879315477705009,26_Illahee -,47.62,-122.6
2026-09-16,0.09390109331714067,26_Illahee -,47.62,-122.6
2026-09-17,0.07870858965737641,26_Illahee -,47.62,-122.6
2026-09-18,0.06451380814590248,26_Illahee -,47.62,-122.6
2026-09-19,0.04917655124110904,26_Illahee -,47.62,-122.6
2026-09-20,0.03825185756431636,26_Illahee -,47.62,-122.6
2026-09-21,0.09935680916074527,26_Illahee -,47.62,-122.6
2026-09-22,0.18408936840660267,26_Illahee -,47.62,-122.6
2026-09-23,0.1783379311064372,26_Illahee -,47.62,-122.6
2026-09-24,0.1424099857938076,26_Illahee -,47.62,-122.6
2026-09-25,0.1082383291623862,26_Illahee -,47.62,-122.6
2026-09-26,0.0818791823929165,26_Illahee -,47.62,-122.6
2026-09-27,0.08441026936620248,26_Illahee -,47.62,-122.6
2026-09-28,0.0869536490356447,26_Illahee -,47.62,-122.6
2026-09-29,0.07718145113247005,26_Illahee -,47.62,-122.6
2026-09-30,0.06920733836978842,26_Illahee -,47.62,-122.6
2026-10-01,0.07725153780303899,26_Illahee -,47.62,-122.6
2026-10-02,0.07436738635455639,26_Illahee -,47.62,-122.6
2026-10-03,0.049083756285765445,26_Illahee -,47.62,-122.6
2026-10-04,0.06351079859592822,26_Illahee -,47.62,-122.6
2026-10-05,0.07646130521283068,26_Illahee -,47.62,-122.6
2026-10-06,0.11125538199694862,26_Illahee -,47.62,-122.6
2026-10-07,0.11887004041185285,26_Illahee -,47.62,-122.6
2026-10-08,0.11965116209129835,26_Illahee -,47.62,-122.6
2026-10-09,0.12336167248156199,26_Illahee -,47.62,-122.6
2026-10-10,0.10872864229740267,26_Illahee -,47.62,-122.6
2026-10-11,0.08441042518782821,26_Illahee -,47.62,-122.6
2026-10-12,0.0800953774052059,26_Illahee -,47.62,-122.6
2026-10-13,0.11919359760648163,26_Illahee -,47.62,-122.6
2026-10-14,0.14516105450778047,26_Illahee -,47.62,-122.6
2026-10-15,0.1424712969848076,26_Illahee -,47.62,-122.6
2026-10-16,0.13699238327156568,26_Illahee -,47.62,-122.6
2026-10-17,0.13094314423055725,26_Illahee -,47.62,-122.6
2026-10-18,0.09355996718700423,26_Illahee -,47.62,-122.6
2026-10-19,0.13210914291811196,26_Illahee -,47.62,-122.6
2026-10-20,0.1629837632155863,26_Illahee -,47.62,-122.6
2026-10-21,0.1425541651576431,26_Illahee -,47.62,-122.6
2026-10-22,0.14058697091120984,26_Illahee -,47.62,-122.6
2026-10-23,0.13501704452946167,26_Illahee -,47.62,-122.6
2026-10-24,0.13019683950708194,26_Illahee -,47.62,-122.6
2026-10-25,0.11823015550041943,26_Illahee -,47.62,-122.6
2026-10-26,0.148531089376474,26_Illahee -,47.62,-122.6
2026-10-27,0.1544847954419131,26_Illahee -,47.62,-122.6
2026-10-28,0.1566794111295215,26_Illahee -,47.62,-122.6
2026-10-29,0.15605776018191936,26_Illahee -,47.62,-122.6
2026-10-30,0.15483277234038018,26_Illahee -,47.62,-122.6
2026-10-31,0.14765349230759628,26_Illahee -,47.62,-122.6
2026-11-01,0.1431556634294252,26_Illahee -,47.62,-122.6
2026-11-02,0.12854025418198045,26_Illahee -,47.62,-122.6
2026-11-03,0.12551862191515667,26_Illahee -,47.62,-122.6
2026-11-04,0.14508092062996064,26_Illahee -,47.62,-122.6
2026-11-05,0.1388806616724632,26_Illahee -,47.62,-122.6
2026-11-06,0.1193928908731558,26_Illahee -,47.62,-122.6
2026-11-07,0.08884920466007926,26_Illahee -,47.62,-122.6
2026-11-08,0.1245557596365896,26_Illahee -,47.62,-122.6
2026-11-09,0.16604179823413753,26_Illahee -,47.62,-122.6
2026-11-10,0.17453539011095112,26_Illahee -,47.62,-122.6
2026-11-11,0.16928946624087143,26_Illahee -,47.62,-122.6
2026-11-12,0.1775079838258114,26_Illahee -,47.62,-122.6
2026-11-13,0.17505662905506228,26_Illahee -,47.62,-122.6
2026-11-14,0.1699993848044416,26_Illahee -,47.62,-122.6
2026-11-15,0.1850468923322654,26_Illahee -,47.62,-122.6
2026-11-16,0.15916083688058416,26_Illahee -,47.62,-122.6
2026-11-17,0.16923812927686566,26_Illahee -,47.62,-122.6
2026-11-18,0.15608832524961022,26_Illahee -,47.62,-122.6
2026-11-19,0.1498801538648491,26_Illahee -,47.62,-122.6
2026-11-20,0.17131037075789884,26_Illahee -,47.62,-122.6
2026-11-21,0.1807720104884575,26_Illahee -,47.62,-122.6
2026-11-22,0.18933004552847046,26_Illahee -,47.62,-122.6
2026-11-23,0.18557467714494932,26_Illahee -,47.62,-122.6
2026-11-24,0.18591657515937735,26_Illahee -,47.62,-122.6
2026-11-25,0.1653380519392068,26_Illahee -,47.62,-122.6
2026-11-26,0.16387855259229536,26_Illahee -,47.62,-122.6
2026-11-27,0.1468062773958659,26_Illahee -,47.62,-122.6
2026-11-28,0.15879173778306632,26_Illahee -,47.62,-122.6
2026-11-29,0.18488780917574077,26_Illahee -,47.62,-122.6
2026-11-30,0.22542652252154105,26_Illahee -,47.62,-122.6
2026-12-01,0.24660189807341598,26_Illahee -,47.62,-122.6
2026-12-02,0.2471657554559246,26_Illahee -,47.62,-122.6
2026-12-03,0.24185880154264203,26_Illahee -,47.62,-122.6
2026-12-04,0.23724339420917187,26_Illahee -,47.62,-122.6
2026-12-05,0.22002459128972637,26_Illahee -,47.62,-122.6
2026-12-06,0.24448554337769288,26_Illahee -,47.62,-122.6
2026-12-07,0.2181092324175022,26_Illahee -,47.62,-122.6
2026-12-08,0.2800256348612974,26_Illahee -,47.62,-122.6
2026-12-09,0.27602340333206105,26_Illahee -,47.62,-122.6
2026-12-10,0.3281713911721455,26_Illahee -,47.62,-122.6
2026-12-11,0.333000317300196,26_Illahee -,47.62,-122.6
2026-12-12,0.3197963272326364,26_Illahee -,47.62,-122.6
2026-12-13,0.3673586459188627,26_Illahee -,47.62,-122.6
2026-12-14,0.35500929192516256,26_Illahee -,47.62,-122.6
2026-12-15,0.36779636202745364,26_Illahee -,47.62,-122.6
2026-12-16,0.32794455749229473,26_Illahee -,47.62,-122.6
2026-12-17,0.37087141429702036,26_Illahee -,47.62,-122.6
2026-12-18,0.36404588507197966,26_Illahee -,47.62,-122.6
2026-12-19,0.36085184508571144,26_Illahee -,47.62,-122.6
2026-12-20,0.39222177656515533,26_Illahee -,47.62,-122.6
2026-12-21,0.36653992631481036,26_Illahee -,47.62,-122.6
2026-12-22,0.4207763501279656,26_Illahee -,47.62,-122.6
2026-12-23,0.40597547337889783,26_Illahee -,47.62,-122.6
2026-12-24,0.41286058760325556,26_Illahee -,47.62,-122.6
2026-12-25,0.3422532038209754,26_Illahee -,47.62,-122.6
2026-12-26,0.41496961921945896,26_Illahee -,47.62,-122.6
2026-12-27,0.28910837608388895,26_Illahee -,47.62,-122.6
2026-12-28,0.2726324566337168,26_Illahee -,47.62,-122.6
2026-12-29,0.27006972688606923,26_Illahee -,47.62,-122.6
2026-12-30,0.22239871467302286,26_Illahee -,47.62,-122.6
2026-12-31,0.20995385859294505,26_Illahee -,47.62,-122.6
2027-01-01,0.22897287161193758,26_Illahee -,47.62,-122.6
2027-01-02,0.19154947957220023,26_Illahee -,47.62,-122.6
2027-01-03,0.21597571324523013,26_Illahee -,47.62,-122.6
2027-01-04,0.23660056932597842,26_Illahee -,47.62,-122.6
2027-01-05,0.3000868021839493,26_Illahee -,47.62,-122.6
2027-01-06,0.3594830334138491,26_Illahee -,47.62,-122.6
2027-01-07,0.34868128147471733,26_Illahee -,47.62,-122.6
2027-01-08,0.36442846295173703,26_Illahee -,47.62,-122.6
2027-01-09,0.35678740895146405,26_Illahee -,47.62,-122.6
2027-01-10,0.3980939060234833,26_Illahee -,47.62,-122.6
2027-01-11,0.4593758996308045,26_Illahee -,47.62,-122.6
2027-01-12,0.38381307983578733,26_Illahee -,47.62,-122.6
2027-01-13,0.3088329096028818,26_Illahee -,47.62,-122.6
2027-01-14,0.31591265003985386,26_Illahee -,47.62,-122.6
2027-01-15,0.2915093924607258,26_Illahee -,47.62,-122.6
2027-01-16,0.3115029794694696,26_Illahee -,47.62,-122.6
2027-01-17,0.3146842069114263,26_Illahee -,47.62,-122.6
2027-01-18,0.32409171430496436,26_Illahee -,47.62,-122.6
2027-01-19,0.34635099324605567,26_Illahee -,47.62,-122.6
2027-01-20,0.3987578216031454,26_Illahee -,47.62,-122.6
2027-01-21,0.35704788864203707,26_Illahee -,47.62,-122.6
2027-01-22,0.3366573037096951,26_Illahee -,47.62,-122.6
2027-01-23,0.32802393198575003,26_Illahee -,47.62,-122.6
2027-01-24,0.3384383592764826,26_Illahee -,47.62,-122.6
2027-01-25,0.3444825750976056,26_Illahee -,47.62,-122.6
2027-01-26,0.3196981900326414,26_Illahee -,47.62,-122.6
2027-01-27,0.34721303230025075,26_Illahee -,47.62,-122.6
2027-01-28,0.3186848016874635,26_Illahee -,47.62,-122.6
2027-01-29,0.31463273033859623,26_Illahee -,47.62,-122.6
2027-01-30,0.3190108016128416,26_Illahee -,47.62,-122.6
2027-01-31,0.2949876431947988,26_Illahee -,47.62,-122.6
2027-02-01,0.2689155542135807,26_Illahee -,47.62,-122.6
2027-02-02,0.23563616307503962,26_Illahee -,47.62,-122.6
2027-02-03,0.191126781634011,26_Illahee -,47.62,-122.6
2027-02-04,0.1441567767406157,26_Illahee -,47.62,-122.6
2027-02-05,0.1129826562929942,26_Illahee -,47.62,-122.6
2027-02-06,0.09802120801455524,26_Illahee -,47.62,-122.6
2027-02-07,0.09178160180059962,26_Illahee -,47.62,-122.6
2027-02-08,0.10825783708054948,26_Illahee -,47.62,-122.6
2027-02-09,0.11748054578413328,26_Illahee -,47.62,-122.6
2027-02-10,0.11529692784821167,26_Illahee -,47.62,-122.6
2027-02-11,0.10086800039382743,26_Illahee -,47.62,-122.6
2027-02-12,0.09405349014059941,26_Illahee -,47.62,-122.6
2027-02-13,0.09411292250225808,26_Illahee -,47.62,-122.6
2027-02-14,0.09261329602036335,26_Illahee -,47.62,-122.6
2027-02-15,0.09247546120023781,26_Illahee -,47.62,-122.6
2027-02-16,0.09244038361418058,26_Illahee -,47.62,-122.6
2027-02-17,0.08955550238981631,26_Illahee -,47.62,-122.6
2027-02-18,0.08214608593383509,26_Illahee -,47.62,-122.6
2027-02-19,0.07646204352420032,26_Illahee -,47.62,-122.6
2027-02-20,0.07582978832120736,26_Illahee -,47.62,-122.6
2027-02-21,0.08047000044404715,26_Illahee -,47.62,-122.6
2027-02-22,0.0770467010892881,26_Illahee -,47.62,-122.6
2027-02-23,0.08152125118460443,26_Illahee -,47.62,-122.6
2027-02-24,0.08540272406114151,26_Illahee -,47.62,-122.6
2027-02-25,0.08250755683757312,26_Illahee -,47.62,-122.6
2027-02-26,0.07950505433527126,26_Illahee -,47.62,-122.6
2027-02-27,0.10004839400627422,26_Illahee -,47.62,-122.6
2026-03-10,0.09042306780391789,35_Port Gambl,47.85,-122.59
2026-03-11,0.11349343398557676,35_Port Gambl,47.85,-122.59
2026-03-12,0.11498851545035416,35_Port Gambl,47.85,-122.59
2026-03-13,0.0960365234935375,35_Port Gambl,47.85,-122.59
2026-03-14,0.09434372226729536,35_Port Gambl,47.85,-122.59
2026-03-15,0.11033230683742017,35_Port Gambl,47.85,-122.59
2026-03-16,0.08197608951017077,35_Port Gambl,47.85,-122.59
2026-03-17,0.07060238205114538,35_Port Gambl,47.85,-122.59
2026-03-18,0.06772355127936999,35_Port Gambl,47.85,-122.59
2026-03-19,0.08380462021114504,35_Port Gambl,47.85,-122.59
2026-03-20,0.09557201057862948,35_Port Gambl,47.85,-122.59
2026-03-21,0.09556335824034828,35_Port Gambl,47.85,-122.59
2026-03-22,0.0889665936828375,35_Port Gambl,47.85,-122.59
2026-03-23,0.0779885249108482,35_Port Gambl,47.85,-122.59
2026-03-24,0.06118246903802447,35_Port Gambl,47.85,-122.59
2026-03-25,0.06441622581666188,35_Port Gambl,47.85,-122.59
2026-03-26,0.08112495884845795,35_Port Gambl,47.85,-122.59
2026-03-27,0.08917770541893481,35_Port Gambl,47.85,-122.59
2026-03-28,0.09772289544205577,35_Port Gambl,47.85,-122.59
2026-03-29,0.08473550394012158,35_Port Gambl,47.85,-122.59
2026-03-30,0.0725981066418122,35_Port Gambl,47.85,-122.59
2026-03-31,0.06828350802857525,35_Port Gambl,47.85,-122.59
2026-04-01,0.0781290148324989,35_Port Gambl,47.85,-122.59
2026-04-02,0.07044517224183036,35_Port Gambl,47.85,-122.59
2026-04-03,0.06626043049080205,35_Port Gambl,47.85,-122.59
2026-04-04,0.06641028022243058,35_Port Gambl,47.85,-122.59
2026-04-05,0.06714633632915898,35_Port Gambl,47.85,-122.59
2026-04-06,0.0722880202503509,35_Port Gambl,47.85,-122.59
2026-04-07,0.07212387925097039,35_Port Gambl,47.85,-122.59
2026-04-08,0.0687817270078984,35_Port Gambl,47.85,-122.59
2026-04-09,0.06739730915108526,35_Port Gambl,47.85,-122.59
2026-04-10,0.05932627036768854,35_Port Gambl,47.85,-122.59
2026-04-11,0.06633270731906626,35_Port Gambl,47.85,-122.59
2026-04-12,0.07270667201475038,35_Port Gambl,47.85,-122.59
2026-04-13,0.06860255238467393,35_Port Gambl,47.85,-122.59
2026-04-14,0.06590955600588863,35_Port Gambl,47.85,-122.59
2026-04-15,0.06389649117273775,35_Port Gambl,47.85,-122.59
2026-04-16,0.06198500252148316,35_Port Gambl,47.85,-122.59
2026-04-17,0.05359344439870968,35_Port Gambl,47.85,-122.59
2026-04-18,0.06238969106944745,35_Port Gambl,47.85,-122.59
2026-04-19,0.06995709914058891,35_Port Gambl,47.85,-122.59
2026-04-20,0.07499560916410926,35_Port Gambl,47.85,-122.59
2026-04-21,0.06279800126634669,35_Port Gambl,47.85,-122.59
2026-04-22,0.050265414096421025,35_Port Gambl,47.85,-122.59
2026-04-23,0.05091020994107871,35_Port Gambl,47.85,-122.59
2026-04-24,0.059613093198504635,35_Port Gambl,47.85,-122.59
2026-04-25,0.068213960536122,35_Port Gambl,47.85,-122.59
2026-04-26,0.06431911165856312,35_Port Gambl,47.85,-122.59
2026-04-27,0.06008630332556768,35_Port Gambl,47.85,-122.59
2026-04-28,0.04931962090770091,35_Port Gambl,47.85,-122.59
2026-04-29,0.0403661318693053,35_Port Gambl,47.85,-122.59
2026-04-30,0.05062756045673137,35_Port Gambl,47.85,-122.59
2026-05-01,0.0676126195404779,35_Port Gambl,47.85,-122.59
2026-05-02,0.07510738868381968,35_Port Gambl,47.85,-122.59
2026-05-03,0.0774519817183642,35_Port Gambl,47.85,-122.59
2026-05-04,0.08454350473337563,35_Port Gambl,47.85,-122.59
2026-05-05,0.07363557904912413,35_Port Gambl,47.85,-122.59
2026-05-06,0.04433606264792886,35_Port Gambl,47.85,-122.59
2026-05-07,0.03653504163197241,35_Port Gambl,47.85,-122.59
2026-05-08,0.04262190915188376,35_Port Gambl,47.85,-122.59
2026-05-09,0.07137161026769327,35_Port Gambl,47.85,-122.59
2026-05-10,0.07517640088313109,35_Port Gambl,47.85,-122.59
2026-05-11,0.07842600605765354,35_Port Gambl,47.85,-122.59
2026-05-12,0.07252013971023763,35_Port Gambl,47.85,-122.59
2026-05-13,0.061608989255071335,35_Port Gambl,47.85,-122.59
2026-05-14,0.048190186186119595,35_Port Gambl,47.85,-122.59
2026-05-15,0.04085598969962902,35_Port Gambl,47.85,-122.59
2026-05-16,0.04930234736227899,35_Port Gambl,47.85,-122.59
2026-05-17,0.07302615201404353,35_Port Gambl,47.85,-122.59
2026-05-18,0.07891462772441228,35_Port Gambl,47.85,-122.59
2026-05-19,0.07805266627829531,35_Port Gambl,47.85,-122.59
2026-05-20,0.06501643655203146,35_Port Gambl,47.85,-122.59
2026-05-21,0.052899117521375105,35_Port Gambl,47.85,-122.59
2026-05-22,0.04120590899330535,35_Port Gambl,47.85,-122.59
2026-05-23,0.043033042220660005,35_Port Gambl,47.85,-122.59
2026-05-24,0.07762063333794318,35_Port Gambl,47.85,-122.59
2026-05-25,0.08465571697411622,35_Port Gambl,47.85,-122.59
2026-05-26,0.07322568874399753,35_Port Gambl,47.85,-122.59
2026-05-27,0.05388927849278639,35_Port Gambl,47.85,-122.59
2026-05-28,0.04820069482914573,35_Port Gambl,47.85,-122.59
2026-05-29,0.049319470797613334,35_Port Gambl,47.85,-122.59
2026-05-30,0.07511840549576353,35_Port Gambl,47.85,-122.59
2026-05-31,0.07378708561639473,35_Port Gambl,47.85,-122.59
2026-06-01,0.0666326369030308,35_Port Gambl,47.85,-122.59
2026-06-02,0.05696345319422068,35_Port Gambl,47.85,-122.59
2026-06-03,0.05028380900406289,35_Port Gambl,47.85,-122.59
2026-06-04,0.05808476412959405,35_Port Gambl,47.85,-122.59
2026-06-05,0.06165752973454679,35_Port Gambl,47.85,-122.59
2026-06-06,0.06975736544525367,35_Port Gambl,47.85,-122.59
2026-06-07,0.06613286263547313,35_Port Gambl,47.85,-122.59
2026-06-08,0.05411099087657354,35_Port Gambl,47.85,-122.59
2026-06-09,0.040423542203300716,35_Port Gambl,47.85,-122.59
2026-06-10,0.04393247008099056,35_Port Gambl,47.85,-122.59
2026-06-11,0.06678380544113774,35_Port Gambl,47.85,-122.59
2026-06-12,0.07657464054061205,35_Port Gambl,47.85,-122.59
2026-06-13,0.07660856953439445,35_Port Gambl,47.85,-122.59
2026-06-14,0.0703364385423228,35_Port Gambl,47.85,-122.59
2026-06-15,0.06479437757086842,35_Port Gambl,47.85,-122.59
2026-06-16,0.05422366403765171,35_Port Gambl,47.85,-122.59
2026-06-17,0.040308262370461846,35_Port Gambl,47.85,-122.59
2026-06-18,0.041141860908624324,35_Port Gambl,47.85,-122.59
2026-06-19,0.05967751723873568,35_Port Gambl,47.85,-122.59
2026-06-20,0.062188415486499844,35_Port Gambl,47.85,-122.59
2026-06-21,0.05731273230949463,35_Port Gambl,47.85,-122.59
2026-06-22,0.041135482728818853,35_Port Gambl,47.85,-122.59
2026-06-23,0.04026126222953327,35_Port Gambl,47.85,-122.59
2026-06-24,0.03787065925896316,35_Port Gambl,47.85,-122.59
2026-06-25,0.02687506149604907,35_Port Gambl,47.85,-122.59
2026-06-26,0.028719831045744132,35_Port Gambl,47.85,-122.59
2026-06-27,0.05562468834860479,35_Port Gambl,47.85,-122.59
2026-06-28,0.06146647079375178,35_Port Gambl,47.85,-122.59
2026-06-29,0.05118426736928477,35_Port Gambl,47.85,-122.59
2026-06-30,0.030868313925828714,35_Port Gambl,47.85,-122.59
2026-07-01,0.02644948990624415,35_Port Gambl,47.85,-122.59
2026-07-02,0.027145489880432905,35_Port Gambl,47.85,-122.59
2026-07-03,0.04225647954075982,35_Port Gambl,47.85,-122.59
2026-07-04,0.05741116131592957,35_Port Gambl,47.85,-122.59
2026-07-05,0.05379793365094376,35_Port Gambl,47.85,-122.59
2026-07-06,0.042265957721934186,35_Port Gambl,47.85,-122.59
2026-07-07,0.03269435180164516,35_Port Gambl,47.85,-122.59
2026-07-08,0.03635678272209072,35_Port Gambl,47.85,-122.59
2026-07-09,0.051488160297276445,35_Port Gambl,47.85,-122.59
2026-07-10,0.05612110636420927,35_Port Gambl,47.85,-122.59
2026-07-11,0.052006997024443925,35_Port Gambl,47.85,-122.59
2026-07-12,0.03527639866567681,35_Port Gambl,47.85,-122.59
2026-07-13,0.02435188000350626,35_Port Gambl,47.85,-122.59
2026-07-14,0.026959589111503545,35_Port Gambl,47.85,-122.59
2026-07-15,0.05167048262718634,35_Port Gambl,47.85,-122.59
2026-07-16,0.05948893783696059,35_Port Gambl,47.85,-122.59
2026-07-17,0.05457206186671327,35_Port Gambl,47.85,-122.59
2026-07-18,0.03479792856505083,35_Port Gambl,47.85,-122.59
2026-07-19,0.029530511153475294,35_Port Gambl,47.85,-122.59
2026-07-20,0.03211139353242472,35_Port Gambl,47.85,-122.59
2026-07-21,0.054347352369483584,35_Port Gambl,47.85,-122.59
2026-07-22,0.06374516574740227,35_Port Gambl,47.85,-122.59
2026-07-23,0.06405358454209628,35_Port Gambl,47.85,-122.59
2026-07-24,0.058285061110530105,35_Port Gambl,47.85,-122.59
2026-07-25,0.02749412832550728,35_Port Gambl,47.85,-122.59
2026-07-26,0.02197145385656492,35_Port Gambl,47.85,-122.59
2026-07-27,0.020730334891802038,35_Port Gambl,47.85,-122.59
2026-07-28,0.021216558565707193,35_Port Gambl,47.85,-122.59
2026-07-29,0.04451147687545586,35_Port Gambl,47.85,-122.59
2026-07-30,0.05562670004056229,35_Port Gambl,47.85,-122.59
2026-07-31,0.04982634209967932,35_Port Gambl,47.85,-122.59
2026-08-01,0.029847771482359144,35_Port Gambl,47.85,-122.59
2026-08-02,0.021219740151584107,35_Port Gambl,47.85,-122.59
2026-08-03,0.025288876611452113,35_Port Gambl,47.85,-122.59
2026-08-04,0.050118814522602015,35_Port Gambl,47.85,-122.59
2026-08-05,0.060404075597980326,35_Port Gambl,47.85,-122.59
2026-08-06,0.05825337512865773,35_Port Gambl,47.85,-122.59
2026-08-07,0.028180924117453304,35_Port Gambl,47.85,-122.59
2026-08-08,0.02312005133697465,35_Port Gambl,47.85,-122.59
2026-08-09,0.035069607887544055,35_Port Gambl,47.85,-122.59
2026-08-10,0.053034373425964974,35_Port Gambl,47.85,-122.59
2026-08-11,0.05832499702159643,35_Port Gambl,47.85,-122.59
2026-08-12,0.05470227699471689,35_Port Gambl,47.85,-122.59
2026-08-13,0.03137634797485828,35_Port Gambl,47.85,-122.59
2026-08-14,0.01778896001728031,35_Port Gambl,47.85,-122.59
2026-08-15,0.01495279386191124,35_Port Gambl,47.85,-122.59
2026-08-16,0.02320175192709818,35_Port Gambl,47.85,-122.59
2026-08-17,0.04814864884984097,35_Port Gambl,47.85,-122.59
2026-08-18,0.05533409269712555,35_Port Gambl,47.85,-122.59
2026-08-19,0.050868457435759774,35_Port Gambl,47.85,-122.59
2026-08-20,0.025455630020516477,35_Port Gambl,47.85,-122.59
2026-08-21,0.02113583025766177,35_Port Gambl,47.85,-122.59
2026-08-22,0.023203929606586494,35_Port Gambl,47.85,-122.59
2026-08-23,0.04313402078901251,35_Port Gambl,47.85,-122.59
2026-08-24,0.06475580137144452,35_Port Gambl,47.85,-122.59
2026-08-25,0.06612333957521063,35_Port Gambl,47.85,-122.59
2026-08-26,0.06453327679186276,35_Port Gambl,47.85,-122.59
2026-08-27,0.03352574588560037,35_Port Gambl,47.85,-122.59
2026-08-28,0.030613994131836374,35_Port Gambl,47.85,-122.59
2026-08-29,0.02982155990719678,35_Port Gambl,47.85,-122.59
2026-08-30,0.041708552333833006,35_Port Gambl,47.85,-122.59
2026-08-31,0.06112118545987659,35_Port Gambl,47.85,-122.59
2026-09-01,0.06759087790182808,35_Port Gambl,47.85,-122.59
2026-09-02,0.07014338012868594,35_Port Gambl,47.85,-122.59
2026-09-03,0.06826057585211556,35_Port Gambl,47.85,-122.59
2026-09-04,0.057787389787742144,35_Port Gambl,47.85,-122.59
2026-09-05,0.04670209672789389,35_Port Gambl,47.85,-122.59
2026-09-06,0.034747533722250125,35_Port Gambl,47.85,-122.59
2026-09-07,0.03994530989922864,35_Port Gambl,47.85,-122.59
2026-09-08,0.051829393685761775,35_Port Gambl,47.85,-122.59
2026-09-09,0.05509229318556526,35_Port Gambl,47.85,-122.59
2026-09-10,0.058718487152711864,35_Port Gambl,47.85,-122.59
2026-09-11,0.04895558463113808,35_Port Gambl,47.85,-122.59
2026-09-12,0.04151905014437447,35_Port Gambl,47.85,-122.59
2026-09-13,0.06641070854188058,35_Port Gambl,47.85,-122.59
2026-09-14,0.073076597175915,35_Port Gambl,47.85,-122.59
2026-09-15,0.08527330201747711,35_Port Gambl,47.85,-122.59
2026-09-16,0.08910162577277585,35_Port Gambl,47.85,-122.59
2026-09-17,0.07930804017722164,35_Port Gambl,47.85,-122.59
2026-09-18,0.06709282125887409,35_Port Gambl,47.85,-122.59
2026-09-19,0.04436020662340898,35_Port Gambl,47.85,-122.59
2026-09-20,0.034759193061780456,35_Port Gambl,47.85,-122.59
2026-09-21,0.1000251082438755,35_Port Gambl,47.85,-122.59
2026-09-22,0.12700581784949502,35_Port Gambl,47.85,-122.59
2026-09-23,0.10975362745223097,35_Port Gambl,47.85,-122.59
2026-09-24,0.0908116591250374,35_Port Gambl,47.85,-122.59
2026-09-25,0.07296711163921982,35_Port Gambl,47.85,-122.59
2026-09-26,0.06617302286034998,35_Port Gambl,47.85,-122.59
2026-09-27,0.06585061315266334,35_Port Gambl,47.85,-122.59
2026-09-28,0.032283241028288306,35_Port Gambl,47.85,-122.59
2026-09-29,0.02828506991083888,35_Port Gambl,47.85,-122.59
2026-09-30,0.035455106516873426,35_Port Gambl,47.85,-122.59
2026-10-01,0.040884745541615815,35_Port Gambl,47.85,-122.59
2026-10-02,0.03680616984850988,35_Port Gambl,47.85,-122.59
2026-10-03,0.03102812760438666,35_Port Gambl,47.85,-122.59
2026-10-04,0.05578726826513936,35_Port Gambl,47.85,-122.59
2026-10-05,0.0454380527924184,35_Port Gambl,47.85,-122.59
2026-10-06,0.06978859708229453,35_Port Gambl,47.85,-122.59
2026-10-07,0.08697586366712999,35_Port Gambl,47.85,-122.59
2026-10-08,0.08719145720545714,35_Port Gambl,47.85,-122.59
2026-10-09,0.0855927145662166,35_Port Gambl,47.85,-122.59
2026-10-10,0.07429605015200892,35_Port Gambl,47.85,-122.59
2026-10-11,0.05013800911389616,35_Port Gambl,47.85,-122.59
2026-10-12,0.055192356092098854,35_Port Gambl,47.85,-122.59
2026-10-13,0.08383068110248383,35_Port Gambl,47.85,-122.59
2026-10-14,0.10429682747301915,35_Port Gambl,47.85,-122.59
2026-10-15,0.0978660130442736,35_Port Gambl,47.85,-122.59
2026-10-16,0.08711424577672429,35_Port Gambl,47.85,-122.59
2026-10-17,0.0750327589487721,35_Port Gambl,47.85,-122.59
2026-10-18,0.07755565368104954,35_Port Gambl,47.85,-122.59
2026-10-19,0.08044662707664481,35_Port Gambl,47.85,-122.59
2026-10-20,0.056844864621139767,35_Port Gambl,47.85,-122.59
2026-10-21,0.06485407611184639,35_Port Gambl,47.85,-122.59
2026-10-22,0.07523249776237347,35_Port Gambl,47.85,-122.59
2026-10-23,0.06345467343883225,35_Port Gambl,47.85,-122.59
2026-10-24,0.046847167320765555,35_Port Gambl,47.85,-122.59
2026-10-25,0.06334069332450035,35_Port Gambl,47.85,-122.59
2026-10-26,0.07462818539437621,35_Port Gambl,47.85,-122.59
2026-10-27,0.07357980886108491,35_Port Gambl,47.85,-122.59
2026-10-28,0.06821496789715123,35_Port Gambl,47.85,-122.59
2026-10-29,0.06540783992200139,35_Port Gambl,47.85,-122.59
2026-10-30,0.05479745482825791,35_Port Gambl,47.85,-122.59
2026-10-31,0.05117970660655691,35_Port Gambl,47.85,-122.59
2026-11-01,0.05008744051246175,35_Port Gambl,47.85,-122.59
2026-11-02,0.058069343854613584,35_Port Gambl,47.85,-122.59
2026-11-03,0.052262725765691666,35_Port Gambl,47.85,-122.59
2026-11-04,0.04036836685110866,35_Port Gambl,47.85,-122.59
2026-11-05,0.04859351328929165,35_Port Gambl,47.85,-122.59
2026-11-06,0.04502148596172587,35_Port Gambl,47.85,-122.59
2026-11-07,0.0406597324959939,35_Port Gambl,47.85,-122.59
2026-11-08,0.04388286627935201,35_Port Gambl,47.85,-122.59
2026-11-09,0.05420838591351625,35_Port Gambl,47.85,-122.59
2026-11-10,0.05061251191708495,35_Port Gambl,47.85,-122.59
2026-11-11,0.054936024775374556,35_Port Gambl,47.85,-122.59
2026-11-12,0.05353676887776637,35_Port Gambl,47.85,-122.59
2026-11-13,0.04816923492409938,35_Port Gambl,47.85,-122.59
2026-11-14,0.046406883079948384,35_Port Gambl,47.85,-122.59
2026-11-15,0.05474267204888179,35_Port Gambl,47.85,-122.59
2026-11-16,0.0611634780518364,35_Port Gambl,47.85,-122.59
2026-11-17,0.060238237888208826,35_Port Gambl,47.85,-122.59
2026-11-18,0.05915417078056879,35_Port Gambl,47.85,-122.59
2026-11-19,0.05664685924032401,35_Port Gambl,47.85,-122.59
2026-11-20,0.04574213587143275,35_Port Gambl,47.85,-122.59
2026-11-21,0.0508027524875134,35_Port Gambl,47.85,-122.59
2026-11-22,0.052668958690510644,35_Port Gambl,47.85,-122.59
2026-11-23,0.05693051462485959,35_Port Gambl,47.85,-122.59
2026-11-24,0.055725972972052326,35_Port Gambl,47.85,-122.59
2026-11-25,0.05450169172049984,35_Port Gambl,47.85,-122.59
2026-11-26,0.058364792589568365,35_Port Gambl,47.85,-122.59
2026-11-27,0.05590544813056452,35_Port Gambl,47.85,-122.59
2026-11-28,0.05819851955229047,35_Port Gambl,47.85,-122.59
2026-11-29,0.05727537149838338,35_Port Gambl,47.85,-122.59
2026-11-30,0.05839510499193912,35_Port Gambl,47.85,-122.59
2026-12-01,0.0632474155906575,35_Port Gambl,47.85,-122.59
2026-12-02,0.05089963352452611,35_Port Gambl,47.85,-122.59
2026-12-03,0.05474450507045445,35_Port Gambl,47.85,-122.59
2026-12-04,0.05045363223400902,35_Port Gambl,47.85,-122.59
2026-12-05,0.045007863841743406,35_Port Gambl,47.85,-122.59
2026-12-06,0.05670013157284802,35_Port Gambl,47.85,-122.59
2026-12-07,0.05979477216358804,35_Port Gambl,47.85,-122.59
2026-12-08,0.06627090711937976,35_Port Gambl,47.85,-122.59
2026-12-09,0.06872504227280271,35_Port Gambl,47.85,-122.59
2026-12-10,0.06221423252400558,35_Port Gambl,47.85,-122.59
2026-12-11,0.05351160625484933,35_Port Gambl,47.85,-122.59
2026-12-12,0.053148454272578374,35_Port Gambl,47.85,-122.59
2026-12-13,0.045056970643797684,35_Port Gambl,47.85,-122.59
2026-12-14,0.05068077871219364,35_Port Gambl,47.85,-122.59
2026-12-15,0.04252939817409713,35_Port Gambl,47.85,-122.59
2026-12-16,0.03751291124647319,35_Port Gambl,47.85,-122.59
2026-12-17,0.0540871654594118,35_Port Gambl,47.85,-122.59
2026-12-18,0.04941873425305549,35_Port Gambl,47.85,-122.59
2026-12-19,0.06348967126843454,35_Port Gambl,47.85,-122.59
2026-12-20,0.06941248414739347,35_Port Gambl,47.85,-122.59
2026-12-21,0.08102165860764889,35_Port Gambl,47.85,-122.59
2026-12-22,0.07198953597182477,35_Port Gambl,47.85,-122.59
2026-12-23,0.07957245805545081,35_Port Gambl,47.85,-122.59
2026-12-24,0.06509377971071317,35_Port Gambl,47.85,-122.59
2026-12-25,0.04858764907469345,35_Port Gambl,47.85,-122.59
2026-12-26,0.038993238919389495,35_Port Gambl,47.85,-122.59
2026-12-27,0.05780497365733473,35_Port Gambl,47.85,-122.59
2026-12-28,0.05043387789575499,35_Port Gambl,47.85,-122.59
2026-12-29,0.045931675910643954,35_Port Gambl,47.85,-122.59
2026-12-30,0.04193230956343616,35_Port Gambl,47.85,-122.59
2026-12-31,0.034316179994152075,35_Port Gambl,47.85,-122.59
2027-01-01,0.03931733973044756,35_Port Gambl,47.85,-122.59
2027-01-02,0.04262961751730898,35_Port Gambl,47.85,-122.59
2027-01-03,0.05354996370513646,35_Port Gambl,47.85,-122.59
2027-01-04,0.05192903177491863,35_Port Gambl,47.85,-122.59
2027-01-05,0.055358305197031075,35_Port Gambl,47.85,-122.59
2027-01-06,0.08298423811237868,35_Port Gambl,47.85,-122.59
2027-01-07,0.10492303260744555,35_Port Gambl,47.85,-122.59
2027-01-08,0.10416318730643155,35_Port Gambl,47.85,-122.59
2027-01-09,0.10746858407513026,35_Port Gambl,47.85,-122.59
2027-01-10,0.11126085755434165,35_Port Gambl,47.85,-122.59
2027-01-11,0.09473580321531586,35_Port Gambl,47.85,-122.59
2027-01-12,0.0856377522022695,35_Port Gambl,47.85,-122.59
2027-01-13,0.09077167255392621,35_Port Gambl,47.85,-122.59
2027-01-14,0.06574522172925168,35_Port Gambl,47.85,-122.59
2027-01-15,0.07484990997057618,35_Port Gambl,47.85,-122.59
2027-01-16,0.08704211087198763,35_Port Gambl,47.85,-122.59
2027-01-17,0.08690406757790108,35_Port Gambl,47.85,-122.59
2027-01-18,0.0636774723330692,35_Port Gambl,47.85,-122.59
2027-01-19,0.06239060996058139,35_Port Gambl,47.85,-122.59
2027-01-20,0.06996844349314063,35_Port Gambl,47.85,-122.59
2027-01-21,0.052725176324391346,35_Port Gambl,47.85,-122.59
2027-01-22,0.05215206489591724,35_Port Gambl,47.85,-122.59
2027-01-23,0.0626200303526601,35_Port Gambl,47.85,-122.59
2027-01-24,0.06459072831616991,35_Port Gambl,47.85,-122.59
2027-01-25,0.04946507547030219,35_Port Gambl,47.85,-122.59
2027-01-26,0.04851688965142694,35_Port Gambl,47.85,-122.59
2027-01-27,0.05405568396624275,35_Port Gambl,47.85,-122.59
2027-01-28,0.05171095882028358,35_Port Gambl,47.85,-122.59
2027-01-29,0.03932434140539606,35_Port Gambl,47.85,-122.59
2027-01-30,0.04106538888435798,35_Port Gambl,47.85,-122.59
2027-01-31,0.05905853474520535,35_Port Gambl,47.85,-122.59
2027-02-01,0.06575090041637534,35_Port Gambl,47.85,-122.59
2027-02-02,0.06759669155761369,35_Port Gambl,47.85,-122.59
2027-02-03,0.0662688629907453,35_Port Gambl,47.85,-122.59
2027-02-04,0.07519875620271896,35_Port Gambl,47.85,-122.59
2027-02-05,0.07404029177468047,35_Port Gambl,47.85,-122.59
2027-02-06,0.06320539818507007,35_Port Gambl,47.85,-122.59
2027-02-07,0.04927365590376769,35_Port Gambl,47.85,-122.59
2027-02-08,0.05122322257239641,35_Port Gambl,47.85,-122.59
2027-02-09,0.0532671543907466,35_Port Gambl,47.85,-122.59
2027-02-10,0.054882395830154224,35_Port Gambl,47.85,-122.59
2027-02-11,0.057275159501097093,35_Port Gambl,47.85,-122.59
2027-02-12,0.054756050575393615,35_Port Gambl,47.85,-122.59
2027-02-13,0.053674752954980524,35_Port Gambl,47.85,-122.59
2027-02-14,0.06342800103025664,35_Port Gambl,47.85,-122.59
2027-02-15,0.056609743813034755,35_Port Gambl,47.85,-122.59
2027-02-16,0.05716431004335456,35_Port Gambl,47.85,-122.59
2027-02-17,0.0531097164848469,35_Port Gambl,47.85,-122.59
2027-02-18,0.05928092832401876,35_Port Gambl,47.85,-122.59
2027-02-19,0.05870974760558772,35_Port Gambl,47.85,-122.59
2027-02-20,0.047672800973048685,35_Port Gambl,47.85,-122.59
2027-02-21,0.047531521729537396,35_Port Gambl,47.85,-122.59
2027-02-22,0.05139921716397073,35_Port Gambl,47.85,-122.59
2027-02-23,0.05679200952141234,35_Port Gambl,47.85,-122.59
2027-02-24,0.051059556480156316,35_Port Gambl,47.85,-122.59
2027-02-25,0.05508904546689596,35_Port Gambl,47.85,-122.59
2027-02-26,0.059652483117551836,35_Port Gambl,47.85,-122.59
2027-02-27,0.06234417994324714,35_Port Gambl,47.85,-122.59
2027-02-28,0.0642909023789051,35_Port Gambl,47.85,-122.59
2027-03-01,0.05843529367929731,35_Port Gambl,47.85,-122.59
2027-03-02,0.063102711573532,35_Port Gambl,47.85,-122.59
2027-03-03,0.057229871093528846,35_Port Gambl,47.85,-122.59
2027-03-04,0.05885239415804556,35_Port Gambl,47.85,-122.59
2027-03-05,0.06250581794662298,35_Port Gambl,47.85,-122.59
2027-03-06,0.06479655066653194,35_Port Gambl,47.85,-122.59
2027-03-07,0.0682914930640294,35_Port Gambl,47.85,-122.59
2027-03-08,0.06443431095210655,35_Port Gambl,47.85,-122.59
2027-03-09,0.06205016770154302,35_Port Gambl,47.85,-122.59
2026-03-10,0.1304381829171867,53_Gala Pines,47.75,-122.61
2026-03-11,0.12269204955927905,53_Gala Pines,47.75,-122.61
2026-03-12,0.11642261909166908,53_Gala Pines,47.75,-122.61
2026-03-13,0.10991749079878137,53_Gala Pines,47.75,-122.61
2026-03-14,0.1110944625008867,53_Gala Pines,47.75,-122.61
2026-03-15,0.10661276898330203,53_Gala Pines,47.75,-122.61
2026-03-16,0.07707788332913218,53_Gala Pines,47.75,-122.61
2026-03-17,0.0709827164672393,53_Gala Pines,47.75,-122.61
2026-03-18,0.08089045337583053,53_Gala Pines,47.75,-122.61
2026-03-19,0.08814579456765113,53_Gala Pines,47.75,-122.61
2026-03-20,0.09399737274053174,53_Gala Pines,47.75,-122.61
2026-03-21,0.09130929782752324,53_Gala Pines,47.75,-122.61
2026-03-22,0.08197233578178999,53_Gala Pines,47.75,-122.61
2026-03-23,0.08061329825963091,53_Gala Pines,47.75,-122.61
2026-03-24,0.06404711359423682,53_Gala Pines,47.75,-122.61
2026-03-25,0.056486378299381176,53_Gala Pines,47.75,-122.61
2026-03-26,0.07344859986275228,53_Gala Pines,47.75,-122.61
2026-03-27,0.08805473160890379,53_Gala Pines,47.75,-122.61
2026-03-28,0.09792401104689484,53_Gala Pines,47.75,-122.61
2026-03-29,0.08567571516899611,53_Gala Pines,47.75,-122.61
2026-03-30,0.07698966226319966,53_Gala Pines,47.75,-122.61
2026-03-31,0.08059612892681349,53_Gala Pines,47.75,-122.61
2026-04-01,0.08061355958048766,53_Gala Pines,47.75,-122.61
2026-04-02,0.06896975761152897,53_Gala Pines,47.75,-122.61
2026-04-03,0.06320105909489508,53_Gala Pines,47.75,-122.61
2026-04-04,0.0585490259171615,53_Gala Pines,47.75,-122.61
2026-04-05,0.06133500436984148,53_Gala Pines,47.75,-122.61
2026-04-06,0.06474256940544126,53_Gala Pines,47.75,-122.61
2026-04-07,0.06613973946870176,53_Gala Pines,47.75,-122.61
2026-04-08,0.06432765075655138,53_Gala Pines,47.75,-122.61
2026-04-09,0.06655506813881469,53_Gala Pines,47.75,-122.61
2026-04-10,0.06420217928468527,53_Gala Pines,47.75,-122.61
2026-04-11,0.06280332411912139,53_Gala Pines,47.75,-122.61
2026-04-12,0.06453888061585406,53_Gala Pines,47.75,-122.61
2026-04-13,0.06074385028383426,53_Gala Pines,47.75,-122.61
2026-04-14,0.05940039557023218,53_Gala Pines,47.75,-122.61
2026-04-15,0.05916797419018864,53_Gala Pines,47.75,-122.61
2026-04-16,0.05823616672538587,53_Gala Pines,47.75,-122.61
2026-04-17,0.052722311302093795,53_Gala Pines,47.75,-122.61
2026-04-18,0.0565023132812627,53_Gala Pines,47.75,-122.61
2026-04-19,0.06349273453535084,53_Gala Pines,47.75,-122.61
2026-04-20,0.06753151001276265,53_Gala Pines,47.75,-122.61
2026-04-21,0.05708894942837634,53_Gala Pines,47.75,-122.61
2026-04-22,0.051053643026597574,53_Gala Pines,47.75,-122.61
2026-04-23,0.054090000721473,53_Gala Pines,47.75,-122.61
2026-04-24,0.05223530768692108,53_Gala Pines,47.75,-122.61
2026-04-25,0.051937831369500094,53_Gala Pines,47.75,-122.61
2026-04-26,0.0497232362168666,53_Gala Pines,47.75,-122.61
2026-04-27,0.04961429584289877,53_Gala Pines,47.75,-122.61
2026-04-28,0.04637103676050335,53_Gala Pines,47.75,-122.61
2026-04-29,0.045462673896019413,53_Gala Pines,47.75,-122.61
2026-04-30,0.04633884991463893,53_Gala Pines,47.75,-122.61
2026-05-01,0.05630263277333612,53_Gala Pines,47.75,-122.61
2026-05-02,0.05894029002242853,53_Gala Pines,47.75,-122.61
2026-05-03,0.052632344390340174,53_Gala Pines,47.75,-122.61
2026-05-04,0.059886393958120225,53_Gala Pines,47.75,-122.61
2026-05-05,0.05377482325815735,53_Gala Pines,47.75,-122.61
2026-05-06,0.04396354914465121,53_Gala Pines,47.75,-122.61
2026-05-07,0.03908999907731838,53_Gala Pines,47.75,-122.61
2026-05-08,0.04668132445707409,53_Gala Pines,47.75,-122.61
2026-05-09,0.05954382636489458,53_Gala Pines,47.75,-122.61
2026-05-10,0.05803273732652412,53_Gala Pines,47.75,-122.61
2026-05-11,0.057455425063296664,53_Gala Pines,47.75,-122.61
2026-05-12,0.04789094543749311,53_Gala Pines,47.75,-122.61
2026-05-13,0.04579593620539313,53_Gala Pines,47.75,-122.61
2026-05-14,0.04783240385800456,53_Gala Pines,47.75,-122.61
2026-05-15,0.05400868420667538,53_Gala Pines,47.75,-122.61
2026-05-16,0.05280771224141943,53_Gala Pines,47.75,-122.61
2026-05-17,0.04482324608196537,53_Gala Pines,47.75,-122.61
2026-05-18,0.04358894537911691,53_Gala Pines,47.75,-122.61
2026-05-19,0.046065989814178074,53_Gala Pines,47.75,-122.61
2026-05-20,0.07053670043151489,53_Gala Pines,47.75,-122.61
2026-05-21,0.09201490806573107,53_Gala Pines,47.75,-122.61
2026-05-22,0.08467568681932049,53_Gala Pines,47.75,-122.61
2026-05-23,0.06967157163280721,53_Gala Pines,47.75,-122.61
2026-05-24,0.050825019359678564,53_Gala Pines,47.75,-122.61
2026-05-25,0.04741992022903983,53_Gala Pines,47.75,-122.61
2026-05-26,0.051740371832634115,53_Gala Pines,47.75,-122.61
2026-05-27,0.06595005872683514,53_Gala Pines,47.75,-122.61
2026-05-28,0.06679693868576589,53_Gala Pines,47.75,-122.61
2026-05-29,0.07909247214929219,53_Gala Pines,47.75,-122.61
2026-05-30,0.07393497152500843,53_Gala Pines,47.75,-122.61
2026-05-31,0.06433779561058403,53_Gala Pines,47.75,-122.61
2026-06-01,0.052150832679685726,53_Gala Pines,47.75,-122.61
2026-06-02,0.036053052699084195,53_Gala Pines,47.75,-122.61
2026-06-03,0.04175519479227604,53_Gala Pines,47.75,-122.61
2026-06-04,0.06976442815411761,53_Gala Pines,47.75,-122.61
2026-06-05,0.08238303368151081,53_Gala Pines,47.75,-122.61
2026-06-06,0.07367205891061465,53_Gala Pines,47.75,-122.61
2026-06-07,0.06686890278512715,53_Gala Pines,47.75,-122.61
2026-06-08,0.06380882211471346,53_Gala Pines,47.75,-122.61
2026-06-09,0.05511115236083042,53_Gala Pines,47.75,-122.61
2026-06-10,0.05663685184449553,53_Gala Pines,47.75,-122.61
2026-06-11,0.05663799655335537,53_Gala Pines,47.75,-122.61
2026-06-12,0.05804242771874365,53_Gala Pines,47.75,-122.61
2026-06-13,0.05114385865742983,53_Gala Pines,47.75,-122.61
2026-06-14,0.04266206282778478,53_Gala Pines,47.75,-122.61
2026-06-15,0.04701674581306282,53_Gala Pines,47.75,-122.61
2026-06-16,0.046241932241565455,53_Gala Pines,47.75,-122.61
2026-06-17,0.0385194200959562,53_Gala Pines,47.75,-122.61
2026-06-18,0.038375122527328005,53_Gala Pines,47.75,-122.61
2026-06-19,0.03301569242264809,53_Gala Pines,47.75,-122.61
2026-06-20,0.028904568760831643,53_Gala Pines,47.75,-122.61
2026-06-21,0.03065634748036168,53_Gala Pines,47.75,-122.61
2026-06-22,0.04731077337896349,53_Gala Pines,47.75,-122.61
2026-06-23,0.06298084196070702,53_Gala Pines,47.75,-122.61
2026-06-24,0.07270416882883636,53_Gala Pines,47.75,-122.61
2026-06-25,0.05947435150706079,53_Gala Pines,47.75,-122.61
2026-06-26,0.031267428259851474,53_Gala Pines,47.75,-122.61
2026-06-27,0.029478962582509472,53_Gala Pines,47.75,-122.61
2026-06-28,0.030007727500017525,53_Gala Pines,47.75,-122.61
2026-06-29,0.04234115628136805,53_Gala Pines,47.75,-122.61
2026-06-30,0.046624046446142285,53_Gala Pines,47.75,-122.61
2026-07-01,0.04695636843976246,53_Gala Pines,47.75,-122.61
2026-07-02,0.047321715132932075,53_Gala Pines,47.75,-122.61
2026-07-03,0.04928986644824294,53_Gala Pines,47.75,-122.61
2026-07-04,0.046249056566076654,53_Gala Pines,47.75,-122.61
2026-07-05,0.027065599471318452,53_Gala Pines,47.75,-122.61
2026-07-06,0.02339162526152155,53_Gala Pines,47.75,-122.61
2026-07-07,0.027742579690822715,53_Gala Pines,47.75,-122.61
2026-07-08,0.04464430490464758,53_Gala Pines,47.75,-122.61
2026-07-09,0.05801330387884587,53_Gala Pines,47.75,-122.61
2026-07-10,0.05309998771342227,53_Gala Pines,47.75,-122.61
2026-07-11,0.03789017886185129,53_Gala Pines,47.75,-122.61
2026-07-12,0.02480116383195513,53_Gala Pines,47.75,-122.61
2026-07-13,0.02247006582067862,53_Gala Pines,47.75,-122.61
2026-07-14,0.030297262037000006,53_Gala Pines,47.75,-122.61
2026-07-15,0.048069831219930886,53_Gala Pines,47.75,-122.61
2026-07-16,0.058815700337323286,53_Gala Pines,47.75,-122.61
2026-07-17,0.0517767052966929,53_Gala Pines,47.75,-122.61
2026-07-18,0.037405147679801194,53_Gala Pines,47.75,-122.61
2026-07-19,0.025502844719608585,53_Gala Pines,47.75,-122.61
2026-07-20,0.02536022151180915,53_Gala Pines,47.75,-122.61
2026-07-21,0.029242451731170717,53_Gala Pines,47.75,-122.61
2026-07-22,0.051535231748086906,53_Gala Pines,47.75,-122.61
2026-07-23,0.06506357568520345,53_Gala Pines,47.75,-122.61
2026-07-24,0.0618850470607636,53_Gala Pines,47.75,-122.61
2026-07-25,0.0299689504327204,53_Gala Pines,47.75,-122.61
2026-07-26,0.018488454311106885,53_Gala Pines,47.75,-122.61
2026-07-27,0.01614517157331462,53_Gala Pines,47.75,-122.61
2026-07-28,0.020202377158452908,53_Gala Pines,47.75,-122.61
2026-07-29,0.04129971040649355,53_Gala Pines,47.75,-122.61
2026-07-30,0.054750618627153115,53_Gala Pines,47.75,-122.61
2026-07-31,0.04284884882109867,53_Gala Pines,47.75,-122.61
2026-08-01,0.025814304358208546,53_Gala Pines,47.75,-122.61
2026-08-02,0.018503248903856826,53_Gala Pines,47.75,-122.61
2026-08-03,0.025180713317981943,53_Gala Pines,47.75,-122.61
2026-08-04,0.047333371346997694,53_Gala Pines,47.75,-122.61
2026-08-05,0.06339790780279672,53_Gala Pines,47.75,-122.61
2026-08-06,0.06385317513033717,53_Gala Pines,47.75,-122.61
2026-08-07,0.05456450805407173,53_Gala Pines,47.75,-122.61
2026-08-08,0.02574634492119113,53_Gala Pines,47.75,-122.61
2026-08-09,0.02777231528036999,53_Gala Pines,47.75,-122.61
2026-08-10,0.044499040155612554,53_Gala Pines,47.75,-122.61
2026-08-11,0.057222678300587713,53_Gala Pines,47.75,-122.61
2026-08-12,0.05248119910438884,53_Gala Pines,47.75,-122.61
2026-08-13,0.03448873413605812,53_Gala Pines,47.75,-122.61
2026-08-14,0.01927781557943929,53_Gala Pines,47.75,-122.61
2026-08-15,0.015366461261578559,53_Gala Pines,47.75,-122.61
2026-08-16,0.01855214045866473,53_Gala Pines,47.75,-122.61
2026-08-17,0.043786682397194604,53_Gala Pines,47.75,-122.61
2026-08-18,0.06465492418374819,53_Gala Pines,47.75,-122.61
2026-08-19,0.05760373251626541,53_Gala Pines,47.75,-122.61
2026-08-20,0.029807201368874915,53_Gala Pines,47.75,-122.61
2026-08-21,0.020475888309619033,53_Gala Pines,47.75,-122.61
2026-08-22,0.021928640301725397,53_Gala Pines,47.75,-122.61
2026-08-23,0.03853260197130388,53_Gala Pines,47.75,-122.61
2026-08-24,0.06449562359384192,53_Gala Pines,47.75,-122.61
2026-08-25,0.0718005120100044,53_Gala Pines,47.75,-122.61
2026-08-26,0.06092130776866042,53_Gala Pines,47.75,-122.61
2026-08-27,0.02675037137722093,53_Gala Pines,47.75,-122.61
2026-08-28,0.03283367820516906,53_Gala Pines,47.75,-122.61
2026-08-29,0.05076932204262801,53_Gala Pines,47.75,-122.61
2026-08-30,0.04975595355971147,53_Gala Pines,47.75,-122.61
2026-08-31,0.05147432522663043,53_Gala Pines,47.75,-122.61
2026-09-01,0.05542795457505891,53_Gala Pines,47.75,-122.61
2026-09-02,0.059366013068734236,53_Gala Pines,47.75,-122.61
2026-09-03,0.05968796460901385,53_Gala Pines,47.75,-122.61
2026-09-04,0.05781031969838045,53_Gala Pines,47.75,-122.61
2026-09-05,0.038377156760997094,53_Gala Pines,47.75,-122.61
2026-09-06,0.025284249046678718,53_Gala Pines,47.75,-122.61
2026-09-07,0.03889835928539102,53_Gala Pines,47.75,-122.61
2026-09-08,0.04910196620836602,53_Gala Pines,47.75,-122.61
2026-09-09,0.05090996199365974,53_Gala Pines,47.75,-122.61
2026-09-10,0.058049573533558836,53_Gala Pines,47.75,-122.61
2026-09-11,0.047039380504643576,53_Gala Pines,47.75,-122.61
2026-09-12,0.033239949820229035,53_Gala Pines,47.75,-122.61
2026-09-13,0.0507873162965416,53_Gala Pines,47.75,-122.61
2026-09-14,0.07248519121985163,53_Gala Pines,47.75,-122.61
2026-09-15,0.09056935251861699,53_Gala Pines,47.75,-122.61
2026-09-16,0.0932173437044285,53_Gala Pines,47.75,-122.61
2026-09-17,0.07591550631252693,53_Gala Pines,47.75,-122.61
2026-09-18,0.0577331950192273,53_Gala Pines,47.75,-122.61
2026-09-19,0.03747432994382845,53_Gala Pines,47.75,-122.61
2026-09-20,0.029250096460719528,53_Gala Pines,47.75,-122.61
2026-09-21,0.09778498094973571,53_Gala Pines,47.75,-122.61
2026-09-22,0.1189601706402822,53_Gala Pines,47.75,-122.61
2026-09-23,0.10494852343021609,53_Gala Pines,47.75,-122.61
2026-09-24,0.08763506257481617,53_Gala Pines,47.75,-122.61
2026-09-25,0.07365782816761787,53_Gala Pines,47.75,-122.61
2026-09-26,0.058655455231513116,53_Gala Pines,47.75,-122.61
2026-09-27,0.04796494303634308,53_Gala Pines,47.75,-122.61
2026-09-28,0.025935732269058334,53_Gala Pines,47.75,-122.61
2026-09-29,0.0249564318454967,53_Gala Pines,47.75,-122.61
2026-09-30,0.033685219840253335,53_Gala Pines,47.75,-122.61
2026-10-01,0.03664048133953966,53_Gala Pines,47.75,-122.61
2026-10-02,0.03550400268688606,53_Gala Pines,47.75,-122.61
2026-10-03,0.03343389628872666,53_Gala Pines,47.75,-122.61
2026-10-04,0.03766579968489198,53_Gala Pines,47.75,-122.61
2026-10-05,0.031188522855711116,53_Gala Pines,47.75,-122.61
2026-10-06,0.056531383637967475,53_Gala Pines,47.75,-122.61
2026-10-07,0.0820157487818444,53_Gala Pines,47.75,-122.61
2026-10-08,0.0989547765952801,53_Gala Pines,47.75,-122.61
2026-10-09,0.1013230858372322,53_Gala Pines,47.75,-122.61
2026-10-10,0.09271856760710014,53_Gala Pines,47.75,-122.61
2026-10-11,0.07214649196061608,53_Gala Pines,47.75,-122.61
2026-10-12,0.06039347858290977,53_Gala Pines,47.75,-122.61
2026-10-13,0.07171544780275513,53_Gala Pines,47.75,-122.61
2026-10-14,0.07944117027196686,53_Gala Pines,47.75,-122.61
2026-10-15,0.08694296906281343,53_Gala Pines,47.75,-122.61
2026-10-16,0.08375635055977598,53_Gala Pines,47.75,-122.61
2026-10-17,0.06335728487664455,53_Gala Pines,47.75,-122.61
2026-10-18,0.0592077436360891,53_Gala Pines,47.75,-122.61
2026-10-19,0.08739414811195165,53_Gala Pines,47.75,-122.61
2026-10-20,0.09453282110569917,53_Gala Pines,47.75,-122.61
2026-10-21,0.08247286694454105,53_Gala Pines,47.75,-122.61
2026-10-22,0.06821105186448474,53_Gala Pines,47.75,-122.61
2026-10-23,0.07047432395050619,53_Gala Pines,47.75,-122.61
2026-10-24,0.06398629733799614,53_Gala Pines,47.75,-122.61
2026-10-25,0.057190737185918376,53_Gala Pines,47.75,-122.61
2026-10-26,0.08142270544865446,53_Gala Pines,47.75,-122.61
2026-10-27,0.09244717781832966,53_Gala Pines,47.75,-122.61
2026-10-28,0.09598781128669365,53_Gala Pines,47.75,-122.61
2026-10-29,0.07972521659091555,53_Gala Pines,47.75,-122.61
2026-10-30,0.06460212259126352,53_Gala Pines,47.75,-122.61
2026-10-31,0.0645616292473207,53_Gala Pines,47.75,-122.61
2026-11-01,0.05433464100419035,53_Gala Pines,47.75,-122.61
2026-11-02,0.0642955340025324,53_Gala Pines,47.75,-122.61
2026-11-03,0.06478970077832406,53_Gala Pines,47.75,-122.61
2026-11-04,0.06469546143571048,53_Gala Pines,47.75,-122.61
2026-11-05,0.040707138585685976,53_Gala Pines,47.75,-122.61
2026-11-06,0.04739395480831571,53_Gala Pines,47.75,-122.61
2026-11-07,0.05972042054004902,53_Gala Pines,47.75,-122.61
2026-11-08,0.04790004760565481,53_Gala Pines,47.75,-122.61
2026-11-09,0.05470211031411252,53_Gala Pines,47.75,-122.61
2026-11-10,0.044768158445143064,53_Gala Pines,47.75,-122.61
2026-11-11,0.05433792313645514,53_Gala Pines,47.75,-122.61
2026-11-12,0.04800835678597703,53_Gala Pines,47.75,-122.61
2026-11-13,0.04282243708906311,53_Gala Pines,47.75,-122.61
2026-11-14,0.0428860143959445,53_Gala Pines,47.75,-122.61
2026-11-15,0.04612429130708502,53_Gala Pines,47.75,-122.61
2026-11-16,0.0548162336082534,53_Gala Pines,47.75,-122.61
2026-11-17,0.056977063830085245,53_Gala Pines,47.75,-122.61
2026-11-18,0.05539374426664873,53_Gala Pines,47.75,-122.61
2026-11-19,0.055155455112108454,53_Gala Pines,47.75,-122.61
2026-11-20,0.05070621152646535,53_Gala Pines,47.75,-122.61
2026-11-21,0.04764891704187429,53_Gala Pines,47.75,-122.61
2026-11-22,0.052413461951939036,53_Gala Pines,47.75,-122.61
2026-11-23,0.051597496413797406,53_Gala Pines,47.75,-122.61
2026-11-24,0.05350408513344431,53_Gala Pines,47.75,-122.61
2026-11-25,0.04950205107842456,53_Gala Pines,47.75,-122.61
2026-11-26,0.05237029034248541,53_Gala Pines,47.75,-122.61
2026-11-27,0.05922114522009309,53_Gala Pines,47.75,-122.61
2026-11-28,0.05694673981546665,53_Gala Pines,47.75,-122.61
2026-11-29,0.06318450997790194,53_Gala Pines,47.75,-122.61
2026-11-30,0.062029256890147995,53_Gala Pines,47.75,-122.61
2026-12-01,0.057251004654720564,53_Gala Pines,47.75,-122.61
2026-12-02,0.0565670963939764,53_Gala Pines,47.75,-122.61
2026-12-03,0.054112462910900876,53_Gala Pines,47.75,-122.61
2026-12-04,0.04697552323970172,53_Gala Pines,47.75,-122.61
2026-12-05,0.042872617207759124,53_Gala Pines,47.75,-122.61
2026-12-06,0.049268505513681275,53_Gala Pines,47.75,-122.61
2026-12-07,0.05137775762209701,53_Gala Pines,47.75,-122.61
2026-12-08,0.05460448035366414,53_Gala Pines,47.75,-122.61
2026-12-09,0.06830914544873115,53_Gala Pines,47.75,-122.61
2026-12-10,0.07166958228188301,53_Gala Pines,47.75,-122.61
2026-12-11,0.06674285330597145,53_Gala Pines,47.75,-122.61
2026-12-12,0.06239443585862578,53_Gala Pines,47.75,-122.61
2026-12-13,0.06212219112845966,53_Gala Pines,47.75,-122.61
2026-12-14,0.06040845600898811,53_Gala Pines,47.75,-122.61
2026-12-15,0.04286257512321793,53_Gala Pines,47.75,-122.61
2026-12-16,0.04425627923893596,53_Gala Pines,47.75,-122.61
2026-12-17,0.04669664258537909,53_Gala Pines,47.75,-122.61
2026-12-18,0.0469616073348517,53_Gala Pines,47.75,-122.61
2026-12-19,0.061392978790948516,53_Gala Pines,47.75,-122.61
2026-12-20,0.05353475888459345,53_Gala Pines,47.75,-122.61
2026-12-21,0.0707257786399713,53_Gala Pines,47.75,-122.61
2026-12-22,0.060635174221503156,53_Gala Pines,47.75,-122.61
2026-12-23,0.05774891315845286,53_Gala Pines,47.75,-122.61
2026-12-24,0.05780111568398277,53_Gala Pines,47.75,-122.61
2026-12-25,0.04834438425491303,53_Gala Pines,47.75,-122.61
2026-12-26,0.036989960907552126,53_Gala Pines,47.75,-122.61
2026-12-27,0.04316120455238028,53_Gala Pines,47.75,-122.61
2026-12-28,0.045791302135544026,53_Gala Pines,47.75,-122.61
2026-12-29,0.04251094219997826,53_Gala Pines,47.75,-122.61
2026-12-30,0.0429603793912789,53_Gala Pines,47.75,-122.61
2026-12-31,0.04368661073877309,53_Gala Pines,47.75,-122.61
2027-01-01,0.05139943229392879,53_Gala Pines,47.75,-122.61
2027-01-02,0.044364649287017825,53_Gala Pines,47.75,-122.61
2027-01-03,0.050794293036693375,53_Gala Pines,47.75,-122.61
2027-01-04,0.04728675878549843,53_Gala Pines,47.75,-122.61
2027-01-05,0.05017305472115831,53_Gala Pines,47.75,-122.61
2027-01-06,0.07523309140155508,53_Gala Pines,47.75,-122.61
2027-01-07,0.09944680435879469,53_Gala Pines,47.75,-122.61
2027-01-08,0.1077664003450391,53_Gala Pines,47.75,-122.61
2027-01-09,0.10926323122727302,53_Gala Pines,47.75,-122.61
2027-01-10,0.10612329389107394,53_Gala Pines,47.75,-122.61
2027-01-11,0.11514714560258274,53_Gala Pines,47.75,-122.61
2027-01-12,0.10272767024541879,53_Gala Pines,47.75,-122.61
2027-01-13,0.08044776828019914,53_Gala Pines,47.75,-122.61
2027-01-14,0.08462600221642114,53_Gala Pines,47.75,-122.61
2027-01-15,0.08828851078393922,53_Gala Pines,47.75,-122.61
2027-01-16,0.07092884871401203,53_Gala Pines,47.75,-122.61
2027-01-17,0.07070825274505552,53_Gala Pines,47.75,-122.61
2027-01-18,0.07399609854512915,53_Gala Pines,47.75,-122.61
2027-01-19,0.0663931342229193,53_Gala Pines,47.75,-122.61
2027-01-20,0.05241901254399855,53_Gala Pines,47.75,-122.61
2027-01-21,0.06556652851140315,53_Gala Pines,47.75,-122.61
2027-01-22,0.05209804220376492,53_Gala Pines,47.75,-122.61
2027-01-23,0.046984319614841195,53_Gala Pines,47.75,-122.61
2027-01-24,0.05028118923248471,53_Gala Pines,47.75,-122.61
2027-01-25,0.049130535092469216,53_Gala Pines,47.75,-122.61
2027-01-26,0.052368283146232195,53_Gala Pines,47.75,-122.61
2027-01-27,0.04413081924928867,53_Gala Pines,47.75,-122.61
2027-01-28,0.047204227373714755,53_Gala Pines,47.75,-122.61
2027-01-29,0.05439843705630793,53_Gala Pines,47.75,-122.61
2027-01-30,0.04973605332741017,53_Gala Pines,47.75,-122.61
2027-01-31,0.05026885350090378,53_Gala Pines,47.75,-122.61
2027-02-01,0.05973081324655194,53_Gala Pines,47.75,-122.61
2027-02-02,0.056837392881025156,53_Gala Pines,47.75,-122.61
2027-02-03,0.06095125488253422,53_Gala Pines,47.75,-122.61
2027-02-04,0.06228639110875821,53_Gala Pines,47.75,-122.61
2027-02-05,0.05894401587942147,53_Gala Pines,47.75,-122.61
2027-02-06,0.056760196786498344,53_Gala Pines,47.75,-122.61
2027-02-07,0.052071806373294324,53_Gala Pines,47.75,-122.61
2027-02-08,0.053216431265614254,53_Gala Pines,47.75,-122.61
2027-02-09,0.05025266094615608,53_Gala Pines,47.75,-122.61
2027-02-10,0.051526230665056204,53_Gala Pines,47.75,-122.61
2027-02-11,0.0521981458327678,53_Gala Pines,47.75,-122.61
2027-02-12,0.051813431976109235,53_Gala Pines,47.75,-122.61
2027-02-13,0.05659873144585813,53_Gala Pines,47.75,-122.61
2027-02-14,0.05771036466519984,53_Gala Pines,47.75,-122.61
2027-02-15,0.05738555768785612,53_Gala Pines,47.75,-122.61
2027-02-16,0.05963492654221047,53_Gala Pines,47.75,-122.61
2027-02-17,0.05938088721033963,53_Gala Pines,47.75,-122.61
2027-02-18,0.06176546071056166,53_Gala Pines,47.75,-122.61
2027-02-19,0.05169369387054573,53_Gala Pines,47.75,-122.61
2027-02-20,0.04592495219387782,53_Gala Pines,47.75,-122.61
2027-02-21,0.04969562329676862,53_Gala Pines,47.75,-122.61
2027-02-22,0.053908703412778126,53_Gala Pines,47.75,-122.61
2027-02-23,0.051358505782506586,53_Gala Pines,47.75,-122.61
2027-02-24,0.053770071984591154,53_Gala Pines,47.75,-122.61
2027-02-25,0.06006355908390673,53_Gala Pines,47.75,-122.61
2027-02-26,0.05889485122404443,53_Gala Pines,47.75,-122.61
2027-02-27,0.06231046406604585,53_Gala Pines,47.75,-122.61
2027-02-28,0.061523051759075506,53_Gala Pines,47.75,-122.61
2027-03-01,0.058996405655646025,53_Gala Pines,47.75,-122.61
2027-03-02,0.06026361356197407,53_Gala Pines,47.75,-122.61
2027-03-03,0.05363479891674009,53_Gala Pines,47.75,-122.61
2027-03-04,0.06063903375881204,53_Gala Pines,47.75,-122.61
2027-03-05,0.06229082924639491,53_Gala Pines,47.75,-122.61
2027-03-06,0.06157322699915718,53_Gala Pines,47.75,-122.61
2027-03-07,0.06379579780307715,53_Gala Pines,47.75,-122.61
2027-03-08,0.06317379838115263,53_Gala Pines,47.75,-122.61
2027-03-09,0.060746694609775755,53_Gala Pines,47.75,-122.61
2026-03-10,0.12436939773491593,59_Edgewater,47.8,-122.65
2026-03-11,0.12966992563059085,59_Edgewater,47.8,-122.65
2026-03-12,0.10212114524076162,59_Edgewater,47.8,-122.65
2026-03-13,0.08637302412381073,59_Edgewater,47.8,-122.65
2026-03-14,0.10597804109358479,59_Edgewater,47.8,-122.65
2026-03-15,0.10874526038845227,59_Edgewater,47.8,-122.65
2026-03-16,0.08038477617317609,59_Edgewater,47.8,-122.65
2026-03-17,0.07223534731093688,59_Edgewater,47.8,-122.65
2026-03-18,0.07933158449542223,59_Edgewater,47.8,-122.65
2026-03-19,0.08805428451978609,59_Edgewater,47.8,-122.65
2026-03-20,0.09724972216549209,59_Edgewater,47.8,-122.65
2026-03-21,0.09119575237996312,59_Edgewater,47.8,-122.65
2026-03-22,0.08160819210559578,59_Edgewater,47.8,-122.65
2026-03-23,0.08172312819591385,59_Edgewater,47.8,-122.65
2026-03-24,0.0680964058596108,59_Edgewater,47.8,-122.65
2026-03-25,0.0575251985770233,59_Edgewater,47.8,-122.65
2026-03-26,0.06986369843294628,59_Edgewater,47.8,-122.65
2026-03-27,0.08367709708684774,59_Edgewater,47.8,-122.65
2026-03-28,0.09265727932128819,59_Edgewater,47.8,-122.65
2026-03-29,0.08680208776518586,59_Edgewater,47.8,-122.65
2026-03-30,0.0827090243244389,59_Edgewater,47.8,-122.65
2026-03-31,0.07571048536132463,59_Edgewater,47.8,-122.65
2026-04-01,0.07236660394451232,59_Edgewater,47.8,-122.65
2026-04-02,0.06725712013347014,59_Edgewater,47.8,-122.65
2026-04-03,0.0636254934274032,59_Edgewater,47.8,-122.65
2026-04-04,0.05660796846128123,59_Edgewater,47.8,-122.65
2026-04-05,0.06376827304346297,59_Edgewater,47.8,-122.65
2026-04-06,0.06710487267136286,59_Edgewater,47.8,-122.65
2026-04-07,0.06544807390076633,59_Edgewater,47.8,-122.65
2026-04-08,0.0651122787177403,59_Edgewater,47.8,-122.65
2026-04-09,0.06607224668738547,59_Edgewater,47.8,-122.65
2026-04-10,0.06288984283397217,59_Edgewater,47.8,-122.65
2026-04-11,0.06185667484186681,59_Edgewater,47.8,-122.65
2026-04-12,0.06514930008068358,59_Edgewater,47.8,-122.65
2026-04-13,0.06109304075647457,59_Edgewater,47.8,-122.65
2026-04-14,0.06045367783965734,59_Edgewater,47.8,-122.65
2026-04-15,0.06012888657300922,59_Edgewater,47.8,-122.65
2026-04-16,0.058737114328471174,59_Edgewater,47.8,-122.65
2026-04-17,0.05233109387545217,59_Edgewater,47.8,-122.65
2026-04-18,0.057074406200777715,59_Edgewater,47.8,-122.65
2026-04-19,0.06373278548887676,59_Edgewater,47.8,-122.65
2026-04-20,0.06791463755922694,59_Edgewater,47.8,-122.65
2026-04-21,0.05903370233337553,59_Edgewater,47.8,-122.65
2026-04-22,0.059226405657515024,59_Edgewater,47.8,-122.65
2026-04-23,0.057016662285340976,59_Edgewater,47.8,-122.65
2026-04-24,0.05105091370772302,59_Edgewater,47.8,-122.65
2026-04-25,0.051509995938350976,59_Edgewater,47.8,-122.65
2026-04-26,0.050628753627993704,59_Edgewater,47.8,-122.65
2026-04-27,0.05225450855755543,59_Edgewater,47.8,-122.65
2026-04-28,0.05116844517265793,59_Edgewater,47.8,-122.65
2026-04-29,0.047691261870255436,59_Edgewater,47.8,-122.65
2026-04-30,0.048043704937265314,59_Edgewater,47.8,-122.65
2026-05-01,0.05654905410276812,59_Edgewater,47.8,-122.65
2026-05-02,0.05649519138460851,59_Edgewater,47.8,-122.65
2026-05-03,0.05364003529878093,59_Edgewater,47.8,-122.65
2026-05-04,0.0566699916010971,59_Edgewater,47.8,-122.65
2026-05-05,0.05273665758485247,59_Edgewater,47.8,-122.65
2026-05-06,0.04308098877933761,59_Edgewater,47.8,-122.65
2026-05-07,0.038281978750388114,59_Edgewater,47.8,-122.65
2026-05-08,0.042785719326513684,59_Edgewater,47.8,-122.65
2026-05-09,0.05313295234345897,59_Edgewater,47.8,-122.65
2026-05-10,0.05243979657739813,59_Edgewater,47.8,-122.65
2026-05-11,0.05042133905406883,59_Edgewater,47.8,-122.65
2026-05-12,0.042236250398177654,59_Edgewater,47.8,-122.65
2026-05-13,0.04141726470475641,59_Edgewater,47.8,-122.65
2026-05-14,0.04147866140731427,59_Edgewater,47.8,-122.65
2026-05-15,0.056063282434778414,59_Edgewater,47.8,-122.65
2026-05-16,0.057546919779079976,59_Edgewater,47.8,-122.65
2026-05-17,0.05513667777018799,59_Edgewater,47.8,-122.65
2026-05-18,0.04847941374675174,59_Edgewater,47.8,-122.65
2026-05-19,0.04784245791537105,59_Edgewater,47.8,-122.65
2026-05-20,0.05650834896197763,59_Edgewater,47.8,-122.65
2026-05-21,0.06887439456641943,59_Edgewater,47.8,-122.65
2026-05-22,0.06494325875342334,59_Edgewater,47.8,-122.65
2026-05-23,0.059937172880640446,59_Edgewater,47.8,-122.65
2026-05-24,0.055593249689925954,59_Edgewater,47.8,-122.65
2026-05-25,0.058160263299746585,59_Edgewater,47.8,-122.65
2026-05-26,0.06118304686753001,59_Edgewater,47.8,-122.65
2026-05-27,0.06375021868380364,59_Edgewater,47.8,-122.65
2026-05-28,0.06031797957162572,59_Edgewater,47.8,-122.65
2026-05-29,0.05276358344855569,59_Edgewater,47.8,-122.65
2026-05-30,0.046990631056032316,59_Edgewater,47.8,-122.65
2026-05-31,0.04958163907652933,59_Edgewater,47.8,-122.65
2026-06-01,0.06382184452896275,59_Edgewater,47.8,-122.65
2026-06-02,0.06259341686887106,59_Edgewater,47.8,-122.65
2026-06-03,0.05503471861347465,59_Edgewater,47.8,-122.65
2026-06-04,0.050162655546508374,59_Edgewater,47.8,-122.65
2026-06-05,0.05042150976923991,59_Edgewater,47.8,-122.65
2026-06-06,0.06273776365010934,59_Edgewater,47.8,-122.65
2026-06-07,0.059113182778100626,59_Edgewater,47.8,-122.65
2026-06-08,0.06276928536774401,59_Edgewater,47.8,-122.65
2026-06-09,0.061692986525582645,59_Edgewater,47.8,-122.65
2026-06-10,0.048157594752518906,59_Edgewater,47.8,-122.65
2026-06-11,0.039690035789904696,59_Edgewater,47.8,-122.65
2026-06-12,0.04680065964988334,59_Edgewater,47.8,-122.65
2026-06-13,0.05859559800253681,59_Edgewater,47.8,-122.65
2026-06-14,0.0529305126514392,59_Edgewater,47.8,-122.65
2026-06-15,0.058705990959688266,59_Edgewater,47.8,-122.65
2026-06-16,0.05512821803613609,59_Edgewater,47.8,-122.65
2026-06-17,0.042156205295084674,59_Edgewater,47.8,-122.65
2026-06-18,0.037894002285558774,59_Edgewater,47.8,-122.65
2026-06-19,0.03991533564642351,59_Edgewater,47.8,-122.65
2026-06-20,0.054171593266090494,59_Edgewater,47.8,-122.65
2026-06-21,0.05090963665210594,59_Edgewater,47.8,-122.65
2026-06-22,0.04740530753098724,59_Edgewater,47.8,-122.65
2026-06-23,0.04345165478545764,59_Edgewater,47.8,-122.65
2026-06-24,0.03531117279942064,59_Edgewater,47.8,-122.65
2026-06-25,0.030438451006020446,59_Edgewater,47.8,-122.65
2026-06-26,0.031094464026545653,59_Edgewater,47.8,-122.65
2026-06-27,0.04701373021644464,59_Edgewater,47.8,-122.65
2026-06-28,0.051447806556748334,59_Edgewater,47.8,-122.65
2026-06-29,0.05025722090423102,59_Edgewater,47.8,-122.65
2026-06-30,0.03147920981446296,59_Edgewater,47.8,-122.65
2026-07-01,0.025463853063996556,59_Edgewater,47.8,-122.65
2026-07-02,0.026006541734170472,59_Edgewater,47.8,-122.65
2026-07-03,0.03980121443954465,59_Edgewater,47.8,-122.65
2026-07-04,0.04674325877516717,59_Edgewater,47.8,-122.65
2026-07-05,0.04378891496912265,59_Edgewater,47.8,-122.65
2026-07-06,0.03383515817054991,59_Edgewater,47.8,-122.65
2026-07-07,0.03433799907447673,59_Edgewater,47.8,-122.65
2026-07-08,0.041432714475996,59_Edgewater,47.8,-122.65
2026-07-09,0.04423540974967251,59_Edgewater,47.8,-122.65
2026-07-10,0.043397594024160824,59_Edgewater,47.8,-122.65
2026-07-11,0.028925794367506568,59_Edgewater,47.8,-122.65
2026-07-12,0.0204456394122185,59_Edgewater,47.8,-122.65
2026-07-13,0.02568615130051854,59_Edgewater,47.8,-122.65
2026-07-14,0.04730405136103342,59_Edgewater,47.8,-122.65
2026-07-15,0.05890645048060469,59_Edgewater,47.8,-122.65
2026-07-16,0.05403283141807271,59_Edgewater,47.8,-122.65
2026-07-17,0.03754264967506272,59_Edgewater,47.8,-122.65
2026-07-18,0.026805040485373015,59_Edgewater,47.8,-122.65
2026-07-19,0.02424891671238142,59_Edgewater,47.8,-122.65
2026-07-20,0.03316186303720584,59_Edgewater,47.8,-122.65
2026-07-21,0.05379047881772755,59_Edgewater,47.8,-122.65
2026-07-22,0.06401102451278393,59_Edgewater,47.8,-122.65
2026-07-23,0.060457402363849486,59_Edgewater,47.8,-122.65
2026-07-24,0.03454517075382713,59_Edgewater,47.8,-122.65
2026-07-25,0.020529098052335826,59_Edgewater,47.8,-122.65
2026-07-26,0.016629073074418407,59_Edgewater,47.8,-122.65
2026-07-27,0.02220875896787993,59_Edgewater,47.8,-122.65
2026-07-28,0.04128167851816336,59_Edgewater,47.8,-122.65
2026-07-29,0.05397245752840802,59_Edgewater,47.8,-122.65
2026-07-30,0.0466571763068343,59_Edgewater,47.8,-122.65
2026-07-31,0.027683905796692658,59_Edgewater,47.8,-122.65
2026-08-01,0.020360386419324163,59_Edgewater,47.8,-122.65
2026-08-02,0.02100919072733356,59_Edgewater,47.8,-122.65
2026-08-03,0.049207009575240386,59_Edgewater,47.8,-122.65
2026-08-04,0.06908018576215011,59_Edgewater,47.8,-122.65
2026-08-05,0.06484373300156118,59_Edgewater,47.8,-122.65
2026-08-06,0.0290707880639172,59_Edgewater,47.8,-122.65
2026-08-07,0.02523573154481915,59_Edgewater,47.8,-122.65
2026-08-08,0.02299918063714687,59_Edgewater,47.8,-122.65
2026-08-09,0.031369244897684126,59_Edgewater,47.8,-122.65
2026-08-10,0.05029049354889855,59_Edgewater,47.8,-122.65
2026-08-11,0.05785449609590232,59_Edgewater,47.8,-122.65
2026-08-12,0.052791175229645056,59_Edgewater,47.8,-122.65
2026-08-13,0.02924354325539729,59_Edgewater,47.8,-122.65
2026-08-14,0.019695791871847564,59_Edgewater,47.8,-122.65
2026-08-15,0.01759635386599135,59_Edgewater,47.8,-122.65
2026-08-16,0.019288690649316226,59_Edgewater,47.8,-122.65
2026-08-17,0.04426147551360239,59_Edgewater,47.8,-122.65
2026-08-18,0.05456289636919552,59_Edgewater,47.8,-122.65
2026-08-19,0.048133985121925044,59_Edgewater,47.8,-122.65
2026-08-20,0.027522805669725856,59_Edgewater,47.8,-122.65
2026-08-21,0.0236280024394551,59_Edgewater,47.8,-122.65
2026-08-22,0.021890651667261583,59_Edgewater,47.8,-122.65
2026-08-23,0.021334496236636948,59_Edgewater,47.8,-122.65
2026-08-24,0.02537182139519774,59_Edgewater,47.8,-122.65
2026-08-25,0.04830779370422947,59_Edgewater,47.8,-122.65
2026-08-26,0.06223941531509051,59_Edgewater,47.8,-122.65
2026-08-27,0.06283691769865554,59_Edgewater,47.8,-122.65
2026-08-28,0.07493018098319586,59_Edgewater,47.8,-122.65
2026-08-29,0.05863272562592917,59_Edgewater,47.8,-122.65
2026-08-30,0.03553341393784898,59_Edgewater,47.8,-122.65
2026-08-31,0.03622155431152924,59_Edgewater,47.8,-122.65
2026-09-01,0.0540129787589262,59_Edgewater,47.8,-122.65
2026-09-02,0.06806821475319484,59_Edgewater,47.8,-122.65
2026-09-03,0.06487148254551468,59_Edgewater,47.8,-122.65
2026-09-04,0.05587055470829268,59_Edgewater,47.8,-122.65
2026-09-05,0.04481515072097714,59_Edgewater,47.8,-122.65
2026-09-06,0.031224252667540833,59_Edgewater,47.8,-122.65
2026-09-07,0.03741705357878045,59_Edgewater,47.8,-122.65
2026-09-08,0.04828065350171493,59_Edgewater,47.8,-122.65
2026-09-09,0.050436115629137995,59_Edgewater,47.8,-122.65
2026-09-10,0.05767057129445282,59_Edgewater,47.8,-122.65
2026-09-11,0.046737985277644785,59_Edgewater,47.8,-122.65
2026-09-12,0.03367533591101859,59_Edgewater,47.8,-122.65
2026-09-13,0.051504238076710895,59_Edgewater,47.8,-122.65
2026-09-14,0.07297288431384603,59_Edgewater,47.8,-122.65
2026-09-15,0.09117682311540892,59_Edgewater,47.8,-122.65
2026-09-16,0.09359182001866288,59_Edgewater,47.8,-122.65
2026-09-17,0.07623329937949233,59_Edgewater,47.8,-122.65
2026-09-18,0.058489830703763,59_Edgewater,47.8,-122.65
2026-09-19,0.03800835402214289,59_Edgewater,47.8,-122.65
2026-09-20,0.029683075713012323,59_Edgewater,47.8,-122.65
2026-09-21,0.09931019357712086,59_Edgewater,47.8,-122.65
2026-09-22,0.1195922763856678,59_Edgewater,47.8,-122.65
2026-09-23,0.10423540307822911,59_Edgewater,47.8,-122.65
2026-09-24,0.08763625739868525,59_Edgewater,47.8,-122.65
2026-09-25,0.07117183021203657,59_Edgewater,47.8,-122.65
2026-09-26,0.05877597212924912,59_Edgewater,47.8,-122.65
2026-09-27,0.04852184720520873,59_Edgewater,47.8,-122.65
2026-09-28,0.02639599096818045,59_Edgewater,47.8,-122.65
2026-09-29,0.02622123672432961,59_Edgewater,47.8,-122.65
2026-09-30,0.03436572244023272,59_Edgewater,47.8,-122.65
2026-10-01,0.03819620716547538,59_Edgewater,47.8,-122.65
2026-10-02,0.0377649118158707,59_Edgewater,47.8,-122.65
2026-10-03,0.03492702502674143,59_Edgewater,47.8,-122.65
2026-10-04,0.03842407594667947,59_Edgewater,47.8,-122.65
2026-10-05,0.02984904314980017,59_Edgewater,47.8,-122.65
2026-10-06,0.054304386852388246,59_Edgewater,47.8,-122.65
2026-10-07,0.07732573080042371,59_Edgewater,47.8,-122.65
2026-10-08,0.09528342455976888,59_Edgewater,47.8,-122.65
2026-10-09,0.10317589177301406,59_Edgewater,47.8,-122.65
2026-10-10,0.08606665487917288,59_Edgewater,47.8,-122.65
2026-10-11,0.06383328235267603,59_Edgewater,47.8,-122.65
2026-10-12,0.059178721932981605,59_Edgewater,47.8,-122.65
2026-10-13,0.08163645731522422,59_Edgewater,47.8,-122.65
2026-10-14,0.09683203654684826,59_Edgewater,47.8,-122.65
2026-10-15,0.10223383592382822,59_Edgewater,47.8,-122.65
2026-10-16,0.0896186812650457,59_Edgewater,47.8,-122.65
2026-10-17,0.07789522650439068,59_Edgewater,47.8,-122.65
2026-10-18,0.07611846213245245,59_Edgewater,47.8,-122.65
2026-10-19,0.08427056953742929,59_Edgewater,47.8,-122.65
2026-10-20,0.055695488125368946,59_Edgewater,47.8,-122.65
2026-10-21,0.06756243226992802,59_Edgewater,47.8,-122.65
2026-10-22,0.07585024825008138,59_Edgewater,47.8,-122.65
2026-10-23,0.0682831476872858,59_Edgewater,47.8,-122.65
2026-10-24,0.05185504240757235,59_Edgewater,47.8,-122.65
2026-10-25,0.05806079932321178,59_Edgewater,47.8,-122.65
2026-10-26,0.08306371531972466,59_Edgewater,47.8,-122.65
2026-10-27,0.0822659885016488,59_Edgewater,47.8,-122.65
2026-10-28,0.09035433311379494,59_Edgewater,47.8,-122.65
2026-10-29,0.07510660877357478,59_Edgewater,47.8,-122.65
2026-10-30,0.07075417730794693,59_Edgewater,47.8,-122.65
2026-10-31,0.07014250275116081,59_Edgewater,47.8,-122.65
2026-11-01,0.04907406456412743,59_Edgewater,47.8,-122.65
2026-11-02,0.07570056943468653,59_Edgewater,47.8,-122.65
2026-11-03,0.08630994586271826,59_Edgewater,47.8,-122.65
2026-11-04,0.08264508582323299,59_Edgewater,47.8,-122.65
2026-11-05,0.05838293874804541,59_Edgewater,47.8,-122.65
2026-11-06,0.06396101044126681,59_Edgewater,47.8,-122.65
2026-11-07,0.07099247092850855,59_Edgewater,47.8,-122.65
2026-11-08,0.055325474414449356,59_Edgewater,47.8,-122.65
2026-11-09,0.06050346881947112,59_Edgewater,47.8,-122.65
2026-11-10,0.056835039366205736,59_Edgewater,47.8,-122.65
2026-11-11,0.0499450182857405,59_Edgewater,47.8,-122.65
2026-11-12,0.04077849967688911,59_Edgewater,47.8,-122.65
2026-11-13,0.04819488755673386,59_Edgewater,47.8,-122.65
2026-11-14,0.04294018590923513,59_Edgewater,47.8,-122.65
2026-11-15,0.04145867085771563,59_Edgewater,47.8,-122.65
2026-11-16,0.05354717214565198,59_Edgewater,47.8,-122.65
2026-11-17,0.05673883172362821,59_Edgewater,47.8,-122.65
2026-11-18,0.057973949512584444,59_Edgewater,47.8,-122.65
2026-11-19,0.05211065449935788,59_Edgewater,47.8,-122.65
2026-11-20,0.048655465442034786,59_Edgewater,47.8,-122.65
2026-11-21,0.04691300985329827,59_Edgewater,47.8,-122.65
2026-11-22,0.05226876578383362,59_Edgewater,47.8,-122.65
2026-11-23,0.05006356020788147,59_Edgewater,47.8,-122.65
2026-11-24,0.05208731591472794,59_Edgewater,47.8,-122.65
2026-11-25,0.05413826252225519,59_Edgewater,47.8,-122.65
2026-11-26,0.05251398974260169,59_Edgewater,47.8,-122.65
2026-11-27,0.05450290094942599,59_Edgewater,47.8,-122.65
2026-11-28,0.05410656880210668,59_Edgewater,47.8,-122.65
2026-11-29,0.05656607962936689,59_Edgewater,47.8,-122.65
2026-11-30,0.060017756773198074,59_Edgewater,47.8,-122.65
2026-12-01,0.054676836816804304,59_Edgewater,47.8,-122.65
2026-12-02,0.055124518026992426,59_Edgewater,47.8,-122.65
2026-12-03,0.05605935849360777,59_Edgewater,47.8,-122.65
2026-12-04,0.05474296554628469,59_Edgewater,47.8,-122.65
2026-12-05,0.04813214883249128,59_Edgewater,47.8,-122.65
2026-12-06,0.05470452230370436,59_Edgewater,47.8,-122.65
2026-12-07,0.06151130665384001,59_Edgewater,47.8,-122.65
2026-12-08,0.05863047221634708,59_Edgewater,47.8,-122.65
2026-12-09,0.06298298935369616,59_Edgewater,47.8,-122.65
2026-12-10,0.06244474046163195,59_Edgewater,47.8,-122.65
2026-12-11,0.05816353179006517,59_Edgewater,47.8,-122.65
2026-12-12,0.06219309113536446,59_Edgewater,47.8,-122.65
2026-12-13,0.05052562585741206,59_Edgewater,47.8,-122.65
2026-12-14,0.05417760880983212,59_Edgewater,47.8,-122.65
2026-12-15,0.05138463125715072,59_Edgewater,47.8,-122.65
2026-12-16,0.04692040931106443,59_Edgewater,47.8,-122.65
2026-12-17,0.045357646297749896,59_Edgewater,47.8,-122.65
2026-12-18,0.04157704298002665,59_Edgewater,47.8,-122.65
2026-12-19,0.059205112826476135,59_Edgewater,47.8,-122.65
2026-12-20,0.062415483187047587,59_Edgewater,47.8,-122.65
2026-12-21,0.0736640147075148,59_Edgewater,47.8,-122.65
2026-12-22,0.06509787100125304,59_Edgewater,47.8,-122.65
2026-12-23,0.08070124831037252,59_Edgewater,47.8,-122.65
2026-12-24,0.07381432222334017,59_Edgewater,47.8,-122.65
2026-12-25,0.06387613679065854,59_Edgewater,47.8,-122.65
2026-12-26,0.037991179000404204,59_Edgewater,47.8,-122.65
2026-12-27,0.05524086509274041,59_Edgewater,47.8,-122.65
2026-12-28,0.05957092279105886,59_Edgewater,47.8,-122.65
2026-12-29,0.051627081047579425,59_Edgewater,47.8,-122.65
2026-12-30,0.0472542306398577,59_Edgewater,47.8,-122.65
2026-12-31,0.040197127394694596,59_Edgewater,47.8,-122.65
2027-01-01,0.040049427319038065,59_Edgewater,47.8,-122.65
2027-01-02,0.03641112343083678,59_Edgewater,47.8,-122.65
2027-01-03,0.04737999139418829,59_Edgewater,47.8,-122.65
2027-01-04,0.05175837584041645,59_Edgewater,47.8,-122.65
2027-01-05,0.05441513480951273,59_Edgewater,47.8,-122.65
2027-01-06,0.07845566797430495,59_Edgewater,47.8,-122.65
2027-01-07,0.1023824914435496,59_Edgewater,47.8,-122.65
2027-01-08,0.11208623929241315,59_Edgewater,47.8,-122.65
2027-01-09,0.11478672668717863,59_Edgewater,47.8,-122.65
2027-01-10,0.11092936537434701,59_Edgewater,47.8,-122.65
2027-01-11,0.11463154686278185,59_Edgewater,47.8,-122.65
2027-01-12,0.10489523415722034,59_Edgewater,47.8,-122.65
2027-01-13,0.08456780482963978,59_Edgewater,47.8,-122.65
2027-01-14,0.08458367988623236,59_Edgewater,47.8,-122.65
2027-01-15,0.09274909239337636,59_Edgewater,47.8,-122.65
2027-01-16,0.07329942035545044,59_Edgewater,47.8,-122.65
2027-01-17,0.07104171675675054,59_Edgewater,47.8,-122.65
2027-01-18,0.08088302903686535,59_Edgewater,47.8,-122.65
2027-01-19,0.0688841057124003,59_Edgewater,47.8,-122.65
2027-01-20,0.05097264115439156,59_Edgewater,47.8,-122.65
2027-01-21,0.07321680924419963,59_Edgewater,47.8,-122.65
2027-01-22,0.08097022752285495,59_Edgewater,47.8,-122.65
2027-01-23,0.06204954506535073,59_Edgewater,47.8,-122.65
2027-01-24,0.04789490363480661,59_Edgewater,47.8,-122.65
2027-01-25,0.060252952902685356,59_Edgewater,47.8,-122.65
2027-01-26,0.06412488656199887,59_Edgewater,47.8,-122.65
2027-01-27,0.05975562052854865,59_Edgewater,47.8,-122.65
2027-01-28,0.04886192408211357,59_Edgewater,47.8,-122.65
2027-01-29,0.04099641373686924,59_Edgewater,47.8,-122.65
2027-01-30,0.04497392085773344,59_Edgewater,47.8,-122.65
2027-01-31,0.04665940638300372,59_Edgewater,47.8,-122.65
2027-02-01,0.05483074689251691,59_Edgewater,47.8,-122.65
2027-02-02,0.053942331029133116,59_Edgewater,47.8,-122.65
2027-02-03,0.060818715672146965,59_Edgewater,47.8,-122.65
2027-02-04,0.06146227801374427,59_Edgewater,47.8,-122.65
2027-02-05,0.06181289446076662,59_Edgewater,47.8,-122.65
2027-02-06,0.05674185993584902,59_Edgewater,47.8,-122.65
2027-02-07,0.058007359477167245,59_Edgewater,47.8,-122.65
2027-02-08,0.06036615948448933,59_Edgewater,47.8,-122.65
2027-02-09,0.05144483230640607,59_Edgewater,47.8,-122.65
2027-02-10,0.05610974351575399,59_Edgewater,47.8,-122.65
2027-02-11,0.05406198144362311,59_Edgewater,47.8,-122.65
2027-02-12,0.05082801111698872,59_Edgewater,47.8,-122.65
2027-02-13,0.05041081081267367,59_Edgewater,47.8,-122.65
2027-02-14,0.05148064322429573,59_Edgewater,47.8,-122.65
2027-02-15,0.05829469476266429,59_Edgewater,47.8,-122.65
2027-02-16,0.05144483230640607,59_Edgewater,47.8,-122.65
2027-02-17,0.06259826456592858,59_Edgewater,47.8,-122.65
2027-02-18,0.06281978569107387,59_Edgewater,47.8,-122.65
2027-02-19,0.06036800452364153,59_Edgewater,47.8,-122.65
2027-02-20,0.05752033308245897,59_Edgewater,47.8,-122.65
2027-02-21,0.048257609666923815,59_Edgewater,47.8,-122.65
2027-02-22,0.06005437726933076,59_Edgewater,47.8,-122.65
2027-02-23,0.05305569878766401,59_Edgewater,47.8,-122.65
2027-02-24,0.054377463528415486,59_Edgewater,47.8,-122.65
2027-02-25,0.05389877695285412,59_Edgewater,47.8,-122.65
2027-02-26,0.052784581454368665,59_Edgewater,47.8,-122.65
2027-02-27,0.06204566650343422,59_Edgewater,47.8,-122.65
2027-02-28,0.05454245224945715,59_Edgewater,47.8,-122.65
2027-03-01,0.05941316578989882,59_Edgewater,47.8,-122.65
2027-03-02,0.05873522536978852,59_Edgewater,47.8,-122.65
2027-03-03,0.0607995005386233,59_Edgewater,47.8,-122.65
2027-03-04,0.06148711811645389,59_Edgewater,47.8,-122.65
2027-03-05,0.06224825849252712,59_Edgewater,47.8,-122.65
2027-03-06,0.06411903013497655,59_Edgewater,47.8,-122.65
2027-03-07,0.061736658383865134,59_Edgewater,47.8,-122.65
2027-03-08,0.06524715196198333,59_Edgewater,47.8,-122.65
2027-03-09,0.061527300538184476,59_Edgewater,47.8,-122.65
2026-03-10,0.07573871365890467,61_BA - SSWM,47.49,-122.77
2026-03-11,0.15608367406238363,61_BA - SSWM,47.49,-122.77
2026-03-12,0.16140049992495795,61_BA - SSWM,47.49,-122.77
2026-03-13,0.13396345395770232,61_BA - SSWM,47.49,-122.77
2026-03-14,0.11154415143778079,61_BA - SSWM,47.49,-122.77
2026-03-15,0.094087397814964,61_BA - SSWM,47.49,-122.77
2026-03-16,0.07932927450477534,61_BA - SSWM,47.49,-122.77
2026-03-17,0.08942852028131608,61_BA - SSWM,47.49,-122.77
2026-03-18,0.1092752021927803,61_BA - SSWM,47.49,-122.77
2026-03-19,0.11730209456134785,61_BA - SSWM,47.49,-122.77
2026-03-20,0.10550515184119544,61_BA - SSWM,47.49,-122.77
2026-03-21,0.10478181858137028,61_BA - SSWM,47.49,-122.77
2026-03-22,0.10959654257186846,61_BA - SSWM,47.49,-122.77
2026-03-23,0.10303893028464527,61_BA - SSWM,47.49,-122.77
2026-03-24,0.08880561897031797,61_BA - SSWM,47.49,-122.77
2026-03-25,0.07863194144329101,61_BA - SSWM,47.49,-122.77
2026-03-26,0.08320454363675872,61_BA - SSWM,47.49,-122.77
2026-03-27,0.09913011266135285,61_BA - SSWM,47.49,-122.77
2026-03-28,0.10322459180447227,61_BA - SSWM,47.49,-122.77
2026-03-29,0.10832067709910949,61_BA - SSWM,47.49,-122.77
2026-03-30,0.11739387101399669,61_BA - SSWM,47.49,-122.77
2026-03-31,0.11952156607407595,61_BA - SSWM,47.49,-122.77
2026-04-01,0.09483165619840465,61_BA - SSWM,47.49,-122.77
2026-04-02,0.10064810254706517,61_BA - SSWM,47.49,-122.77
2026-04-03,0.1049319694143058,61_BA - SSWM,47.49,-122.77
2026-04-04,0.08640223298888523,61_BA - SSWM,47.49,-122.77
2026-04-05,0.09436753402138638,61_BA - SSWM,47.49,-122.77
2026-04-06,0.10231100020879172,61_BA - SSWM,47.49,-122.77
2026-04-07,0.09509664485914071,61_BA - SSWM,47.49,-122.77
2026-04-08,0.09532513070050591,61_BA - SSWM,47.49,-122.77
2026-04-09,0.10152492264477125,61_BA - SSWM,47.49,-122.77
2026-04-10,0.09723175797306298,61_BA - SSWM,47.49,-122.77
2026-04-11,0.10924943630786092,61_BA - SSWM,47.49,-122.77
2026-04-12,0.0736300196440101,61_BA - SSWM,47.49,-122.77
2026-04-13,0.06428222130939033,61_BA - SSWM,47.49,-122.77
2026-04-14,0.07332256724923303,61_BA - SSWM,47.49,-122.77
2026-04-15,0.0812259484047917,61_BA - SSWM,47.49,-122.77
2026-04-16,0.0779340243606617,61_BA - SSWM,47.49,-122.77
2026-04-17,0.07668299829629653,61_BA - SSWM,47.49,-122.77
2026-04-18,0.08160708829850023,61_BA - SSWM,47.49,-122.77
2026-04-19,0.06330569906838437,61_BA - SSWM,47.49,-122.77
2026-04-20,0.06276662677356253,61_BA - SSWM,47.49,-122.77
2026-04-21,0.0559528775782336,61_BA - SSWM,47.49,-122.77
2026-04-22,0.06557118243287914,61_BA - SSWM,47.49,-122.77
2026-04-23,0.0650984221402892,61_BA - SSWM,47.49,-122.77
2026-04-24,0.06191540367142412,61_BA - SSWM,47.49,-122.77
2026-04-25,0.062441973348586116,61_BA - SSWM,47.49,-122.77
2026-04-26,0.058768948182529424,61_BA - SSWM,47.49,-122.77
2026-04-27,0.06027347571032775,61_BA - SSWM,47.49,-122.77
2026-04-28,0.05997948900222845,61_BA - SSWM,47.49,-122.77
2026-04-29,0.054404138985594035,61_BA - SSWM,47.49,-122.77
2026-04-30,0.05552790394067083,61_BA - SSWM,47.49,-122.77
2026-05-01,0.06730458990379252,61_BA - SSWM,47.49,-122.77
2026-05-02,0.06782726317639139,61_BA - SSWM,47.49,-122.77
2026-05-03,0.06306383217298081,61_BA - SSWM,47.49,-122.77
2026-05-04,0.07413420313176387,61_BA - SSWM,47.49,-122.77
2026-05-05,0.06486367281665682,61_BA - SSWM,47.49,-122.77
2026-05-06,0.0566643527287743,61_BA - SSWM,47.49,-122.77
2026-05-07,0.04434059071411361,61_BA - SSWM,47.49,-122.77
2026-05-08,0.041878087674535214,61_BA - SSWM,47.49,-122.77
2026-05-09,0.057693743791970425,61_BA - SSWM,47.49,-122.77
2026-05-10,0.07478088881042542,61_BA - SSWM,47.49,-122.77
2026-05-11,0.08771209909322482,61_BA - SSWM,47.49,-122.77
2026-05-12,0.0824122265884112,61_BA - SSWM,47.49,-122.77
2026-05-13,0.06341623686332426,61_BA - SSWM,47.49,-122.77
2026-05-14,0.051137149399248405,61_BA - SSWM,47.49,-122.77
2026-05-15,0.049307733399340484,61_BA - SSWM,47.49,-122.77
2026-05-16,0.051626157925269645,61_BA - SSWM,47.49,-122.77
2026-05-17,0.0707601590999683,61_BA - SSWM,47.49,-122.77
2026-05-18,0.07855255524363321,61_BA - SSWM,47.49,-122.77
2026-05-19,0.07654766860630016,61_BA - SSWM,47.49,-122.77
2026-05-20,0.05984547460034764,61_BA - SSWM,47.49,-122.77
2026-05-21,0.05523799097463923,61_BA - SSWM,47.49,-122.77
2026-05-22,0.05397592949303744,61_BA - SSWM,47.49,-122.77
2026-05-23,0.04710834227304085,61_BA - SSWM,47.49,-122.77
2026-05-24,0.06239637541972889,61_BA - SSWM,47.49,-122.77
2026-05-25,0.08455410552205167,61_BA - SSWM,47.49,-122.77
2026-05-26,0.08123757151683605,61_BA - SSWM,47.49,-122.77
2026-05-27,0.06737526224761609,61_BA - SSWM,47.49,-122.77
2026-05-28,0.04797737340138234,61_BA - SSWM,47.49,-122.77
2026-05-29,0.050259845839354785,61_BA - SSWM,47.49,-122.77
2026-05-30,0.07550902231296382,61_BA - SSWM,47.49,-122.77
2026-05-31,0.07280624970088571,61_BA - SSWM,47.49,-122.77
2026-06-01,0.06891328586291534,61_BA - SSWM,47.49,-122.77
2026-06-02,0.0571994744577527,61_BA - SSWM,47.49,-122.77
2026-06-03,0.040747990669022204,61_BA - SSWM,47.49,-122.77
2026-06-04,0.04609988955714931,61_BA - SSWM,47.49,-122.77
2026-06-05,0.07839793306302016,61_BA - SSWM,47.49,-122.77
2026-06-06,0.08071930667037358,61_BA - SSWM,47.49,-122.77
2026-06-07,0.06644181731148366,61_BA - SSWM,47.49,-122.77
2026-06-08,0.05824131704290478,61_BA - SSWM,47.49,-122.77
2026-06-09,0.061860604299898904,61_BA - SSWM,47.49,-122.77
2026-06-10,0.07425321299829574,61_BA - SSWM,47.49,-122.77
2026-06-11,0.06940946913508628,61_BA - SSWM,47.49,-122.77
2026-06-12,0.056122887356209065,61_BA - SSWM,47.49,-122.77
2026-06-13,0.03935646112370383,61_BA - SSWM,47.49,-122.77
2026-06-14,0.04640458254252758,61_BA - SSWM,47.49,-122.77
2026-06-15,0.06883573368375197,61_BA - SSWM,47.49,-122.77
2026-06-16,0.060738213441411774,61_BA - SSWM,47.49,-122.77
2026-06-17,0.055099683258124914,61_BA - SSWM,47.49,-122.77
2026-06-18,0.03911456987820186,61_BA - SSWM,47.49,-122.77
2026-06-19,0.029491812495872016,61_BA - SSWM,47.49,-122.77
2026-06-20,0.03824903869005865,61_BA - SSWM,47.49,-122.77
2026-06-21,0.049120741908708916,61_BA - SSWM,47.49,-122.77
2026-06-22,0.05138947150905136,61_BA - SSWM,47.49,-122.77
2026-06-23,0.055945719779417556,61_BA - SSWM,47.49,-122.77
2026-06-24,0.05428777315189125,61_BA - SSWM,47.49,-122.77
2026-06-25,0.026296243874731614,61_BA - SSWM,47.49,-122.77
2026-06-26,0.02913018222023394,61_BA - SSWM,47.49,-122.77
2026-06-27,0.045823135352046934,61_BA - SSWM,47.49,-122.77
2026-06-28,0.04914527654116201,61_BA - SSWM,47.49,-122.77
2026-06-29,0.05013784447092201,61_BA - SSWM,47.49,-122.77
2026-06-30,0.04820980287934131,61_BA - SSWM,47.49,-122.77
2026-07-01,0.029142485871064192,61_BA - SSWM,47.49,-122.77
2026-07-02,0.021819535327580204,61_BA - SSWM,47.49,-122.77
2026-07-03,0.026887518377814265,61_BA - SSWM,47.49,-122.77
2026-07-04,0.04616600454025851,61_BA - SSWM,47.49,-122.77
2026-07-05,0.047171406780211034,61_BA - SSWM,47.49,-122.77
2026-07-06,0.0564141800677851,61_BA - SSWM,47.49,-122.77
2026-07-07,0.049789588192790855,61_BA - SSWM,47.49,-122.77
2026-07-08,0.03050715739046905,61_BA - SSWM,47.49,-122.77
2026-07-09,0.0265750185649964,61_BA - SSWM,47.49,-122.77
2026-07-10,0.031439222243965476,61_BA - SSWM,47.49,-122.77
2026-07-11,0.04156208700568369,61_BA - SSWM,47.49,-122.77
2026-07-12,0.036245305141981966,61_BA - SSWM,47.49,-122.77
2026-07-13,0.03072230334634461,61_BA - SSWM,47.49,-122.77
2026-07-14,0.031541060480917184,61_BA - SSWM,47.49,-122.77
2026-07-15,0.04267933666420632,61_BA - SSWM,47.49,-122.77
2026-07-16,0.04400119053171774,61_BA - SSWM,47.49,-122.77
2026-07-17,0.043306111220349934,61_BA - SSWM,47.49,-122.77
2026-07-18,0.030281691344167513,61_BA - SSWM,47.49,-122.77
2026-07-19,0.02222343259616412,61_BA - SSWM,47.49,-122.77
2026-07-20,0.033530102573029685,61_BA - SSWM,47.49,-122.77
2026-07-21,0.056221359992399474,61_BA - SSWM,47.49,-122.77
2026-07-22,0.06324181951156051,61_BA - SSWM,47.49,-122.77
2026-07-23,0.06121951412240382,61_BA - SSWM,47.49,-122.77
2026-07-24,0.03424103711810837,61_BA - SSWM,47.49,-122.77
2026-07-25,0.022638398380493228,61_BA - SSWM,47.49,-122.77
2026-07-26,0.01789373523777811,61_BA - SSWM,47.49,-122.77
2026-07-27,0.02610438259497318,61_BA - SSWM,47.49,-122.77
2026-07-28,0.049489406666031896,61_BA - SSWM,47.49,-122.77
2026-07-29,0.057433713193217516,61_BA - SSWM,47.49,-122.77
2026-07-30,0.055910571754435895,61_BA - SSWM,47.49,-122.77
2026-07-31,0.02759656365399034,61_BA - SSWM,47.49,-122.77
2026-08-01,0.026004063156912536,61_BA - SSWM,47.49,-122.77
2026-08-02,0.02165867253753731,61_BA - SSWM,47.49,-122.77
2026-08-03,0.029268639214339188,61_BA - SSWM,47.49,-122.77
2026-08-04,0.05630740054685069,61_BA - SSWM,47.49,-122.77
2026-08-05,0.0748141874920996,61_BA - SSWM,47.49,-122.77
2026-08-06,0.07330220627356136,61_BA - SSWM,47.49,-122.77
2026-08-07,0.04886128003418994,61_BA - SSWM,47.49,-122.77
2026-08-08,0.02277001751233706,61_BA - SSWM,47.49,-122.77
2026-08-09,0.030658951719035852,61_BA - SSWM,47.49,-122.77
2026-08-10,0.053401017878700094,61_BA - SSWM,47.49,-122.77
2026-08-11,0.06383259425404347,61_BA - SSWM,47.49,-122.77
2026-08-12,0.06048057425038464,61_BA - SSWM,47.49,-122.77
2026-08-13,0.038609326213429856,61_BA - SSWM,47.49,-122.77
2026-08-14,0.02262053053110637,61_BA - SSWM,47.49,-122.77
2026-08-15,0.018123788164914733,61_BA - SSWM,47.49,-122.77
2026-08-16,0.022622037307443763,61_BA - SSWM,47.49,-122.77
2026-08-17,0.05745901701061478,61_BA - SSWM,47.49,-122.77
2026-08-18,0.0738664990885045,61_BA - SSWM,47.49,-122.77
2026-08-19,0.07143008413794687,61_BA - SSWM,47.49,-122.77
2026-08-20,0.04265770513686979,61_BA - SSWM,47.49,-122.77
2026-08-21,0.02605848630438959,61_BA - SSWM,47.49,-122.77
2026-08-22,0.023009801881974806,61_BA - SSWM,47.49,-122.77
2026-08-23,0.026396215793608072,61_BA - SSWM,47.49,-122.77
2026-08-24,0.06386757889782772,61_BA - SSWM,47.49,-122.77
2026-08-25,0.09270830730094738,61_BA - SSWM,47.49,-122.77
2026-08-26,0.0885290241794455,61_BA - SSWM,47.49,-122.77
2026-08-27,0.04921179540933089,61_BA - SSWM,47.49,-122.77
2026-08-28,0.03633238151094079,61_BA - SSWM,47.49,-122.77
2026-08-29,0.026753038333814722,61_BA - SSWM,47.49,-122.77
2026-08-30,0.03566124048610425,61_BA - SSWM,47.49,-122.77
2026-08-31,0.059399099038477766,61_BA - SSWM,47.49,-122.77
2026-09-01,0.06934651995737252,61_BA - SSWM,47.49,-122.77
2026-09-02,0.07565555373107061,61_BA - SSWM,47.49,-122.77
2026-09-03,0.07159584852291043,61_BA - SSWM,47.49,-122.77
2026-09-04,0.07105035816440496,61_BA - SSWM,47.49,-122.77
2026-09-05,0.06812372413465766,61_BA - SSWM,47.49,-122.77
2026-09-06,0.04851371236686811,61_BA - SSWM,47.49,-122.77
2026-09-07,0.044077190098888594,61_BA - SSWM,47.49,-122.77
2026-09-08,0.03954982817342809,61_BA - SSWM,47.49,-122.77
2026-09-09,0.04454391030146913,61_BA - SSWM,47.49,-122.77
2026-09-10,0.060562544400812914,61_BA - SSWM,47.49,-122.77
2026-09-11,0.07236293081582053,61_BA - SSWM,47.49,-122.77
2026-09-12,0.0643854190002721,61_BA - SSWM,47.49,-122.77
2026-09-13,0.06522428848826582,61_BA - SSWM,47.49,-122.77
2026-09-14,0.07718943502505421,61_BA - SSWM,47.49,-122.77
2026-09-15,0.08734231978440647,61_BA - SSWM,47.49,-122.77
2026-09-16,0.08874412916210371,61_BA - SSWM,47.49,-122.77
2026-09-17,0.07249564761593065,61_BA - SSWM,47.49,-122.77
2026-09-18,0.05814228854130712,61_BA - SSWM,47.49,-122.77
2026-09-19,0.047770113982967675,61_BA - SSWM,47.49,-122.77
2026-09-20,0.036092116615176376,61_BA - SSWM,47.49,-122.77
2026-09-21,0.10752479225450706,61_BA - SSWM,47.49,-122.77
2026-09-22,0.1444830463154251,61_BA - SSWM,47.49,-122.77
2026-09-23,0.16119191685471715,61_BA - SSWM,47.49,-122.77
2026-09-24,0.13448165740158058,61_BA - SSWM,47.49,-122.77
2026-09-25,0.12319124977772086,61_BA - SSWM,47.49,-122.77
2026-09-26,0.08584844867887043,61_BA - SSWM,47.49,-122.77
2026-09-27,0.08211436817443521,61_BA - SSWM,47.49,-122.77
2026-09-28,0.06617999050359824,61_BA - SSWM,47.49,-122.77
2026-09-29,0.06327930140229665,61_BA - SSWM,47.49,-122.77
2026-09-30,0.0713972392472915,61_BA - SSWM,47.49,-122.77
2026-10-01,0.08116376688217271,61_BA - SSWM,47.49,-122.77
2026-10-02,0.07853388776853801,61_BA - SSWM,47.49,-122.77
2026-10-03,0.06210658300207104,61_BA - SSWM,47.49,-122.77
2026-10-04,0.05573027661798894,61_BA - SSWM,47.49,-122.77
2026-10-05,0.06067827394047399,61_BA - SSWM,47.49,-122.77
2026-10-06,0.11715973686273112,61_BA - SSWM,47.49,-122.77
2026-10-07,0.14146689931250678,61_BA - SSWM,47.49,-122.77
2026-10-08,0.12027516315863204,61_BA - SSWM,47.49,-122.77
2026-10-09,0.1077364411756239,61_BA - SSWM,47.49,-122.77
2026-10-10,0.09108403736304262,61_BA - SSWM,47.49,-122.77
2026-10-11,0.0827387892302594,61_BA - SSWM,47.49,-122.77
2026-10-12,0.09099004840743223,61_BA - SSWM,47.49,-122.77
2026-10-13,0.13859481137390678,61_BA - SSWM,47.49,-122.77
2026-10-14,0.15077718061748632,61_BA - SSWM,47.49,-122.77
2026-10-15,0.1369509716319137,61_BA - SSWM,47.49,-122.77
2026-10-16,0.13088727336712858,61_BA - SSWM,47.49,-122.77
2026-10-17,0.11956841509360523,61_BA - SSWM,47.49,-122.77
2026-10-18,0.10839750330171387,61_BA - SSWM,47.49,-122.77
2026-10-19,0.1268322227126729,61_BA - SSWM,47.49,-122.77
2026-10-20,0.13788722254641564,61_BA - SSWM,47.49,-122.77
2026-10-21,0.12067742446272975,61_BA - SSWM,47.49,-122.77
2026-10-22,0.09351050897824358,61_BA - SSWM,47.49,-122.77
2026-10-23,0.10738209863158815,61_BA - SSWM,47.49,-122.77
2026-10-24,0.09419319105520364,61_BA - SSWM,47.49,-122.77
2026-10-25,0.09054756926132136,61_BA - SSWM,47.49,-122.77
2026-10-26,0.13225659648265597,61_BA - SSWM,47.49,-122.77
2026-10-27,0.1755942808802199,61_BA - SSWM,47.49,-122.77
2026-10-28,0.1869613000791279,61_BA - SSWM,47.49,-122.77
2026-10-29,0.1570183233557858,61_BA - SSWM,47.49,-122.77
2026-10-30,0.15779368276933467,61_BA - SSWM,47.49,-122.77
2026-10-31,0.1599032986385957,61_BA - SSWM,47.49,-122.77
2026-11-01,0.16222653649420954,61_BA - SSWM,47.49,-122.77
2026-11-02,0.17897534403043913,61_BA - SSWM,47.49,-122.77
2026-11-03,0.17536853617529385,61_BA - SSWM,47.49,-122.77
2026-11-04,0.19365005238109764,61_BA - SSWM,47.49,-122.77
2026-11-05,0.18163306786971892,61_BA - SSWM,47.49,-122.77
2026-11-06,0.1791905999417651,61_BA - SSWM,47.49,-122.77
2026-11-07,0.1397641154517682,61_BA - SSWM,47.49,-122.77
2026-11-08,0.14628673452612614,61_BA - SSWM,47.49,-122.77
2026-11-09,0.1676374663723117,61_BA - SSWM,47.49,-122.77
2026-11-10,0.16511986942387352,61_BA - SSWM,47.49,-122.77
2026-11-11,0.19749332061683741,61_BA - SSWM,47.49,-122.77
2026-11-12,0.2039743880544922,61_BA - SSWM,47.49,-122.77
2026-11-13,0.18708375199813954,61_BA - SSWM,47.49,-122.77
2026-11-14,0.17243782500053165,61_BA - SSWM,47.49,-122.77
2026-11-15,0.18599067060182403,61_BA - SSWM,47.49,-122.77
2026-11-16,0.20633532524127873,61_BA - SSWM,47.49,-122.77
2026-11-17,0.20104550082537684,61_BA - SSWM,47.49,-122.77
2026-11-18,0.2134927974745491,61_BA - SSWM,47.49,-122.77
2026-11-19,0.20581754779040332,61_BA - SSWM,47.49,-122.77
2026-11-20,0.19736439678156087,61_BA - SSWM,47.49,-122.77
2026-11-21,0.20415514931987602,61_BA - SSWM,47.49,-122.77
2026-11-22,0.17068730191632686,61_BA - SSWM,47.49,-122.77
2026-11-23,0.19589719708306708,61_BA - SSWM,47.49,-122.77
2026-11-24,0.21765326573470117,61_BA - SSWM,47.49,-122.77
2026-11-25,0.20655473506772742,61_BA - SSWM,47.49,-122.77
2026-11-26,0.20533850588114466,61_BA - SSWM,47.49,-122.77
2026-11-27,0.20441551890131426,61_BA - SSWM,47.49,-122.77
2026-11-28,0.2080917899539234,61_BA - SSWM,47.49,-122.77
2026-11-29,0.20044101881250684,61_BA - SSWM,47.49,-122.77
2026-11-30,0.1593275744223005,61_BA - SSWM,47.49,-122.77
2026-12-01,0.20704541943496935,61_BA - SSWM,47.49,-122.77
2026-12-02,0.2176596560890254,61_BA - SSWM,47.49,-122.77
2026-12-03,0.1985378692600698,61_BA - SSWM,47.49,-122.77
2026-12-04,0.20232689929881326,61_BA - SSWM,47.49,-122.77
2026-12-05,0.19561102784913492,61_BA - SSWM,47.49,-122.77
2026-12-06,0.17443711084284855,61_BA - SSWM,47.49,-122.77
2026-12-07,0.19416180340697767,61_BA - SSWM,47.49,-122.77
2026-12-08,0.20346836295516152,61_BA - SSWM,47.49,-122.77
2026-12-09,0.19901078137202224,61_BA - SSWM,47.49,-122.77
2026-12-10,0.18023492749306255,61_BA - SSWM,47.49,-122.77
2026-12-11,0.16287091870220666,61_BA - SSWM,47.49,-122.77
2026-12-12,0.18359273793673178,61_BA - SSWM,47.49,-122.77
2026-12-13,0.18659989647441597,61_BA - SSWM,47.49,-122.77
2026-12-14,0.18904881533292747,61_BA - SSWM,47.49,-122.77
2026-12-15,0.17174273117263267,61_BA - SSWM,47.49,-122.77
2026-12-16,0.17381904373597004,61_BA - SSWM,47.49,-122.77
2026-12-17,0.12410392180081871,61_BA - SSWM,47.49,-122.77
2026-12-18,0.13395721502066313,61_BA - SSWM,47.49,-122.77
2026-12-19,0.13735605186063038,61_BA - SSWM,47.49,-122.77
2026-12-20,0.14772619206441706,61_BA - SSWM,47.49,-122.77
2026-12-21,0.18484515328936113,61_BA - SSWM,47.49,-122.77
2026-12-22,0.20713352997888484,61_BA - SSWM,47.49,-122.77
2026-12-23,0.19302970893869925,61_BA - SSWM,47.49,-122.77
2026-12-24,0.16579695135594968,61_BA - SSWM,47.49,-122.77
2026-12-25,0.17389845549224858,61_BA - SSWM,47.49,-122.77
2026-12-26,0.15691736283635274,61_BA - SSWM,47.49,-122.77
2026-12-27,0.1277794406871724,61_BA - SSWM,47.49,-122.77
2026-12-28,0.1163365842658139,61_BA - SSWM,47.49,-122.77
2026-12-29,0.10355517541312052,61_BA - SSWM,47.49,-122.77
2026-12-30,0.0943932553838305,61_BA - SSWM,47.49,-122.77
2026-12-31,0.06647563753601846,61_BA - SSWM,47.49,-122.77
2027-01-01,0.06789622395926681,61_BA - SSWM,47.49,-122.77
2027-01-02,0.09554607637471169,61_BA - SSWM,47.49,-122.77
2027-01-03,0.10509101889604384,61_BA - SSWM,47.49,-122.77
2027-01-04,0.10405712918284415,61_BA - SSWM,47.49,-122.77
2027-01-05,0.10873287679521165,61_BA - SSWM,47.49,-122.77
2027-01-06,0.17672514210763937,61_BA - SSWM,47.49,-122.77
2027-01-07,0.20669321593227075,61_BA - SSWM,47.49,-122.77
2027-01-08,0.19315386964632436,61_BA - SSWM,47.49,-122.77
2027-01-09,0.16520454969142565,61_BA - SSWM,47.49,-122.77
2027-01-10,0.18214627694682523,61_BA - SSWM,47.49,-122.77
2027-01-11,0.21067815359515626,61_BA - SSWM,47.49,-122.77
2027-01-12,0.1997826512885505,61_BA - SSWM,47.49,-122.77
2027-01-13,0.17620533200582494,61_BA - SSWM,47.49,-122.77
2027-01-14,0.18837431654136427,61_BA - SSWM,47.49,-122.77
2027-01-15,0.18386733282555878,61_BA - SSWM,47.49,-122.77
2027-01-16,0.17417327892916465,61_BA - SSWM,47.49,-122.77
2027-01-17,0.17365566703447197,61_BA - SSWM,47.49,-122.77
2027-01-18,0.19087752983928638,61_BA - SSWM,47.49,-122.77
2027-01-19,0.15706960495223155,61_BA - SSWM,47.49,-122.77
2027-01-20,0.21684037949145651,61_BA - SSWM,47.49,-122.77
2027-01-21,0.18699876305058663,61_BA - SSWM,47.49,-122.77
2027-01-22,0.14416669080472055,61_BA - SSWM,47.49,-122.77
2027-01-23,0.13024436349793478,61_BA - SSWM,47.49,-122.77
2027-01-24,0.12423050816291548,61_BA - SSWM,47.49,-122.77
2027-01-25,0.13536642943699556,61_BA - SSWM,47.49,-122.77
2027-01-26,0.12546919995914696,61_BA - SSWM,47.49,-122.77
2027-01-27,0.12381552159411892,61_BA - SSWM,47.49,-122.77
2027-01-28,0.10673620001781509,61_BA - SSWM,47.49,-122.77
2027-01-29,0.08817649557714304,61_BA - SSWM,47.49,-122.77
2027-01-30,0.0838641193912806,61_BA - SSWM,47.49,-122.77
2027-01-31,0.08680769747658519,61_BA - SSWM,47.49,-122.77
2027-02-01,0.08372749006742451,61_BA - SSWM,47.49,-122.77
2027-02-02,0.07429277521468725,61_BA - SSWM,47.49,-122.77
2027-02-03,0.0801297539385917,61_BA - SSWM,47.49,-122.77
2027-02-04,0.07917988225368373,61_BA - SSWM,47.49,-122.77
2027-02-05,0.07044571926171359,61_BA - SSWM,47.49,-122.77
2027-02-06,0.07516056067366989,61_BA - SSWM,47.49,-122.77
2027-02-07,0.07182506834307527,61_BA - SSWM,47.49,-122.77
2027-02-08,0.07167130205468644,61_BA - SSWM,47.49,-122.77
2027-02-09,0.0763787234728574,61_BA - SSWM,47.49,-122.77
2027-02-10,0.07444561696436496,61_BA - SSWM,47.49,-122.77
2027-02-11,0.07123149860907374,61_BA - SSWM,47.49,-122.77
2027-02-12,0.07142011641766066,61_BA - SSWM,47.49,-122.77
2027-02-13,0.0713881770658035,61_BA - SSWM,47.49,-122.77
2027-02-14,0.06983505561321533,61_BA - SSWM,47.49,-122.77
2027-02-15,0.07210941146328585,61_BA - SSWM,47.49,-122.77
2027-02-16,0.07096116751521578,61_BA - SSWM,47.49,-122.77
2027-02-17,0.07125042351063857,61_BA - SSWM,47.49,-122.77
2027-02-18,0.08061358556714218,61_BA - SSWM,47.49,-122.77
2027-02-19,0.07273633305857036,61_BA - SSWM,47.49,-122.77
2027-02-20,0.07765605426171737,61_BA - SSWM,47.49,-122.77
2027-02-21,0.07956852633455022,61_BA - SSWM,47.49,-122.77
2027-02-22,0.07860094553734329,61_BA - SSWM,47.49,-122.77
2027-02-23,0.08239517871033263,61_BA - SSWM,47.49,-122.77
2027-02-24,0.07803403750260686,61_BA - SSWM,47.49,-122.77
2027-02-25,0.07569896762907176,61_BA - SSWM,47.49,-122.77
2027-02-26,0.07939546298369768,61_BA - SSWM,47.49,-122.77
2027-02-27,0.10070061852786696,61_BA - SSWM,47.49,-122.77
2027-02-28,0.10676050331992619,61_BA - SSWM,47.49,-122.77
2027-03-01,0.12445080617300393,61_BA - SSWM,47.49,-122.77
2027-03-02,0.12296420185920297,61_BA - SSWM,47.49,-122.77
2027-03-03,0.1259370902166728,61_BA - SSWM,47.49,-122.77
2027-03-04,0.11767238983044451,61_BA - SSWM,47.49,-122.77
2027-03-05,0.10807201035803568,61_BA - SSWM,47.49,-122.77
2027-03-06,0.1005482113118799,61_BA - SSWM,47.49,-122.77
2027-03-07,0.09083875402981088,61_BA - SSWM,47.49,-122.77
2027-03-08,0.09586956942757335,61_BA - SSWM,47.49,-122.77
2027-03-09,0.10066087068161585,61_BA - SSWM,47.49,-122.77
2026-03-10,0.07903821078132947,62_Silverdale,47.65,-122.69
2026-03-11,0.1371463034453467,62_Silverdale,47.65,-122.69
2026-03-12,0.1334542817647755,62_Silverdale,47.65,-122.69
2026-03-13,0.1078068704601187,62_Silverdale,47.65,-122.69
2026-03-14,0.09359929642105172,62_Silverdale,47.65,-122.69
2026-03-15,0.08893361364901577,62_Silverdale,47.65,-122.69
2026-03-16,0.0908341059075381,62_Silverdale,47.65,-122.69
2026-03-17,0.0984953552426922,62_Silverdale,47.65,-122.69
2026-03-18,0.09785233384747243,62_Silverdale,47.65,-122.69
2026-03-19,0.10094218568291087,62_Silverdale,47.65,-122.69
2026-03-20,0.08144696006849554,62_Silverdale,47.65,-122.69
2026-03-21,0.07174003365911386,62_Silverdale,47.65,-122.69
2026-03-22,0.08669577603530595,62_Silverdale,47.65,-122.69
2026-03-23,0.09281343450933824,62_Silverdale,47.65,-122.69
2026-03-24,0.08874258471084277,62_Silverdale,47.65,-122.69
2026-03-25,0.06854642046629433,62_Silverdale,47.65,-122.69
2026-03-26,0.08064838671967799,62_Silverdale,47.65,-122.69
2026-03-27,0.08101346824601398,62_Silverdale,47.65,-122.69
2026-03-28,0.07422714160627288,62_Silverdale,47.65,-122.69
2026-03-29,0.07127854354785745,62_Silverdale,47.65,-122.69
2026-03-30,0.087057380939972,62_Silverdale,47.65,-122.69
2026-03-31,0.08678355011944579,62_Silverdale,47.65,-122.69
2026-04-01,0.07675843744200052,62_Silverdale,47.65,-122.69
2026-04-02,0.07075705194305931,62_Silverdale,47.65,-122.69
2026-04-03,0.08119143375737223,62_Silverdale,47.65,-122.69
2026-04-04,0.0742958380575742,62_Silverdale,47.65,-122.69
2026-04-05,0.0809034317712863,62_Silverdale,47.65,-122.69
2026-04-06,0.0896829491062719,62_Silverdale,47.65,-122.69
2026-04-07,0.08762764693995449,62_Silverdale,47.65,-122.69
2026-04-08,0.07460245536465658,62_Silverdale,47.65,-122.69
2026-04-09,0.07425063289122469,62_Silverdale,47.65,-122.69
2026-04-10,0.07896511152428051,62_Silverdale,47.65,-122.69
2026-04-11,0.07594192188346957,62_Silverdale,47.65,-122.69
2026-04-12,0.06246006286381292,62_Silverdale,47.65,-122.69
2026-04-13,0.06568494285364336,62_Silverdale,47.65,-122.69
2026-04-14,0.06916310321655653,62_Silverdale,47.65,-122.69
2026-04-15,0.0621548632561343,62_Silverdale,47.65,-122.69
2026-04-16,0.06475949574403567,62_Silverdale,47.65,-122.69
2026-04-17,0.06158914235693666,62_Silverdale,47.65,-122.69
2026-04-18,0.058746444465027706,62_Silverdale,47.65,-122.69
2026-04-19,0.06360713414819999,62_Silverdale,47.65,-122.69
2026-04-20,0.07045116809519937,62_Silverdale,47.65,-122.69
2026-04-21,0.057390313517570374,62_Silverdale,47.65,-122.69
2026-04-22,0.05333375399920814,62_Silverdale,47.65,-122.69
2026-04-23,0.05310392431334114,62_Silverdale,47.65,-122.69
2026-04-24,0.050009589769052745,62_Silverdale,47.65,-122.69
2026-04-25,0.051803451714903664,62_Silverdale,47.65,-122.69
2026-04-26,0.05274146129693341,62_Silverdale,47.65,-122.69
2026-04-27,0.06257762401175959,62_Silverdale,47.65,-122.69
2026-04-28,0.06061410530220951,62_Silverdale,47.65,-122.69
2026-04-29,0.05387242792504955,62_Silverdale,47.65,-122.69
2026-04-30,0.053153695076950495,62_Silverdale,47.65,-122.69
2026-05-01,0.05997243645222984,62_Silverdale,47.65,-122.69
2026-05-02,0.061220043640088956,62_Silverdale,47.65,-122.69
2026-05-03,0.056069077741100676,62_Silverdale,47.65,-122.69
2026-05-04,0.07196966280630104,62_Silverdale,47.65,-122.69
2026-05-05,0.07022324538617272,62_Silverdale,47.65,-122.69
2026-05-06,0.06300939897122182,62_Silverdale,47.65,-122.69
2026-05-07,0.04414168058525944,62_Silverdale,47.65,-122.69
2026-05-08,0.04281503147743119,62_Silverdale,47.65,-122.69
2026-05-09,0.0530557102288214,62_Silverdale,47.65,-122.69
2026-05-10,0.06869297210505887,62_Silverdale,47.65,-122.69
2026-05-11,0.08855770088515583,62_Silverdale,47.65,-122.69
2026-05-12,0.07782493207933124,62_Silverdale,47.65,-122.69
2026-05-13,0.05681190448363243,62_Silverdale,47.65,-122.69
2026-05-14,0.05106436451744996,62_Silverdale,47.65,-122.69
2026-05-15,0.054366071369220614,62_Silverdale,47.65,-122.69
2026-05-16,0.06767621710473751,62_Silverdale,47.65,-122.69
2026-05-17,0.06731081492011513,62_Silverdale,47.65,-122.69
2026-05-18,0.06974179053687468,62_Silverdale,47.65,-122.69
2026-05-19,0.06327186927605749,62_Silverdale,47.65,-122.69
2026-05-20,0.047096515275119044,62_Silverdale,47.65,-122.69
2026-05-21,0.0415988258016528,62_Silverdale,47.65,-122.69
2026-05-22,0.05009045787250773,62_Silverdale,47.65,-122.69
2026-05-23,0.07052525232249708,62_Silverdale,47.65,-122.69
2026-05-24,0.07584201004126682,62_Silverdale,47.65,-122.69
2026-05-25,0.0797215145840713,62_Silverdale,47.65,-122.69
2026-05-26,0.07354605799271254,62_Silverdale,47.65,-122.69
2026-05-27,0.06543289087324064,62_Silverdale,47.65,-122.69
2026-05-28,0.061213023776083404,62_Silverdale,47.65,-122.69
2026-05-29,0.05382219209788054,62_Silverdale,47.65,-122.69
2026-05-30,0.04955238502080156,62_Silverdale,47.65,-122.69
2026-05-31,0.05896491501770382,62_Silverdale,47.65,-122.69
2026-06-01,0.06498663571032554,62_Silverdale,47.65,-122.69
2026-06-02,0.06350752533650689,62_Silverdale,47.65,-122.69
2026-06-03,0.048792122133520535,62_Silverdale,47.65,-122.69
2026-06-04,0.040245229465899035,62_Silverdale,47.65,-122.69
2026-06-05,0.04995804098474272,62_Silverdale,47.65,-122.69
2026-06-06,0.06491167824516107,62_Silverdale,47.65,-122.69
2026-06-07,0.06268743548553465,62_Silverdale,47.65,-122.69
2026-06-08,0.06882360190789963,62_Silverdale,47.65,-122.69
2026-06-09,0.06502215035219673,62_Silverdale,47.65,-122.69
2026-06-10,0.05775397884669491,62_Silverdale,47.65,-122.69
2026-06-11,0.05222257689926184,62_Silverdale,47.65,-122.69
2026-06-12,0.04550856440889596,62_Silverdale,47.65,-122.69
2026-06-13,0.04668018404100112,62_Silverdale,47.65,-122.69
2026-06-14,0.05112109392812645,62_Silverdale,47.65,-122.69
2026-06-15,0.057817252190914756,62_Silverdale,47.65,-122.69
2026-06-16,0.04697614473015842,62_Silverdale,47.65,-122.69
2026-06-17,0.034497979019836957,62_Silverdale,47.65,-122.69
2026-06-18,0.03350096806391265,62_Silverdale,47.65,-122.69
2026-06-19,0.03549540389027453,62_Silverdale,47.65,-122.69
2026-06-20,0.04317876665737004,62_Silverdale,47.65,-122.69
2026-06-21,0.04057840894511287,62_Silverdale,47.65,-122.69
2026-06-22,0.034292993754066324,62_Silverdale,47.65,-122.69
2026-06-23,0.04419495515814167,62_Silverdale,47.65,-122.69
2026-06-24,0.05421142907695128,62_Silverdale,47.65,-122.69
2026-06-25,0.050328198353228326,62_Silverdale,47.65,-122.69
2026-06-26,0.039509670297315454,62_Silverdale,47.65,-122.69
2026-06-27,0.02754051400298603,62_Silverdale,47.65,-122.69
2026-06-28,0.026401136585476898,62_Silverdale,47.65,-122.69
2026-06-29,0.024870380771236253,62_Silverdale,47.65,-122.69
2026-06-30,0.028623319727908103,62_Silverdale,47.65,-122.69
2026-07-01,0.0402338688663508,62_Silverdale,47.65,-122.69
2026-07-02,0.04182797953140922,62_Silverdale,47.65,-122.69
2026-07-03,0.04438119744683799,62_Silverdale,47.65,-122.69
2026-07-04,0.04528321251916755,62_Silverdale,47.65,-122.69
2026-07-05,0.041914141608443554,62_Silverdale,47.65,-122.69
2026-07-06,0.03318330933013151,62_Silverdale,47.65,-122.69
2026-07-07,0.029855001932741557,62_Silverdale,47.65,-122.69
2026-07-08,0.029627351633615004,62_Silverdale,47.65,-122.69
2026-07-09,0.03139495643893926,62_Silverdale,47.65,-122.69
2026-07-10,0.04373356519809323,62_Silverdale,47.65,-122.69
2026-07-11,0.040050976460797624,62_Silverdale,47.65,-122.69
2026-07-12,0.027932629976985597,62_Silverdale,47.65,-122.69
2026-07-13,0.020633031753411104,62_Silverdale,47.65,-122.69
2026-07-14,0.03089761043525972,62_Silverdale,47.65,-122.69
2026-07-15,0.04516468311091288,62_Silverdale,47.65,-122.69
2026-07-16,0.04861581097483508,62_Silverdale,47.65,-122.69
2026-07-17,0.04972708724282893,62_Silverdale,47.65,-122.69
2026-07-18,0.04626374361670218,62_Silverdale,47.65,-122.69
2026-07-19,0.03199865399011718,62_Silverdale,47.65,-122.69
2026-07-20,0.02914805110747964,62_Silverdale,47.65,-122.69
2026-07-21,0.03335225924593903,62_Silverdale,47.65,-122.69
2026-07-22,0.05019174088102182,62_Silverdale,47.65,-122.69
2026-07-23,0.06134004722467557,62_Silverdale,47.65,-122.69
2026-07-24,0.0620831875996017,62_Silverdale,47.65,-122.69
2026-07-25,0.05921539184679038,62_Silverdale,47.65,-122.69
2026-07-26,0.026108384444413265,62_Silverdale,47.65,-122.69
2026-07-27,0.021066485950750988,62_Silverdale,47.65,-122.69
2026-07-28,0.021915773618825657,62_Silverdale,47.65,-122.69
2026-07-29,0.04554808224597664,62_Silverdale,47.65,-122.69
2026-07-30,0.059267862467000464,62_Silverdale,47.65,-122.69
2026-07-31,0.05211716458025721,62_Silverdale,47.65,-122.69
2026-08-01,0.0330507701799222,62_Silverdale,47.65,-122.69
2026-08-02,0.019434246498278268,62_Silverdale,47.65,-122.69
2026-08-03,0.023719020697741008,62_Silverdale,47.65,-122.69
2026-08-04,0.0537676619788984,62_Silverdale,47.65,-122.69
2026-08-05,0.07137903870377225,62_Silverdale,47.65,-122.69
2026-08-06,0.07890782605201473,62_Silverdale,47.65,-122.69
2026-08-07,0.06564413348178787,62_Silverdale,47.65,-122.69
2026-08-08,0.031279527078512816,62_Silverdale,47.65,-122.69
2026-08-09,0.034927330055695135,62_Silverdale,47.65,-122.69
2026-08-10,0.054149201086432834,62_Silverdale,47.65,-122.69
2026-08-11,0.06423910117137085,62_Silverdale,47.65,-122.69
2026-08-12,0.055983991479198456,62_Silverdale,47.65,-122.69
2026-08-13,0.04428562600453405,62_Silverdale,47.65,-122.69
2026-08-14,0.02536267262311252,62_Silverdale,47.65,-122.69
2026-08-15,0.021794722555286167,62_Silverdale,47.65,-122.69
2026-08-16,0.023421499812310616,62_Silverdale,47.65,-122.69
2026-08-17,0.05810300712846403,62_Silverdale,47.65,-122.69
2026-08-18,0.07428950927208544,62_Silverdale,47.65,-122.69
2026-08-19,0.07887739990488364,62_Silverdale,47.65,-122.69
2026-08-20,0.059462624940957894,62_Silverdale,47.65,-122.69
2026-08-21,0.03023253010464144,62_Silverdale,47.65,-122.69
2026-08-22,0.02725929773236549,62_Silverdale,47.65,-122.69
2026-08-23,0.02482756150595373,62_Silverdale,47.65,-122.69
2026-08-24,0.03376382916461487,62_Silverdale,47.65,-122.69
2026-08-25,0.055930193445843115,62_Silverdale,47.65,-122.69
2026-08-26,0.06887064074765063,62_Silverdale,47.65,-122.69
2026-08-27,0.07227817928253899,62_Silverdale,47.65,-122.69
2026-08-28,0.07527737873776709,62_Silverdale,47.65,-122.69
2026-08-29,0.061093612548702235,62_Silverdale,47.65,-122.69
2026-08-30,0.03443311754778441,62_Silverdale,47.65,-122.69
2026-08-31,0.040055798367487586,62_Silverdale,47.65,-122.69
2026-09-01,0.06215674880144116,62_Silverdale,47.65,-122.69
2026-09-02,0.07769861637412022,62_Silverdale,47.65,-122.69
2026-09-03,0.075015908187502,62_Silverdale,47.65,-122.69
2026-09-04,0.07806604379189777,62_Silverdale,47.65,-122.69
2026-09-05,0.06809729237229925,62_Silverdale,47.65,-122.69
2026-09-06,0.048487893061006704,62_Silverdale,47.65,-122.69
2026-09-07,0.04868288620157623,62_Silverdale,47.65,-122.69
2026-09-08,0.053039355008570266,62_Silverdale,47.65,-122.69
2026-09-09,0.05164562532557382,62_Silverdale,47.65,-122.69
2026-09-10,0.0488968030219008,62_Silverdale,47.65,-122.69
2026-09-11,0.047279699390019796,62_Silverdale,47.65,-122.69
2026-09-12,0.03791585088859795,62_Silverdale,47.65,-122.69
2026-09-13,0.06116206501910692,62_Silverdale,47.65,-122.69
2026-09-14,0.08127149238789137,62_Silverdale,47.65,-122.69
2026-09-15,0.09410261610504234,62_Silverdale,47.65,-122.69
2026-09-16,0.0954584737113715,62_Silverdale,47.65,-122.69
2026-09-17,0.08199910187908194,62_Silverdale,47.65,-122.69
2026-09-18,0.0633355344152125,62_Silverdale,47.65,-122.69
2026-09-19,0.04487048568098876,62_Silverdale,47.65,-122.69
2026-09-20,0.036217868936328536,62_Silverdale,47.65,-122.69
2026-09-21,0.12617039024005863,62_Silverdale,47.65,-122.69
2026-09-22,0.139450886064157,62_Silverdale,47.65,-122.69
2026-09-23,0.14582933876774035,62_Silverdale,47.65,-122.69
2026-09-24,0.12001632874337444,62_Silverdale,47.65,-122.69
2026-09-25,0.09360130385428625,62_Silverdale,47.65,-122.69
2026-09-26,0.07429088188649775,62_Silverdale,47.65,-122.69
2026-09-27,0.07027305169100476,62_Silverdale,47.65,-122.69
2026-09-28,0.05954088268046904,62_Silverdale,47.65,-122.69
2026-09-29,0.049126349800603104,62_Silverdale,47.65,-122.69
2026-09-30,0.04903253102386653,62_Silverdale,47.65,-122.69
2026-10-01,0.060950477351734124,62_Silverdale,47.65,-122.69
2026-10-02,0.06498738600995906,62_Silverdale,47.65,-122.69
2026-10-03,0.059742063033210835,62_Silverdale,47.65,-122.69
2026-10-04,0.05818448569296919,62_Silverdale,47.65,-122.69
2026-10-05,0.04911797350966013,62_Silverdale,47.65,-122.69
2026-10-06,0.08205549345193458,62_Silverdale,47.65,-122.69
2026-10-07,0.09985886841957231,62_Silverdale,47.65,-122.69
2026-10-08,0.10362668359701223,62_Silverdale,47.65,-122.69
2026-10-09,0.10873665083244416,62_Silverdale,47.65,-122.69
2026-10-10,0.09699981968785878,62_Silverdale,47.65,-122.69
2026-10-11,0.07646213931376682,62_Silverdale,47.65,-122.69
2026-10-12,0.07852997533781161,62_Silverdale,47.65,-122.69
2026-10-13,0.11373243703521284,62_Silverdale,47.65,-122.69
2026-10-14,0.12984967333598235,62_Silverdale,47.65,-122.69
2026-10-15,0.11907955622455214,62_Silverdale,47.65,-122.69
2026-10-16,0.11369017492894759,62_Silverdale,47.65,-122.69
2026-10-17,0.11398244205507714,62_Silverdale,47.65,-122.69
2026-10-18,0.0817939632341076,62_Silverdale,47.65,-122.69
2026-10-19,0.11992033343164837,62_Silverdale,47.65,-122.69
2026-10-20,0.14300693937867076,62_Silverdale,47.65,-122.69
2026-10-21,0.11643858784026195,62_Silverdale,47.65,-122.69
2026-10-22,0.10750538854645263,62_Silverdale,47.65,-122.69
2026-10-23,0.10158281887631058,62_Silverdale,47.65,-122.69
2026-10-24,0.08758688117110873,62_Silverdale,47.65,-122.69
2026-10-25,0.08101867527638079,62_Silverdale,47.65,-122.69
2026-10-26,0.11618930823155624,62_Silverdale,47.65,-122.69
2026-10-27,0.14462313576822577,62_Silverdale,47.65,-122.69
2026-10-28,0.14183032739888748,62_Silverdale,47.65,-122.69
2026-10-29,0.14507167523833717,62_Silverdale,47.65,-122.69
2026-10-30,0.13618402641512029,62_Silverdale,47.65,-122.69
2026-10-31,0.11829640868876343,62_Silverdale,47.65,-122.69
2026-11-01,0.11775782383400034,62_Silverdale,47.65,-122.69
2026-11-02,0.13988028302481886,62_Silverdale,47.65,-122.69
2026-11-03,0.14357525190240034,62_Silverdale,47.65,-122.69
2026-11-04,0.1417423805066571,62_Silverdale,47.65,-122.69
2026-11-05,0.13027339180154524,62_Silverdale,47.65,-122.69
2026-11-06,0.10495277140349438,62_Silverdale,47.65,-122.69
2026-11-07,0.10381392821547876,62_Silverdale,47.65,-122.69
2026-11-08,0.10071339204924923,62_Silverdale,47.65,-122.69
2026-11-09,0.11840996820229649,62_Silverdale,47.65,-122.69
2026-11-10,0.12802518425961898,62_Silverdale,47.65,-122.69
2026-11-11,0.13135006549849676,62_Silverdale,47.65,-122.69
2026-11-12,0.13662197893662936,62_Silverdale,47.65,-122.69
2026-11-13,0.13472674069263757,62_Silverdale,47.65,-122.69
2026-11-14,0.11737965928130366,62_Silverdale,47.65,-122.69
2026-11-15,0.1331840265694478,62_Silverdale,47.65,-122.69
2026-11-16,0.12999292708229887,62_Silverdale,47.65,-122.69
2026-11-17,0.10352222674003689,62_Silverdale,47.65,-122.69
2026-11-18,0.12489182035994872,62_Silverdale,47.65,-122.69
2026-11-19,0.1388079333874246,62_Silverdale,47.65,-122.69
2026-11-20,0.13201860353955616,62_Silverdale,47.65,-122.69
2026-11-21,0.130098735159447,62_Silverdale,47.65,-122.69
2026-11-22,0.1386675107071398,62_Silverdale,47.65,-122.69
2026-11-23,0.14497704005312106,62_Silverdale,47.65,-122.69
2026-11-24,0.15158137163336644,62_Silverdale,47.65,-122.69
2026-11-25,0.1254698100130395,62_Silverdale,47.65,-122.69
2026-11-26,0.11004114116355011,62_Silverdale,47.65,-122.69
2026-11-27,0.11089971147695649,62_Silverdale,47.65,-122.69
2026-11-28,0.11944063216160428,62_Silverdale,47.65,-122.69
2026-11-29,0.12416650802247502,62_Silverdale,47.65,-122.69
2026-11-30,0.15397780075711612,62_Silverdale,47.65,-122.69
2026-12-01,0.16171012713486882,62_Silverdale,47.65,-122.69
2026-12-02,0.16380084450936686,62_Silverdale,47.65,-122.69
2026-12-03,0.16563664686685695,62_Silverdale,47.65,-122.69
2026-12-04,0.15464338693624952,62_Silverdale,47.65,-122.69
2026-12-05,0.14265441665728962,62_Silverdale,47.65,-122.69
2026-12-06,0.1783881041672425,62_Silverdale,47.65,-122.69
2026-12-07,0.16409844875549667,62_Silverdale,47.65,-122.69
2026-12-08,0.15287973334657926,62_Silverdale,47.65,-122.69
2026-12-09,0.19522855691987634,62_Silverdale,47.65,-122.69
2026-12-10,0.20107044779977098,62_Silverdale,47.65,-122.69
2026-12-11,0.15897153481230977,62_Silverdale,47.65,-122.69
2026-12-12,0.19158827616030996,62_Silverdale,47.65,-122.69
2026-12-13,0.20316350324464683,62_Silverdale,47.65,-122.69
2026-12-14,0.2004666253012167,62_Silverdale,47.65,-122.69
2026-12-15,0.1880347019925863,62_Silverdale,47.65,-122.69
2026-12-16,0.16346407934886195,62_Silverdale,47.65,-122.69
2026-12-17,0.14911311467722504,62_Silverdale,47.65,-122.69
2026-12-18,0.15015674758143874,62_Silverdale,47.65,-122.69
2026-12-19,0.20717531212269738,62_Silverdale,47.65,-122.69
2026-12-20,0.17770471687662764,62_Silverdale,47.65,-122.69
2026-12-21,0.20983854200065574,62_Silverdale,47.65,-122.69
2026-12-22,0.21610645274741244,62_Silverdale,47.65,-122.69
2026-12-23,0.2059358163000664,62_Silverdale,47.65,-122.69
2026-12-24,0.17945849386681026,62_Silverdale,47.65,-122.69
2026-12-25,0.16209606788840986,62_Silverdale,47.65,-122.69
2026-12-26,0.16793726435850972,62_Silverdale,47.65,-122.69
2026-12-27,0.10898563109285016,62_Silverdale,47.65,-122.69
2026-12-28,0.09275760431506437,62_Silverdale,47.65,-122.69
2026-12-29,0.09672021980125753,62_Silverdale,47.65,-122.69
2026-12-30,0.10646343946377522,62_Silverdale,47.65,-122.69
2026-12-31,0.08064689002924959,62_Silverdale,47.65,-122.69
2027-01-01,0.05905981289184257,62_Silverdale,47.65,-122.69
2027-01-02,0.07726756367034635,62_Silverdale,47.65,-122.69
2027-01-03,0.08700655822044413,62_Silverdale,47.65,-122.69
2027-01-04,0.09280131276812596,62_Silverdale,47.65,-122.69
2027-01-05,0.09210526313354046,62_Silverdale,47.65,-122.69
2027-01-06,0.12445058916089867,62_Silverdale,47.65,-122.69
2027-01-07,0.1524963892176076,62_Silverdale,47.65,-122.69
2027-01-08,0.15283564485298246,62_Silverdale,47.65,-122.69
2027-01-09,0.15903800063577686,62_Silverdale,47.65,-122.69
2027-01-10,0.18124024911788195,62_Silverdale,47.65,-122.69
2027-01-11,0.24124318231082123,62_Silverdale,47.65,-122.69
2027-01-12,0.21551932385340608,62_Silverdale,47.65,-122.69
2027-01-13,0.18900349010334427,62_Silverdale,47.65,-122.69
2027-01-14,0.18909156919853487,62_Silverdale,47.65,-122.69
2027-01-15,0.15781945253701155,62_Silverdale,47.65,-122.69
2027-01-16,0.15677790989551924,62_Silverdale,47.65,-122.69
2027-01-17,0.176533742253004,62_Silverdale,47.65,-122.69
2027-01-18,0.1810325040275595,62_Silverdale,47.65,-122.69
2027-01-19,0.15836164984410614,62_Silverdale,47.65,-122.69
2027-01-20,0.1981997790229251,62_Silverdale,47.65,-122.69
2027-01-21,0.20745086522662,62_Silverdale,47.65,-122.69
2027-01-22,0.13773213018925198,62_Silverdale,47.65,-122.69
2027-01-23,0.1189563658509912,62_Silverdale,47.65,-122.69
2027-01-24,0.12596953737202568,62_Silverdale,47.65,-122.69
2027-01-25,0.13111623439406367,62_Silverdale,47.65,-122.69
2027-01-26,0.12129757786735787,62_Silverdale,47.65,-122.69
2027-01-27,0.11492158091682643,62_Silverdale,47.65,-122.69
2027-01-28,0.11225659341255365,62_Silverdale,47.65,-122.69
2027-01-29,0.07052779482085084,62_Silverdale,47.65,-122.69
2027-01-30,0.06926111701792304,62_Silverdale,47.65,-122.69
2027-01-31,0.07631396819335765,62_Silverdale,47.65,-122.69
2027-02-01,0.07149530747856166,62_Silverdale,47.65,-122.69
2027-02-02,0.06520368935732054,62_Silverdale,47.65,-122.69
2027-02-03,0.07429016109051212,62_Silverdale,47.65,-122.69
2027-02-04,0.07926863474885591,62_Silverdale,47.65,-122.69
2027-02-05,0.0641860019658734,62_Silverdale,47.65,-122.69
2027-02-06,0.05767248843509589,62_Silverdale,47.65,-122.69
2027-02-07,0.06344184087425234,62_Silverdale,47.65,-122.69
2027-02-08,0.06858770675608548,62_Silverdale,47.65,-122.69
2027-02-09,0.06339568365059357,62_Silverdale,47.65,-122.69
2027-02-10,0.06601106081043592,62_Silverdale,47.65,-122.69
2027-02-11,0.06576171333525259,62_Silverdale,47.65,-122.69
2027-02-12,0.05731019587241962,62_Silverdale,47.65,-122.69
2027-02-13,0.057335261680174734,62_Silverdale,47.65,-122.69
2027-02-14,0.061645929326715004,62_Silverdale,47.65,-122.69
2027-02-15,0.060882202808292714,62_Silverdale,47.65,-122.69
2027-02-16,0.05973249397347107,62_Silverdale,47.65,-122.69
2027-02-17,0.06346210997092101,62_Silverdale,47.65,-122.69
2027-02-18,0.061035654748113,62_Silverdale,47.65,-122.69
2027-02-19,0.05593290404771032,62_Silverdale,47.65,-122.69
2027-02-20,0.06262218347316897,62_Silverdale,47.65,-122.69
2027-02-21,0.06298058599454655,62_Silverdale,47.65,-122.69
2027-02-22,0.06870378243041456,62_Silverdale,47.65,-122.69
2027-02-23,0.06657167571527363,62_Silverdale,47.65,-122.69
2027-02-24,0.06673909542020805,62_Silverdale,47.65,-122.69
2027-02-25,0.06657484558031262,62_Silverdale,47.65,-122.69
2027-02-26,0.0635717857590344,62_Silverdale,47.65,-122.69
2027-02-27,0.07600594446568883,62_Silverdale,47.65,-122.69
2027-02-28,0.08265229356994806,62_Silverdale,47.65,-122.69
2027-03-01,0.08622360580664633,62_Silverdale,47.65,-122.69
2027-03-02,0.08180200034947616,62_Silverdale,47.65,-122.69
2027-03-03,0.07346293672643735,62_Silverdale,47.65,-122.69
2027-03-04,0.07862409894557182,62_Silverdale,47.65,-122.69
2027-03-05,0.07538712972335607,62_Silverdale,47.65,-122.69
2027-03-06,0.06818505920406238,62_Silverdale,47.65,-122.69
2027-03-07,0.07049014565544495,62_Silverdale,47.65,-122.69
2027-03-08,0.07528478294948897,62_Silverdale,47.65,-122.69
2027-03-09,0.06865200372723071,62_Silverdale,47.65,-122.69
2026-03-10,0.08181051063424044,67_Bridletree,47.61,-122.82
2026-03-11,0.1476488077187922,67_Bridletree,47.61,-122.82
2026-03-12,0.18773133002937892,67_Bridletree,47.61,-122.82
2026-03-13,0.17008625681598685,67_Bridletree,47.61,-122.82
2026-03-14,0.12550902227253202,67_Bridletree,47.61,-122.82
2026-03-15,0.10302760924167122,67_Bridletree,47.61,-122.82
2026-03-16,0.07856437943002137,67_Bridletree,47.61,-122.82
2026-03-17,0.09207383077441417,67_Bridletree,47.61,-122.82
2026-03-18,0.11388451803419952,67_Bridletree,47.61,-122.82
2026-03-19,0.12670438521669652,67_Bridletree,47.61,-122.82
2026-03-20,0.1087218319780222,67_Bridletree,47.61,-122.82
2026-03-21,0.10279443361320603,67_Bridletree,47.61,-122.82
2026-03-22,0.11007611645291468,67_Bridletree,47.61,-122.82
2026-03-23,0.11876651120681365,67_Bridletree,47.61,-122.82
2026-03-24,0.09767507664580291,67_Bridletree,47.61,-122.82
2026-03-25,0.08042374431217277,67_Bridletree,47.61,-122.82
2026-03-26,0.08493409317188995,67_Bridletree,47.61,-122.82
2026-03-27,0.11203007395145727,67_Bridletree,47.61,-122.82
2026-03-28,0.10808834913072858,67_Bridletree,47.61,-122.82
2026-03-29,0.10768574952556051,67_Bridletree,47.61,-122.82
2026-03-30,0.10624803368634564,67_Bridletree,47.61,-122.82
2026-03-31,0.11451070618696818,67_Bridletree,47.61,-122.82
2026-04-01,0.09835195352993154,67_Bridletree,47.61,-122.82
2026-04-02,0.08687060238997998,67_Bridletree,47.61,-122.82
2026-04-03,0.08948610054608734,67_Bridletree,47.61,-122.82
2026-04-04,0.0872503691995887,67_Bridletree,47.61,-122.82
2026-04-05,0.08773189673621973,67_Bridletree,47.61,-122.82
2026-04-06,0.09282851275913787,67_Bridletree,47.61,-122.82
2026-04-07,0.0897516090312945,67_Bridletree,47.61,-122.82
2026-04-08,0.09465434783611748,67_Bridletree,47.61,-122.82
2026-04-09,0.0999431895045501,67_Bridletree,47.61,-122.82
2026-04-10,0.10020788678091075,67_Bridletree,47.61,-122.82
2026-04-11,0.10778028192897193,67_Bridletree,47.61,-122.82
2026-04-12,0.07442601784455713,67_Bridletree,47.61,-122.82
2026-04-13,0.06448585552008007,67_Bridletree,47.61,-122.82
2026-04-14,0.07419119095172051,67_Bridletree,47.61,-122.82
2026-04-15,0.08254250858196874,67_Bridletree,47.61,-122.82
2026-04-16,0.07917331549927767,67_Bridletree,47.61,-122.82
2026-04-17,0.07770108798929497,67_Bridletree,47.61,-122.82
2026-04-18,0.08261856827453688,67_Bridletree,47.61,-122.82
2026-04-19,0.06409553111273981,67_Bridletree,47.61,-122.82
2026-04-20,0.06547721550792845,67_Bridletree,47.61,-122.82
2026-04-21,0.06484574108740646,67_Bridletree,47.61,-122.82
2026-04-22,0.06889374574006837,67_Bridletree,47.61,-122.82
2026-04-23,0.06263435796845192,67_Bridletree,47.61,-122.82
2026-04-24,0.06009001077110897,67_Bridletree,47.61,-122.82
2026-04-25,0.06012907468056828,67_Bridletree,47.61,-122.82
2026-04-26,0.059580481328152884,67_Bridletree,47.61,-122.82
2026-04-27,0.06100012180066793,67_Bridletree,47.61,-122.82
2026-04-28,0.06068841016060201,67_Bridletree,47.61,-122.82
2026-04-29,0.05549792512603125,67_Bridletree,47.61,-122.82
2026-04-30,0.05732434019932327,67_Bridletree,47.61,-122.82
2026-05-01,0.06595383833149573,67_Bridletree,47.61,-122.82
2026-05-02,0.0663800440395925,67_Bridletree,47.61,-122.82
2026-05-03,0.0620589185566873,67_Bridletree,47.61,-122.82
2026-05-04,0.0700642100078534,67_Bridletree,47.61,-122.82
2026-05-05,0.06383228024607732,67_Bridletree,47.61,-122.82
2026-05-06,0.05312158494102623,67_Bridletree,47.61,-122.82
2026-05-07,0.0372214199122517,67_Bridletree,47.61,-122.82
2026-05-08,0.044433760984908456,67_Bridletree,47.61,-122.82
2026-05-09,0.07927572699123711,67_Bridletree,47.61,-122.82
2026-05-10,0.07465666713621351,67_Bridletree,47.61,-122.82
2026-05-11,0.07261657894992547,67_Bridletree,47.61,-122.82
2026-05-12,0.060302013406540345,67_Bridletree,47.61,-122.82
2026-05-13,0.048966119789831564,67_Bridletree,47.61,-122.82
2026-05-14,0.05333710548761797,67_Bridletree,47.61,-122.82
2026-05-15,0.08227982274365227,67_Bridletree,47.61,-122.82
2026-05-16,0.07714034509661548,67_Bridletree,47.61,-122.82
2026-05-17,0.060141917738423624,67_Bridletree,47.61,-122.82
2026-05-18,0.05055803991501091,67_Bridletree,47.61,-122.82
2026-05-19,0.0563486701910566,67_Bridletree,47.61,-122.82
2026-05-20,0.07328066784511895,67_Bridletree,47.61,-122.82
2026-05-21,0.07633719060058843,67_Bridletree,47.61,-122.82
2026-05-22,0.07476571191357448,67_Bridletree,47.61,-122.82
2026-05-23,0.0546568256342911,67_Bridletree,47.61,-122.82
2026-05-24,0.04416320518157161,67_Bridletree,47.61,-122.82
2026-05-25,0.049844655730315615,67_Bridletree,47.61,-122.82
2026-05-26,0.08487183978552748,67_Bridletree,47.61,-122.82
2026-05-27,0.08422174002133746,67_Bridletree,47.61,-122.82
2026-05-28,0.06603583257838545,67_Bridletree,47.61,-122.82
2026-05-29,0.05270966340999824,67_Bridletree,47.61,-122.82
2026-05-30,0.04521787655227361,67_Bridletree,47.61,-122.82
2026-05-31,0.0639883058214905,67_Bridletree,47.61,-122.82
2026-06-01,0.08369507398176249,67_Bridletree,47.61,-122.82
2026-06-02,0.07354679544022355,67_Bridletree,47.61,-122.82
2026-06-03,0.058232389150675724,67_Bridletree,47.61,-122.82
2026-06-04,0.04899552883468272,67_Bridletree,47.61,-122.82
2026-06-05,0.05321814068418171,67_Bridletree,47.61,-122.82
2026-06-06,0.07809971903042692,67_Bridletree,47.61,-122.82
2026-06-07,0.071883561367813,67_Bridletree,47.61,-122.82
2026-06-08,0.07605852382132078,67_Bridletree,47.61,-122.82
2026-06-09,0.07095054069161996,67_Bridletree,47.61,-122.82
2026-06-10,0.06530776088615285,67_Bridletree,47.61,-122.82
2026-06-11,0.051564220964076896,67_Bridletree,47.61,-122.82
2026-06-12,0.03989394507018869,67_Bridletree,47.61,-122.82
2026-06-13,0.043900621528487165,67_Bridletree,47.61,-122.82
2026-06-14,0.06389234602024199,67_Bridletree,47.61,-122.82
2026-06-15,0.06966972852115882,67_Bridletree,47.61,-122.82
2026-06-16,0.0600678784730202,67_Bridletree,47.61,-122.82
2026-06-17,0.05157958671037284,67_Bridletree,47.61,-122.82
2026-06-18,0.04174965846962646,67_Bridletree,47.61,-122.82
2026-06-19,0.04111602946709651,67_Bridletree,47.61,-122.82
2026-06-20,0.03727898584936654,67_Bridletree,47.61,-122.82
2026-06-21,0.040442533214948596,67_Bridletree,47.61,-122.82
2026-06-22,0.05285667821102572,67_Bridletree,47.61,-122.82
2026-06-23,0.05746040555034219,67_Bridletree,47.61,-122.82
2026-06-24,0.05317530062001304,67_Bridletree,47.61,-122.82
2026-06-25,0.02867682381081393,67_Bridletree,47.61,-122.82
2026-06-26,0.02698961844719277,67_Bridletree,47.61,-122.82
2026-06-27,0.029916650394737454,67_Bridletree,47.61,-122.82
2026-06-28,0.04710806048841404,67_Bridletree,47.61,-122.82
2026-06-29,0.05438093932188363,67_Bridletree,47.61,-122.82
2026-06-30,0.04952048365773325,67_Bridletree,47.61,-122.82
2026-07-01,0.03498909143279191,67_Bridletree,47.61,-122.82
2026-07-02,0.023255752868128275,67_Bridletree,47.61,-122.82
2026-07-03,0.021603836179792852,67_Bridletree,47.61,-122.82
2026-07-04,0.030889953723983447,67_Bridletree,47.61,-122.82
2026-07-05,0.04467221412478266,67_Bridletree,47.61,-122.82
2026-07-06,0.0579895764332977,67_Bridletree,47.61,-122.82
2026-07-07,0.055131608378929726,67_Bridletree,47.61,-122.82
2026-07-08,0.043047933033035425,67_Bridletree,47.61,-122.82
2026-07-09,0.02982784642541818,67_Bridletree,47.61,-122.82
2026-07-10,0.026648356858605338,67_Bridletree,47.61,-122.82
2026-07-11,0.028821267744235272,67_Bridletree,47.61,-122.82
2026-07-12,0.03809990386152102,67_Bridletree,47.61,-122.82
2026-07-13,0.04466278639594115,67_Bridletree,47.61,-122.82
2026-07-14,0.046914789861372166,67_Bridletree,47.61,-122.82
2026-07-15,0.04841718043420498,67_Bridletree,47.61,-122.82
2026-07-16,0.047895434727821366,67_Bridletree,47.61,-122.82
2026-07-17,0.032559649819966965,67_Bridletree,47.61,-122.82
2026-07-18,0.024431898217951414,67_Bridletree,47.61,-122.82
2026-07-19,0.029727283884530924,67_Bridletree,47.61,-122.82
2026-07-20,0.055730569986081974,67_Bridletree,47.61,-122.82
2026-07-21,0.07094521555874074,67_Bridletree,47.61,-122.82
2026-07-22,0.06948874255932223,67_Bridletree,47.61,-122.82
2026-07-23,0.04875193905683806,67_Bridletree,47.61,-122.82
2026-07-24,0.02517600404507343,67_Bridletree,47.61,-122.82
2026-07-25,0.0211938126598881,67_Bridletree,47.61,-122.82
2026-07-26,0.023738308952835633,67_Bridletree,47.61,-122.82
2026-07-27,0.05582334485538163,67_Bridletree,47.61,-122.82
2026-07-28,0.0688725208537889,67_Bridletree,47.61,-122.82
2026-07-29,0.06017624595403653,67_Bridletree,47.61,-122.82
2026-07-30,0.03164576458287414,67_Bridletree,47.61,-122.82
2026-07-31,0.020031389931562133,67_Bridletree,47.61,-122.82
2026-08-01,0.0246763262107994,67_Bridletree,47.61,-122.82
2026-08-02,0.0455707800076263,67_Bridletree,47.61,-122.82
2026-08-03,0.06966088081185458,67_Bridletree,47.61,-122.82
2026-08-04,0.07215027600930023,67_Bridletree,47.61,-122.82
2026-08-05,0.06681750721145707,67_Bridletree,47.61,-122.82
2026-08-06,0.036656166733586557,67_Bridletree,47.61,-122.82
2026-08-07,0.02968179832317435,67_Bridletree,47.61,-122.82
2026-08-08,0.02982303711457957,67_Bridletree,47.61,-122.82
2026-08-09,0.054884502020556884,67_Bridletree,47.61,-122.82
2026-08-10,0.08464368667642228,67_Bridletree,47.61,-122.82
2026-08-11,0.09070493671387089,67_Bridletree,47.61,-122.82
2026-08-12,0.06112540942880252,67_Bridletree,47.61,-122.82
2026-08-13,0.026263675567537774,67_Bridletree,47.61,-122.82
2026-08-14,0.0238914469083905,67_Bridletree,47.61,-122.82
2026-08-15,0.030310417474796868,67_Bridletree,47.61,-122.82
2026-08-16,0.042980015738395015,67_Bridletree,47.61,-122.82
2026-08-17,0.06297900365101347,67_Bridletree,47.61,-122.82
2026-08-18,0.07422941809950984,67_Bridletree,47.61,-122.82
2026-08-19,0.06946058477989983,67_Bridletree,47.61,-122.82
2026-08-20,0.0494376352593859,67_Bridletree,47.61,-122.82
2026-08-21,0.026247128452896538,67_Bridletree,47.61,-122.82
2026-08-22,0.02292668376935031,67_Bridletree,47.61,-122.82
2026-08-23,0.025085263533610833,67_Bridletree,47.61,-122.82
2026-08-24,0.06202198211258294,67_Bridletree,47.61,-122.82
2026-08-25,0.09439488382415727,67_Bridletree,47.61,-122.82
2026-08-26,0.08856503970708636,67_Bridletree,47.61,-122.82
2026-08-27,0.05111171352221607,67_Bridletree,47.61,-122.82
2026-08-28,0.03767643208234172,67_Bridletree,47.61,-122.82
2026-08-29,0.0269849046327168,67_Bridletree,47.61,-122.82
2026-08-30,0.028950097568678005,67_Bridletree,47.61,-122.82
2026-08-31,0.06111602716407015,67_Bridletree,47.61,-122.82
2026-09-01,0.07532010247325932,67_Bridletree,47.61,-122.82
2026-09-02,0.07891143405151475,67_Bridletree,47.61,-122.82
2026-09-03,0.07445689307703238,67_Bridletree,47.61,-122.82
2026-09-04,0.07210041540884705,67_Bridletree,47.61,-122.82
2026-09-05,0.06987858905200542,67_Bridletree,47.61,-122.82
2026-09-06,0.04822469885531246,67_Bridletree,47.61,-122.82
2026-09-07,0.04685551525760498,67_Bridletree,47.61,-122.82
2026-09-08,0.03833907171117358,67_Bridletree,47.61,-122.82
2026-09-09,0.0462557714886037,67_Bridletree,47.61,-122.82
2026-09-10,0.06347577315138835,67_Bridletree,47.61,-122.82
2026-09-11,0.07251911796592847,67_Bridletree,47.61,-122.82
2026-09-12,0.06606044465418406,67_Bridletree,47.61,-122.82
2026-09-13,0.06363035882703719,67_Bridletree,47.61,-122.82
2026-09-14,0.07316334675640959,67_Bridletree,47.61,-122.82
2026-09-15,0.08851461387068447,67_Bridletree,47.61,-122.82
2026-09-16,0.09359359483067355,67_Bridletree,47.61,-122.82
2026-09-17,0.08342318309343204,67_Bridletree,47.61,-122.82
2026-09-18,0.06446419437067515,67_Bridletree,47.61,-122.82
2026-09-19,0.047368719854615625,67_Bridletree,47.61,-122.82
2026-09-20,0.03718873189570108,67_Bridletree,47.61,-122.82
2026-09-21,0.11068928813477254,67_Bridletree,47.61,-122.82
2026-09-22,0.14663617378076604,67_Bridletree,47.61,-122.82
2026-09-23,0.16306084528233114,67_Bridletree,47.61,-122.82
2026-09-24,0.14383069565772752,67_Bridletree,47.61,-122.82
2026-09-25,0.13320624158634842,67_Bridletree,47.61,-122.82
2026-09-26,0.09778864270195578,67_Bridletree,47.61,-122.82
2026-09-27,0.08063219961935163,67_Bridletree,47.61,-122.82
2026-09-28,0.05547323153903807,67_Bridletree,47.61,-122.82
2026-09-29,0.05940217199628816,67_Bridletree,47.61,-122.82
2026-09-30,0.08579849461619016,67_Bridletree,47.61,-122.82
2026-10-01,0.0817693733506507,67_Bridletree,47.61,-122.82
2026-10-02,0.07763895991684108,67_Bridletree,47.61,-122.82
2026-10-03,0.0658044636717836,67_Bridletree,47.61,-122.82
2026-10-04,0.06550974906279,67_Bridletree,47.61,-122.82
2026-10-05,0.07024317294846859,67_Bridletree,47.61,-122.82
2026-10-06,0.11221779073260868,67_Bridletree,47.61,-122.82
2026-10-07,0.14364724482865052,67_Bridletree,47.61,-122.82
2026-10-08,0.13817735516146748,67_Bridletree,47.61,-122.82
2026-10-09,0.13231424423018887,67_Bridletree,47.61,-122.82
2026-10-10,0.1072173834951635,67_Bridletree,47.61,-122.82
2026-10-11,0.08521805352300166,67_Bridletree,47.61,-122.82
2026-10-12,0.0840436792774317,67_Bridletree,47.61,-122.82
2026-10-13,0.12619865816697423,67_Bridletree,47.61,-122.82
2026-10-14,0.1547704061511221,67_Bridletree,47.61,-122.82
2026-10-15,0.14752284655566433,67_Bridletree,47.61,-122.82
2026-10-16,0.13555277088888062,67_Bridletree,47.61,-122.82
2026-10-17,0.14024666856046628,67_Bridletree,47.61,-122.82
2026-10-18,0.12225431248135832,67_Bridletree,47.61,-122.82
2026-10-19,0.1348880407986506,67_Bridletree,47.61,-122.82
2026-10-20,0.1351088302300778,67_Bridletree,47.61,-122.82
2026-10-21,0.11007351746287483,67_Bridletree,47.61,-122.82
2026-10-22,0.10870702915919249,67_Bridletree,47.61,-122.82
2026-10-23,0.10314183710973336,67_Bridletree,47.61,-122.82
2026-10-24,0.09255406192379811,67_Bridletree,47.61,-122.82
2026-10-25,0.08652255355064424,67_Bridletree,47.61,-122.82
2026-10-26,0.12132813711803869,67_Bridletree,47.61,-122.82
2026-10-27,0.15830507168166216,67_Bridletree,47.61,-122.82
2026-10-28,0.18293884668160548,67_Bridletree,47.61,-122.82
2026-10-29,0.16418231735455416,67_Bridletree,47.61,-122.82
2026-10-30,0.16809134538288317,67_Bridletree,47.61,-122.82
2026-10-31,0.16292959313783556,67_Bridletree,47.61,-122.82
2026-11-01,0.1590763015829047,67_Bridletree,47.61,-122.82
2026-11-02,0.17973813708828468,67_Bridletree,47.61,-122.82
2026-11-03,0.15775208799562607,67_Bridletree,47.61,-122.82
2026-11-04,0.15768549732963302,67_Bridletree,47.61,-122.82
2026-11-05,0.12916433983022174,67_Bridletree,47.61,-122.82
2026-11-06,0.14679813306362777,67_Bridletree,47.61,-122.82
2026-11-07,0.13269744987489734,67_Bridletree,47.61,-122.82
2026-11-08,0.1190510343467842,67_Bridletree,47.61,-122.82
2026-11-09,0.13515825630689346,67_Bridletree,47.61,-122.82
2026-11-10,0.13724630789511186,67_Bridletree,47.61,-122.82
2026-11-11,0.14063407349607182,67_Bridletree,47.61,-122.82
2026-11-12,0.1270806475624701,67_Bridletree,47.61,-122.82
2026-11-13,0.1033594651587914,67_Bridletree,47.61,-122.82
2026-11-14,0.12028904312705728,67_Bridletree,47.61,-122.82
2026-11-15,0.144629227214795,67_Bridletree,47.61,-122.82
2026-11-16,0.1685336188409778,67_Bridletree,47.61,-122.82
2026-11-17,0.18228888245662628,67_Bridletree,47.61,-122.82
2026-11-18,0.2001597902677165,67_Bridletree,47.61,-122.82
2026-11-19,0.17834697281442394,67_Bridletree,47.61,-122.82
2026-11-20,0.17719278537287184,67_Bridletree,47.61,-122.82
2026-11-21,0.17917353363221444,67_Bridletree,47.61,-122.82
2026-11-22,0.18368350812546347,67_Bridletree,47.61,-122.82
2026-11-23,0.16776165846223745,67_Bridletree,47.61,-122.82
2026-11-24,0.15900756887850748,67_Bridletree,47.61,-122.82
2026-11-25,0.17850461886335406,67_Bridletree,47.61,-122.82
2026-11-26,0.14129916671799167,67_Bridletree,47.61,-122.82
2026-11-27,0.1732133355971632,67_Bridletree,47.61,-122.82
2026-11-28,0.1966391595752603,67_Bridletree,47.61,-122.82
2026-11-29,0.17402026419663047,67_Bridletree,47.61,-122.82
2026-11-30,0.2016100166086962,67_Bridletree,47.61,-122.82
2026-12-01,0.21691318828662823,67_Bridletree,47.61,-122.82
2026-12-02,0.2205030352233498,67_Bridletree,47.61,-122.82
2026-12-03,0.2236404861153415,67_Bridletree,47.61,-122.82
2026-12-04,0.21941156042657134,67_Bridletree,47.61,-122.82
2026-12-05,0.2245968542828986,67_Bridletree,47.61,-122.82
2026-12-06,0.22038814824746197,67_Bridletree,47.61,-122.82
2026-12-07,0.19271331732337138,67_Bridletree,47.61,-122.82
2026-12-08,0.2107325597507341,67_Bridletree,47.61,-122.82
2026-12-09,0.20161476482383625,67_Bridletree,47.61,-122.82
2026-12-10,0.2189123729000744,67_Bridletree,47.61,-122.82
2026-12-11,0.2334420596322685,67_Bridletree,47.61,-122.82
2026-12-12,0.2405647482488353,67_Bridletree,47.61,-122.82
2026-12-13,0.2358126608723788,67_Bridletree,47.61,-122.82
2026-12-14,0.2523555547147237,67_Bridletree,47.61,-122.82
2026-12-15,0.22188211816855236,67_Bridletree,47.61,-122.82
2026-12-16,0.17154936892896483,67_Bridletree,47.61,-122.82
2026-12-17,0.1815308945233096,67_Bridletree,47.61,-122.82
2026-12-18,0.1761657720965995,67_Bridletree,47.61,-122.82
2026-12-19,0.22705241351512964,67_Bridletree,47.61,-122.82
2026-12-20,0.19844237998676093,67_Bridletree,47.61,-122.82
2026-12-21,0.2133906523736298,67_Bridletree,47.61,-122.82
2026-12-22,0.24487702336599143,67_Bridletree,47.61,-122.82
2026-12-23,0.25103097349949965,67_Bridletree,47.61,-122.82
2026-12-24,0.23408095726719344,67_Bridletree,47.61,-122.82
2026-12-25,0.24374678827139998,67_Bridletree,47.61,-122.82
2026-12-26,0.23174501027518118,67_Bridletree,47.61,-122.82
2026-12-27,0.1830249181364885,67_Bridletree,47.61,-122.82
2026-12-28,0.17286507779831192,67_Bridletree,47.61,-122.82
2026-12-29,0.11902093805716236,67_Bridletree,47.61,-122.82
2026-12-30,0.11814790568878507,67_Bridletree,47.61,-122.82
2026-12-31,0.11693233528706763,67_Bridletree,47.61,-122.82
2027-01-01,0.08946700902357935,67_Bridletree,47.61,-122.82
2027-01-02,0.09581510859912283,67_Bridletree,47.61,-122.82
2027-01-03,0.10973889857927116,67_Bridletree,47.61,-122.82
2027-01-04,0.11497061776577643,67_Bridletree,47.61,-122.82
2027-01-05,0.12247654748117869,67_Bridletree,47.61,-122.82
2027-01-06,0.17849355644408887,67_Bridletree,47.61,-122.82
2027-01-07,0.21916515429983766,67_Bridletree,47.61,-122.82
2027-01-08,0.20701695427889202,67_Bridletree,47.61,-122.82
2027-01-09,0.20377601252619126,67_Bridletree,47.61,-122.82
2027-01-10,0.221066530449788,67_Bridletree,47.61,-122.82
2027-01-11,0.26562647026320946,67_Bridletree,47.61,-122.82
2027-01-12,0.25370762381509454,67_Bridletree,47.61,-122.82
2027-01-13,0.23431068701437863,67_Bridletree,47.61,-122.82
2027-01-14,0.2735728515847212,67_Bridletree,47.61,-122.82
2027-01-15,0.2947154058604327,67_Bridletree,47.61,-122.82
2027-01-16,0.26067265132549905,67_Bridletree,47.61,-122.82
2027-01-17,0.2647590078667653,67_Bridletree,47.61,-122.82
2027-01-18,0.281441394105837,67_Bridletree,47.61,-122.82
2027-01-19,0.2529464546839668,67_Bridletree,47.61,-122.82
2027-01-20,0.35910510977425386,67_Bridletree,47.61,-122.82
2027-01-21,0.28088529270689766,67_Bridletree,47.61,-122.82
2027-01-22,0.26967852193631386,67_Bridletree,47.61,-122.82
2027-01-23,0.2564884808077915,67_Bridletree,47.61,-122.82
2027-01-24,0.27126239529523355,67_Bridletree,47.61,-122.82
2027-01-25,0.2812944160894106,67_Bridletree,47.61,-122.82
2027-01-26,0.2765333284622308,67_Bridletree,47.61,-122.82
2027-01-27,0.3175914101701641,67_Bridletree,47.61,-122.82
2027-01-28,0.32069246940187524,67_Bridletree,47.61,-122.82
2027-01-29,0.3187516540796926,67_Bridletree,47.61,-122.82
2027-01-30,0.31239466944263083,67_Bridletree,47.61,-122.82
2027-01-31,0.32076227783039346,67_Bridletree,47.61,-122.82
2027-02-01,0.2518013770919136,67_Bridletree,47.61,-122.82
2027-02-02,0.2159139035162622,67_Bridletree,47.61,-122.82
2027-02-03,0.17922592989206765,67_Bridletree,47.61,-122.82
2027-02-04,0.1423658415407531,67_Bridletree,47.61,-122.82
2027-02-05,0.11274452956101401,67_Bridletree,47.61,-122.82
2027-02-06,0.09027488721332415,67_Bridletree,47.61,-122.82
2027-02-07,0.0938837948093663,67_Bridletree,47.61,-122.82
2027-02-08,0.10658132929784041,67_Bridletree,47.61,-122.82
2027-02-09,0.10885898672387186,67_Bridletree,47.61,-122.82
2027-02-10,0.10379265657755486,67_Bridletree,47.61,-122.82
2027-02-11,0.10212048439569381,67_Bridletree,47.61,-122.82
2027-02-12,0.09469034549705427,67_Bridletree,47.61,-122.82
2027-02-13,0.08352644845471774,67_Bridletree,47.61,-122.82
2027-02-14,0.07534998842818523,67_Bridletree,47.61,-122.82
2027-02-15,0.09384899892957567,67_Bridletree,47.61,-122.82
2027-02-16,0.10334038372360685,67_Bridletree,47.61,-122.82
2027-02-17,0.09499076215912805,67_Bridletree,47.61,-122.82
2027-02-18,0.09821195022684243,67_Bridletree,47.61,-122.82
2027-02-19,0.09829816469379944,67_Bridletree,47.61,-122.82
2027-02-20,0.09643815496086817,67_Bridletree,47.61,-122.82
2027-02-21,0.0881807695812894,67_Bridletree,47.61,-122.82
2027-02-22,0.08400914540888545,67_Bridletree,47.61,-122.82
2027-02-23,0.08165546008864956,67_Bridletree,47.61,-122.82
2027-02-24,0.08298674479577228,67_Bridletree,47.61,-122.82
2027-02-25,0.08261876909927558,67_Bridletree,47.61,-122.82
2027-02-26,0.07973805684457676,67_Bridletree,47.61,-122.82
2027-02-27,0.1013052263032772,67_Bridletree,47.61,-122.82
2027-02-28,0.10055277614120835,67_Bridletree,47.61,-122.82
2027-03-01,0.09979855773285183,67_Bridletree,47.61,-122.82
2027-03-02,0.09925264411161366,67_Bridletree,47.61,-122.82
2027-03-03,0.09425928430221217,67_Bridletree,47.61,-122.82
2027-03-04,0.0917699559197257,67_Bridletree,47.61,-122.82
2027-03-05,0.09264931979516013,67_Bridletree,47.61,-122.82
2027-03-06,0.09903051836438626,67_Bridletree,47.61,-122.82
2027-03-07,0.09524766495535686,67_Bridletree,47.61,-122.82
2027-03-08,0.08530666873450465,67_Bridletree,47.61,-122.82
2027-03-09,0.08112548966140022,67_Bridletree,47.61,-122.82
2026-03-10,0.07477566902526712,70_Kitsap Cou,47.63,-122.66
2026-03-11,0.12532422576145102,70_Kitsap Cou,47.63,-122.66
2026-03-12,0.12208318607994365,70_Kitsap Cou,47.63,-122.66
2026-03-13,0.10254550987001859,70_Kitsap Cou,47.63,-122.66
2026-03-14,0.07968138624866321,70_Kitsap Cou,47.63,-122.66
2026-03-15,0.0765421360676528,70_Kitsap Cou,47.63,-122.66
2026-03-16,0.07234484054249787,70_Kitsap Cou,47.63,-122.66
2026-03-17,0.07309225813596211,70_Kitsap Cou,47.63,-122.66
2026-03-18,0.08080271561597593,70_Kitsap Cou,47.63,-122.66
2026-03-19,0.08120602645553023,70_Kitsap Cou,47.63,-122.66
2026-03-20,0.06413441858909986,70_Kitsap Cou,47.63,-122.66
2026-03-21,0.059503084450227624,70_Kitsap Cou,47.63,-122.66
2026-03-22,0.06966830759865708,70_Kitsap Cou,47.63,-122.66
2026-03-23,0.07032981717219923,70_Kitsap Cou,47.63,-122.66
2026-03-24,0.06653693776124264,70_Kitsap Cou,47.63,-122.66
2026-03-25,0.05831102639837609,70_Kitsap Cou,47.63,-122.66
2026-03-26,0.061150627514555654,70_Kitsap Cou,47.63,-122.66
2026-03-27,0.06882627237199815,70_Kitsap Cou,47.63,-122.66
2026-03-28,0.06639440623243563,70_Kitsap Cou,47.63,-122.66
2026-03-29,0.0694898410395842,70_Kitsap Cou,47.63,-122.66
2026-03-30,0.07352911169037976,70_Kitsap Cou,47.63,-122.66
2026-03-31,0.06973175643278248,70_Kitsap Cou,47.63,-122.66
2026-04-01,0.059315381638635575,70_Kitsap Cou,47.63,-122.66
2026-04-02,0.06808618950107802,70_Kitsap Cou,47.63,-122.66
2026-04-03,0.07158306023507542,70_Kitsap Cou,47.63,-122.66
2026-04-04,0.06844527105552188,70_Kitsap Cou,47.63,-122.66
2026-04-05,0.07266556666093711,70_Kitsap Cou,47.63,-122.66
2026-04-06,0.07436397435179111,70_Kitsap Cou,47.63,-122.66
2026-04-07,0.06901056385553216,70_Kitsap Cou,47.63,-122.66
2026-04-08,0.06860828899676819,70_Kitsap Cou,47.63,-122.66
2026-04-09,0.06909194538752145,70_Kitsap Cou,47.63,-122.66
2026-04-10,0.0685513359291451,70_Kitsap Cou,47.63,-122.66
2026-04-11,0.06637538579133025,70_Kitsap Cou,47.63,-122.66
2026-04-12,0.06489948269057742,70_Kitsap Cou,47.63,-122.66
2026-04-13,0.0613106900279214,70_Kitsap Cou,47.63,-122.66
2026-04-14,0.057007428968723496,70_Kitsap Cou,47.63,-122.66
2026-04-15,0.05569421179318549,70_Kitsap Cou,47.63,-122.66
2026-04-16,0.05600071287149773,70_Kitsap Cou,47.63,-122.66
2026-04-17,0.05494273978838236,70_Kitsap Cou,47.63,-122.66
2026-04-18,0.05236123783160549,70_Kitsap Cou,47.63,-122.66
2026-04-19,0.05851889251785164,70_Kitsap Cou,47.63,-122.66
2026-04-20,0.06418804833943367,70_Kitsap Cou,47.63,-122.66
2026-04-21,0.055413945701033855,70_Kitsap Cou,47.63,-122.66
2026-04-22,0.054969442049877436,70_Kitsap Cou,47.63,-122.66
2026-04-23,0.05126396400843489,70_Kitsap Cou,47.63,-122.66
2026-04-24,0.04742733154594949,70_Kitsap Cou,47.63,-122.66
2026-04-25,0.048191071518954784,70_Kitsap Cou,47.63,-122.66
2026-04-26,0.04748281734021327,70_Kitsap Cou,47.63,-122.66
2026-04-27,0.05312479074630941,70_Kitsap Cou,47.63,-122.66
2026-04-28,0.05315609583022126,70_Kitsap Cou,47.63,-122.66
2026-04-29,0.05283816878349938,70_Kitsap Cou,47.63,-122.66
2026-04-30,0.05009095259805386,70_Kitsap Cou,47.63,-122.66
2026-05-01,0.05466441439239545,70_Kitsap Cou,47.63,-122.66
2026-05-02,0.05436057992119166,70_Kitsap Cou,47.63,-122.66
2026-05-03,0.053330885444679114,70_Kitsap Cou,47.63,-122.66
2026-05-04,0.0606547554903473,70_Kitsap Cou,47.63,-122.66
2026-05-05,0.05396418625663125,70_Kitsap Cou,47.63,-122.66
2026-05-06,0.045675301939307675,70_Kitsap Cou,47.63,-122.66
2026-05-07,0.0417629521807938,70_Kitsap Cou,47.63,-122.66
2026-05-08,0.04482830417717195,70_Kitsap Cou,47.63,-122.66
2026-05-09,0.053579120116160416,70_Kitsap Cou,47.63,-122.66
2026-05-10,0.05084437785301348,70_Kitsap Cou,47.63,-122.66
2026-05-11,0.04819509375405107,70_Kitsap Cou,47.63,-122.66
2026-05-12,0.043040216313169816,70_Kitsap Cou,47.63,-122.66
2026-05-13,0.04050049870413772,70_Kitsap Cou,47.63,-122.66
2026-05-14,0.04182721134845626,70_Kitsap Cou,47.63,-122.66
2026-05-15,0.054316869058134105,70_Kitsap Cou,47.63,-122.66
2026-05-16,0.05667489128938854,70_Kitsap Cou,47.63,-122.66
2026-05-17,0.049707831908841586,70_Kitsap Cou,47.63,-122.66
2026-05-18,0.047790240485195236,70_Kitsap Cou,47.63,-122.66
2026-05-19,0.04937625090627426,70_Kitsap Cou,47.63,-122.66
2026-05-20,0.0695783875414727,70_Kitsap Cou,47.63,-122.66
2026-05-21,0.08208299879431663,70_Kitsap Cou,47.63,-122.66
2026-05-22,0.0704072239198908,70_Kitsap Cou,47.63,-122.66
2026-05-23,0.056886447442068944,70_Kitsap Cou,47.63,-122.66
2026-05-24,0.047233147240324014,70_Kitsap Cou,47.63,-122.66
2026-05-25,0.06197161195650666,70_Kitsap Cou,47.63,-122.66
2026-05-26,0.07609500050615838,70_Kitsap Cou,47.63,-122.66
2026-05-27,0.06415055078823294,70_Kitsap Cou,47.63,-122.66
2026-05-28,0.05281416541158135,70_Kitsap Cou,47.63,-122.66
2026-05-29,0.04556133709163918,70_Kitsap Cou,47.63,-122.66
2026-05-30,0.052827525744976296,70_Kitsap Cou,47.63,-122.66
2026-05-31,0.060716118621336794,70_Kitsap Cou,47.63,-122.66
2026-06-01,0.06869310262017526,70_Kitsap Cou,47.63,-122.66
2026-06-02,0.0664894964957817,70_Kitsap Cou,47.63,-122.66
2026-06-03,0.05683041828740781,70_Kitsap Cou,47.63,-122.66
2026-06-04,0.05568156974387346,70_Kitsap Cou,47.63,-122.66
2026-06-05,0.05595385294193852,70_Kitsap Cou,47.63,-122.66
2026-06-06,0.052679633363848115,70_Kitsap Cou,47.63,-122.66
2026-06-07,0.04470802978258129,70_Kitsap Cou,47.63,-122.66
2026-06-08,0.05739205714105208,70_Kitsap Cou,47.63,-122.66
2026-06-09,0.05544398788804959,70_Kitsap Cou,47.63,-122.66
2026-06-10,0.05064579313861133,70_Kitsap Cou,47.63,-122.66
2026-06-11,0.04629780804959437,70_Kitsap Cou,47.63,-122.66
2026-06-12,0.041598065754181,70_Kitsap Cou,47.63,-122.66
2026-06-13,0.04131534077984196,70_Kitsap Cou,47.63,-122.66
2026-06-14,0.04249456496969913,70_Kitsap Cou,47.63,-122.66
2026-06-15,0.05155540790498434,70_Kitsap Cou,47.63,-122.66
2026-06-16,0.04679655597522379,70_Kitsap Cou,47.63,-122.66
2026-06-17,0.041156141336751835,70_Kitsap Cou,47.63,-122.66
2026-06-18,0.03882399452944821,70_Kitsap Cou,47.63,-122.66
2026-06-19,0.037325631171715494,70_Kitsap Cou,47.63,-122.66
2026-06-20,0.03431625907312897,70_Kitsap Cou,47.63,-122.66
2026-06-21,0.03457643073631138,70_Kitsap Cou,47.63,-122.66
2026-06-22,0.04546200640984761,70_Kitsap Cou,47.63,-122.66
2026-06-23,0.057407302315367,70_Kitsap Cou,47.63,-122.66
2026-06-24,0.059389065654938025,70_Kitsap Cou,47.63,-122.66
2026-06-25,0.050511463992652265,70_Kitsap Cou,47.63,-122.66
2026-06-26,0.03456465961197822,70_Kitsap Cou,47.63,-122.66
2026-06-27,0.02654821906050595,70_Kitsap Cou,47.63,-122.66
2026-06-28,0.03129226840787734,70_Kitsap Cou,47.63,-122.66
2026-06-29,0.04039671153573791,70_Kitsap Cou,47.63,-122.66
2026-06-30,0.04462204773839193,70_Kitsap Cou,47.63,-122.66
2026-07-01,0.04297856427758196,70_Kitsap Cou,47.63,-122.66
2026-07-02,0.030346981252746263,70_Kitsap Cou,47.63,-122.66
2026-07-03,0.02360488711525385,70_Kitsap Cou,47.63,-122.66
2026-07-04,0.028943011764234805,70_Kitsap Cou,47.63,-122.66
2026-07-05,0.03876245743929895,70_Kitsap Cou,47.63,-122.66
2026-07-06,0.04881155606237637,70_Kitsap Cou,47.63,-122.66
2026-07-07,0.04919632333034106,70_Kitsap Cou,47.63,-122.66
2026-07-08,0.05042182791420703,70_Kitsap Cou,47.63,-122.66
2026-07-09,0.04890199320302246,70_Kitsap Cou,47.63,-122.66
2026-07-10,0.03283006649484248,70_Kitsap Cou,47.63,-122.66
2026-07-11,0.023624063874812275,70_Kitsap Cou,47.63,-122.66
2026-07-12,0.025458699462471694,70_Kitsap Cou,47.63,-122.66
2026-07-13,0.0399678873772505,70_Kitsap Cou,47.63,-122.66
2026-07-14,0.04728485968620748,70_Kitsap Cou,47.63,-122.66
2026-07-15,0.04510396398670424,70_Kitsap Cou,47.63,-122.66
2026-07-16,0.03238273914683713,70_Kitsap Cou,47.63,-122.66
2026-07-17,0.024033151462760378,70_Kitsap Cou,47.63,-122.66
2026-07-18,0.027521025916507916,70_Kitsap Cou,47.63,-122.66
2026-07-19,0.03834751008762974,70_Kitsap Cou,47.63,-122.66
2026-07-20,0.054018458001622575,70_Kitsap Cou,47.63,-122.66
2026-07-21,0.056516916458895936,70_Kitsap Cou,47.63,-122.66
2026-07-22,0.05712067577184573,70_Kitsap Cou,47.63,-122.66
2026-07-23,0.05529019471067616,70_Kitsap Cou,47.63,-122.66
2026-07-24,0.029582345488514537,70_Kitsap Cou,47.63,-122.66
2026-07-25,0.01959014105129611,70_Kitsap Cou,47.63,-122.66
2026-07-26,0.021092743912398168,70_Kitsap Cou,47.63,-122.66
2026-07-27,0.047264661665553875,70_Kitsap Cou,47.63,-122.66
2026-07-28,0.06144904980024004,70_Kitsap Cou,47.63,-122.66
2026-07-29,0.05005715207619739,70_Kitsap Cou,47.63,-122.66
2026-07-30,0.022591739796211423,70_Kitsap Cou,47.63,-122.66
2026-07-31,0.017127266209774398,70_Kitsap Cou,47.63,-122.66
2026-08-01,0.02644980118793913,70_Kitsap Cou,47.63,-122.66
2026-08-02,0.0361841643210946,70_Kitsap Cou,47.63,-122.66
2026-08-03,0.05806115787281127,70_Kitsap Cou,47.63,-122.66
2026-08-04,0.05843474716781554,70_Kitsap Cou,47.63,-122.66
2026-08-05,0.05641975623426479,70_Kitsap Cou,47.63,-122.66
2026-08-06,0.02676023243279917,70_Kitsap Cou,47.63,-122.66
2026-08-07,0.024104677127140286,70_Kitsap Cou,47.63,-122.66
2026-08-08,0.023771091502406954,70_Kitsap Cou,47.63,-122.66
2026-08-09,0.0338826884419691,70_Kitsap Cou,47.63,-122.66
2026-08-10,0.05259718554044616,70_Kitsap Cou,47.63,-122.66
2026-08-11,0.057360904234381144,70_Kitsap Cou,47.63,-122.66
2026-08-12,0.05233596521073916,70_Kitsap Cou,47.63,-122.66
2026-08-13,0.030745423584527344,70_Kitsap Cou,47.63,-122.66
2026-08-14,0.019191652224926137,70_Kitsap Cou,47.63,-122.66
2026-08-15,0.01573244770469647,70_Kitsap Cou,47.63,-122.66
2026-08-16,0.0206734169792978,70_Kitsap Cou,47.63,-122.66
2026-08-17,0.049509619367934465,70_Kitsap Cou,47.63,-122.66
2026-08-18,0.07214343625889885,70_Kitsap Cou,47.63,-122.66
2026-08-19,0.0642940920549693,70_Kitsap Cou,47.63,-122.66
2026-08-20,0.033339342483596886,70_Kitsap Cou,47.63,-122.66
2026-08-21,0.022009928397997054,70_Kitsap Cou,47.63,-122.66
2026-08-22,0.019607753877101817,70_Kitsap Cou,47.63,-122.66
2026-08-23,0.023815509748748097,70_Kitsap Cou,47.63,-122.66
2026-08-24,0.05343914286760115,70_Kitsap Cou,47.63,-122.66
2026-08-25,0.06877251664691574,70_Kitsap Cou,47.63,-122.66
2026-08-26,0.06697952952095938,70_Kitsap Cou,47.63,-122.66
2026-08-27,0.04712095484228986,70_Kitsap Cou,47.63,-122.66
2026-08-28,0.030352687345305177,70_Kitsap Cou,47.63,-122.66
2026-08-29,0.025771505936123738,70_Kitsap Cou,47.63,-122.66
2026-08-30,0.036744999585957734,70_Kitsap Cou,47.63,-122.66
2026-08-31,0.05978375950476815,70_Kitsap Cou,47.63,-122.66
2026-09-01,0.06548086163015851,70_Kitsap Cou,47.63,-122.66
2026-09-02,0.0691867405958593,70_Kitsap Cou,47.63,-122.66
2026-09-03,0.06379019106842508,70_Kitsap Cou,47.63,-122.66
2026-09-04,0.049808700029771766,70_Kitsap Cou,47.63,-122.66
2026-09-05,0.04184228778585482,70_Kitsap Cou,47.63,-122.66
2026-09-06,0.03821314724979168,70_Kitsap Cou,47.63,-122.66
2026-09-07,0.05322439157508476,70_Kitsap Cou,47.63,-122.66
2026-09-08,0.05774454461862378,70_Kitsap Cou,47.63,-122.66
2026-09-09,0.053928728438505116,70_Kitsap Cou,47.63,-122.66
2026-09-10,0.043997518850346674,70_Kitsap Cou,47.63,-122.66
2026-09-11,0.04073101781431383,70_Kitsap Cou,47.63,-122.66
2026-09-12,0.039275320973644334,70_Kitsap Cou,47.63,-122.66
2026-09-13,0.04847484409302443,70_Kitsap Cou,47.63,-122.66
2026-09-14,0.05969253612983888,70_Kitsap Cou,47.63,-122.66
2026-09-15,0.07676314848545387,70_Kitsap Cou,47.63,-122.66
2026-09-16,0.08391240261918516,70_Kitsap Cou,47.63,-122.66
2026-09-17,0.07930241682623232,70_Kitsap Cou,47.63,-122.66
2026-09-18,0.06530809687010801,70_Kitsap Cou,47.63,-122.66
2026-09-19,0.043194703238020056,70_Kitsap Cou,47.63,-122.66
2026-09-20,0.030013856378609344,70_Kitsap Cou,47.63,-122.66
2026-09-21,0.0915840191418789,70_Kitsap Cou,47.63,-122.66
2026-09-22,0.12543365118713223,70_Kitsap Cou,47.63,-122.66
2026-09-23,0.12009072972995638,70_Kitsap Cou,47.63,-122.66
2026-09-24,0.09978450184570349,70_Kitsap Cou,47.63,-122.66
2026-09-25,0.0745806941207223,70_Kitsap Cou,47.63,-122.66
2026-09-26,0.06405066616095677,70_Kitsap Cou,47.63,-122.66
2026-09-27,0.0586719759157778,70_Kitsap Cou,47.63,-122.66
2026-09-28,0.03858558391584739,70_Kitsap Cou,47.63,-122.66
2026-09-29,0.03332688290431609,70_Kitsap Cou,47.63,-122.66
2026-09-30,0.04207981864802275,70_Kitsap Cou,47.63,-122.66
2026-10-01,0.04448230029705238,70_Kitsap Cou,47.63,-122.66
2026-10-02,0.044861913470144774,70_Kitsap Cou,47.63,-122.66
2026-10-03,0.03629593465196079,70_Kitsap Cou,47.63,-122.66
2026-10-04,0.04358061313414691,70_Kitsap Cou,47.63,-122.66
2026-10-05,0.034439261613701685,70_Kitsap Cou,47.63,-122.66
2026-10-06,0.050684847410006506,70_Kitsap Cou,47.63,-122.66
2026-10-07,0.06376540306128033,70_Kitsap Cou,47.63,-122.66
2026-10-08,0.07694387632513389,70_Kitsap Cou,47.63,-122.66
2026-10-09,0.07562478202791792,70_Kitsap Cou,47.63,-122.66
2026-10-10,0.06624467026373253,70_Kitsap Cou,47.63,-122.66
2026-10-11,0.0619845653204561,70_Kitsap Cou,47.63,-122.66
2026-10-12,0.06166990450660423,70_Kitsap Cou,47.63,-122.66
2026-10-13,0.06568698734659845,70_Kitsap Cou,47.63,-122.66
2026-10-14,0.05910369365924831,70_Kitsap Cou,47.63,-122.66
2026-10-15,0.06034102682405442,70_Kitsap Cou,47.63,-122.66
2026-10-16,0.052994589812110214,70_Kitsap Cou,47.63,-122.66
2026-10-17,0.05737455380032516,70_Kitsap Cou,47.63,-122.66
2026-10-18,0.03949290293386113,70_Kitsap Cou,47.63,-122.66
2026-10-19,0.06859449104165613,70_Kitsap Cou,47.63,-122.66
2026-10-20,0.0816875624440924,70_Kitsap Cou,47.63,-122.66
2026-10-21,0.08484200634193743,70_Kitsap Cou,47.63,-122.66
2026-10-22,0.07133566967245876,70_Kitsap Cou,47.63,-122.66
2026-10-23,0.06631099036828848,70_Kitsap Cou,47.63,-122.66
2026-10-24,0.056928773849961097,70_Kitsap Cou,47.63,-122.66
2026-10-25,0.0554381013438712,70_Kitsap Cou,47.63,-122.66
2026-10-26,0.06662200787522857,70_Kitsap Cou,47.63,-122.66
2026-10-27,0.06841447933247888,70_Kitsap Cou,47.63,-122.66
2026-10-28,0.06958826095197203,70_Kitsap Cou,47.63,-122.66
2026-10-29,0.051859504185797746,70_Kitsap Cou,47.63,-122.66
2026-10-30,0.04802750271242083,70_Kitsap Cou,47.63,-122.66
2026-10-31,0.05639307774694048,70_Kitsap Cou,47.63,-122.66
2026-11-01,0.04964037161734708,70_Kitsap Cou,47.63,-122.66
2026-11-02,0.06665987053968657,70_Kitsap Cou,47.63,-122.66
2026-11-03,0.06209985747159772,70_Kitsap Cou,47.63,-122.66
2026-11-04,0.05410148090859783,70_Kitsap Cou,47.63,-122.66
2026-11-05,0.04869841682841702,70_Kitsap Cou,47.63,-122.66
2026-11-06,0.04396387039221156,70_Kitsap Cou,47.63,-122.66
2026-11-07,0.042069032945289034,70_Kitsap Cou,47.63,-122.66
2026-11-08,0.044905073811691135,70_Kitsap Cou,47.63,-122.66
2026-11-09,0.06213518241683634,70_Kitsap Cou,47.63,-122.66
2026-11-10,0.06668894227738374,70_Kitsap Cou,47.63,-122.66
2026-11-11,0.06934435995471862,70_Kitsap Cou,47.63,-122.66
2026-11-12,0.06766504527726996,70_Kitsap Cou,47.63,-122.66
2026-11-13,0.06198929349068296,70_Kitsap Cou,47.63,-122.66
2026-11-14,0.04668554859059061,70_Kitsap Cou,47.63,-122.66
2026-11-15,0.05738788096843163,70_Kitsap Cou,47.63,-122.66
2026-11-16,0.07135671953715429,70_Kitsap Cou,47.63,-122.66
2026-11-17,0.07418242211874952,70_Kitsap Cou,47.63,-122.66
2026-11-18,0.0639556763866005,70_Kitsap Cou,47.63,-122.66
2026-11-19,0.051730453554140826,70_Kitsap Cou,47.63,-122.66
2026-11-20,0.05378670757581756,70_Kitsap Cou,47.63,-122.66
2026-11-21,0.05580476145554503,70_Kitsap Cou,47.63,-122.66
2026-11-22,0.05595529787794157,70_Kitsap Cou,47.63,-122.66
2026-11-23,0.060981254510372965,70_Kitsap Cou,47.63,-122.66
2026-11-24,0.05873225821068293,70_Kitsap Cou,47.63,-122.66
2026-11-25,0.04922533415908081,70_Kitsap Cou,47.63,-122.66
2026-11-26,0.05012906719030919,70_Kitsap Cou,47.63,-122.66
2026-11-27,0.04688461327124361,70_Kitsap Cou,47.63,-122.66
2026-11-28,0.046812483379654816,70_Kitsap Cou,47.63,-122.66
2026-11-29,0.05436269386721642,70_Kitsap Cou,47.63,-122.66
2026-11-30,0.06508387383266286,70_Kitsap Cou,47.63,-122.66
2026-12-01,0.06545851658182815,70_Kitsap Cou,47.63,-122.66
2026-12-02,0.06518485177094695,70_Kitsap Cou,47.63,-122.66
2026-12-03,0.06222978910024766,70_Kitsap Cou,47.63,-122.66
2026-12-04,0.04694791381575039,70_Kitsap Cou,47.63,-122.66
2026-12-05,0.040878010330731865,70_Kitsap Cou,47.63,-122.66
2026-12-06,0.0628736689954149,70_Kitsap Cou,47.63,-122.66
2026-12-07,0.07296172737140616,70_Kitsap Cou,47.63,-122.66
2026-12-08,0.08512552361841942,70_Kitsap Cou,47.63,-122.66
2026-12-09,0.0884515256723529,70_Kitsap Cou,47.63,-122.66
2026-12-10,0.07906351144687629,70_Kitsap Cou,47.63,-122.66
2026-12-11,0.06140335761300468,70_Kitsap Cou,47.63,-122.66
2026-12-12,0.07177911851075902,70_Kitsap Cou,47.63,-122.66
2026-12-13,0.06009134544829328,70_Kitsap Cou,47.63,-122.66
2026-12-14,0.06441403380614734,70_Kitsap Cou,47.63,-122.66
2026-12-15,0.05906516185068131,70_Kitsap Cou,47.63,-122.66
2026-12-16,0.04186339532921142,70_Kitsap Cou,47.63,-122.66
2026-12-17,0.056376575050377374,70_Kitsap Cou,47.63,-122.66
2026-12-18,0.04072207743615823,70_Kitsap Cou,47.63,-122.66
2026-12-19,0.06184735682555118,70_Kitsap Cou,47.63,-122.66
2026-12-20,0.05905213696315245,70_Kitsap Cou,47.63,-122.66
2026-12-21,0.07586778117921955,70_Kitsap Cou,47.63,-122.66
2026-12-22,0.07208278382222823,70_Kitsap Cou,47.63,-122.66
2026-12-23,0.07470123783292483,70_Kitsap Cou,47.63,-122.66
2026-12-24,0.06155410664039385,70_Kitsap Cou,47.63,-122.66
2026-12-25,0.05216198400562559,70_Kitsap Cou,47.63,-122.66
2026-12-26,0.048798699704505094,70_Kitsap Cou,47.63,-122.66
2026-12-27,0.04575584930495791,70_Kitsap Cou,47.63,-122.66
2026-12-28,0.057190698724851344,70_Kitsap Cou,47.63,-122.66
2026-12-29,0.04086132262117783,70_Kitsap Cou,47.63,-122.66
2026-12-30,0.038721776013868676,70_Kitsap Cou,47.63,-122.66
2026-12-31,0.03513108260374073,70_Kitsap Cou,47.63,-122.66
2027-01-01,0.03324173841561995,70_Kitsap Cou,47.63,-122.66
2027-01-02,0.03544114226784333,70_Kitsap Cou,47.63,-122.66
2027-01-03,0.04691563034926564,70_Kitsap Cou,47.63,-122.66
2027-01-04,0.05389503085832554,70_Kitsap Cou,47.63,-122.66
2027-01-05,0.05211643270097695,70_Kitsap Cou,47.63,-122.66
2027-01-06,0.06737504887645637,70_Kitsap Cou,47.63,-122.66
2027-01-07,0.08031853856278004,70_Kitsap Cou,47.63,-122.66
2027-01-08,0.09354893904192672,70_Kitsap Cou,47.63,-122.66
2027-01-09,0.09555283088883634,70_Kitsap Cou,47.63,-122.66
2027-01-10,0.07441698339445632,70_Kitsap Cou,47.63,-122.66
2027-01-11,0.10801412899737134,70_Kitsap Cou,47.63,-122.66
2027-01-12,0.10435366392143218,70_Kitsap Cou,47.63,-122.66
2027-01-13,0.09958831374459237,70_Kitsap Cou,47.63,-122.66
2027-01-14,0.09648690300175401,70_Kitsap Cou,47.63,-122.66
2027-01-15,0.07606804065580933,70_Kitsap Cou,47.63,-122.66
2027-01-16,0.08469651650353245,70_Kitsap Cou,47.63,-122.66
2027-01-17,0.09531150885694666,70_Kitsap Cou,47.63,-122.66
2027-01-18,0.07669385635808354,70_Kitsap Cou,47.63,-122.66
2027-01-19,0.06838062907812899,70_Kitsap Cou,47.63,-122.66
2027-01-20,0.08307332567647627,70_Kitsap Cou,47.63,-122.66
2027-01-21,0.0688348202398564,70_Kitsap Cou,47.63,-122.66
2027-01-22,0.05332890370287425,70_Kitsap Cou,47.63,-122.66
2027-01-23,0.0632730407701578,70_Kitsap Cou,47.63,-122.66
2027-01-24,0.06394644770805516,70_Kitsap Cou,47.63,-122.66
2027-01-25,0.0588245081628919,70_Kitsap Cou,47.63,-122.66
2027-01-26,0.05236015952193745,70_Kitsap Cou,47.63,-122.66
2027-01-27,0.05046434363430322,70_Kitsap Cou,47.63,-122.66
2027-01-28,0.04385861514609339,70_Kitsap Cou,47.63,-122.66
2027-01-29,0.04148529983948477,70_Kitsap Cou,47.63,-122.66
2027-01-30,0.04228479726333917,70_Kitsap Cou,47.63,-122.66
2027-01-31,0.051713256959821624,70_Kitsap Cou,47.63,-122.66
2027-02-01,0.050662923127918855,70_Kitsap Cou,47.63,-122.66
2027-02-02,0.048278432580323535,70_Kitsap Cou,47.63,-122.66
2027-02-03,0.05647430072037452,70_Kitsap Cou,47.63,-122.66
2027-02-04,0.05772764878755964,70_Kitsap Cou,47.63,-122.66
2027-02-05,0.05959671177726562,70_Kitsap Cou,47.63,-122.66
2027-02-06,0.05729326996537189,70_Kitsap Cou,47.63,-122.66
2027-02-07,0.056662932485088705,70_Kitsap Cou,47.63,-122.66
2027-02-08,0.06071111418858493,70_Kitsap Cou,47.63,-122.66
2027-02-09,0.055698124620343084,70_Kitsap Cou,47.63,-122.66
2027-02-10,0.0577838871393844,70_Kitsap Cou,47.63,-122.66
2027-02-11,0.06026433002979158,70_Kitsap Cou,47.63,-122.66
2027-02-12,0.058273133062719175,70_Kitsap Cou,47.63,-122.66
2027-02-13,0.05669844792018594,70_Kitsap Cou,47.63,-122.66
2027-02-14,0.05540902290337598,70_Kitsap Cou,47.63,-122.66
2027-02-15,0.0561013927369793,70_Kitsap Cou,47.63,-122.66
2027-02-16,0.05341634041220433,70_Kitsap Cou,47.63,-122.66
2027-02-17,0.051692213985200804,70_Kitsap Cou,47.63,-122.66
2027-02-18,0.05480789352745305,70_Kitsap Cou,47.63,-122.66
2027-02-19,0.05169847626080868,70_Kitsap Cou,47.63,-122.66
2027-02-20,0.049198035101055325,70_Kitsap Cou,47.63,-122.66
2027-02-21,0.0536256040640756,70_Kitsap Cou,47.63,-122.66
2027-02-22,0.05905639107956644,70_Kitsap Cou,47.63,-122.66
2027-02-23,0.057608462288153826,70_Kitsap Cou,47.63,-122.66
2027-02-24,0.05829613548147178,70_Kitsap Cou,47.63,-122.66
2027-02-25,0.05993272957167074,70_Kitsap Cou,47.63,-122.66
2027-02-26,0.058532862893996944,70_Kitsap Cou,47.63,-122.66
2027-02-27,0.06287476831953288,70_Kitsap Cou,47.63,-122.66
2027-02-28,0.06492112170263165,70_Kitsap Cou,47.63,-122.66
2027-03-01,0.06429033631044866,70_Kitsap Cou,47.63,-122.66
2027-03-02,0.062447470731458496,70_Kitsap Cou,47.63,-122.66
2027-03-03,0.059378107277389305,70_Kitsap Cou,47.63,-122.66
2027-03-04,0.05737645331530978,70_Kitsap Cou,47.63,-122.66
2027-03-05,0.05776130508786173,70_Kitsap Cou,47.63,-122.66
2027-03-06,0.06221764376999619,70_Kitsap Cou,47.63,-122.66
2027-03-07,0.05783267038463023,70_Kitsap Cou,47.63,-122.66
2027-03-08,0.060903002994041076,70_Kitsap Cou,47.63,-122.66
2027-03-09,0.055934561731665534,70_Kitsap Cou,47.63,-122.66
2026-03-10,0.08834844896128993,71_Kitsap Cou,47.59,-122.72
2026-03-11,0.16640276452374392,71_Kitsap Cou,47.59,-122.72
2026-03-12,0.16680502661524585,71_Kitsap Cou,47.59,-122.72
2026-03-13,0.1537520667485924,71_Kitsap Cou,47.59,-122.72
2026-03-14,0.13047057880154436,71_Kitsap Cou,47.59,-122.72
2026-03-15,0.12050519441292408,71_Kitsap Cou,47.59,-122.72
2026-03-16,0.09404756576414368,71_Kitsap Cou,47.59,-122.72
2026-03-17,0.10497444572104447,71_Kitsap Cou,47.59,-122.72
2026-03-18,0.13055914742359453,71_Kitsap Cou,47.59,-122.72
2026-03-19,0.14096383612933044,71_Kitsap Cou,47.59,-122.72
2026-03-20,0.11592649897349644,71_Kitsap Cou,47.59,-122.72
2026-03-21,0.10699760712277614,71_Kitsap Cou,47.59,-122.72
2026-03-22,0.11448282694063511,71_Kitsap Cou,47.59,-122.72
2026-03-23,0.1271565739699503,71_Kitsap Cou,47.59,-122.72
2026-03-24,0.12316985362520429,71_Kitsap Cou,47.59,-122.72
2026-03-25,0.11334613873028072,71_Kitsap Cou,47.59,-122.72
2026-03-26,0.09609510361233545,71_Kitsap Cou,47.59,-122.72
2026-03-27,0.07058583606249264,71_Kitsap Cou,47.59,-122.72
2026-03-28,0.07640604461992627,71_Kitsap Cou,47.59,-122.72
2026-03-29,0.11425755513821746,71_Kitsap Cou,47.59,-122.72
2026-03-30,0.12998667904335257,71_Kitsap Cou,47.59,-122.72
2026-03-31,0.11861006071927827,71_Kitsap Cou,47.59,-122.72
2026-04-01,0.0908571101678951,71_Kitsap Cou,47.59,-122.72
2026-04-02,0.10686001431137455,71_Kitsap Cou,47.59,-122.72
2026-04-03,0.10946762954474033,71_Kitsap Cou,47.59,-122.72
2026-04-04,0.0964303485222306,71_Kitsap Cou,47.59,-122.72
2026-04-05,0.0843086068509808,71_Kitsap Cou,47.59,-122.72
2026-04-06,0.09014286671544919,71_Kitsap Cou,47.59,-122.72
2026-04-07,0.10333409918840436,71_Kitsap Cou,47.59,-122.72
2026-04-08,0.08125025375767234,71_Kitsap Cou,47.59,-122.72
2026-04-09,0.07197138135608501,71_Kitsap Cou,47.59,-122.72
2026-04-10,0.08999419591516433,71_Kitsap Cou,47.59,-122.72
2026-04-11,0.0902926439527322,71_Kitsap Cou,47.59,-122.72
2026-04-12,0.0641486444833254,71_Kitsap Cou,47.59,-122.72
2026-04-13,0.06712802485767644,71_Kitsap Cou,47.59,-122.72
2026-04-14,0.0788008398195932,71_Kitsap Cou,47.59,-122.72
2026-04-15,0.06532167689918986,71_Kitsap Cou,47.59,-122.72
2026-04-16,0.05846314164464565,71_Kitsap Cou,47.59,-122.72
2026-04-17,0.0654840511129075,71_Kitsap Cou,47.59,-122.72
2026-04-18,0.06899482524969862,71_Kitsap Cou,47.59,-122.72
2026-04-19,0.06321123713981999,71_Kitsap Cou,47.59,-122.72
2026-04-20,0.06869558161304429,71_Kitsap Cou,47.59,-122.72
2026-04-21,0.058317389519577656,71_Kitsap Cou,47.59,-122.72
2026-04-22,0.05061496204344611,71_Kitsap Cou,47.59,-122.72
2026-04-23,0.0496482376451869,71_Kitsap Cou,47.59,-122.72
2026-04-24,0.05789109369120216,71_Kitsap Cou,47.59,-122.72
2026-04-25,0.06773021355107448,71_Kitsap Cou,47.59,-122.72
2026-04-26,0.06264813558329534,71_Kitsap Cou,47.59,-122.72
2026-04-27,0.0616819768903101,71_Kitsap Cou,47.59,-122.72
2026-04-28,0.05398242982297134,71_Kitsap Cou,47.59,-122.72
2026-04-29,0.05170984546295514,71_Kitsap Cou,47.59,-122.72
2026-04-30,0.055205510460831726,71_Kitsap Cou,47.59,-122.72
2026-05-01,0.07117873311791975,71_Kitsap Cou,47.59,-122.72
2026-05-02,0.07471034203409256,71_Kitsap Cou,47.59,-122.72
2026-05-03,0.06739208684463519,71_Kitsap Cou,47.59,-122.72
2026-05-04,0.07280746483780717,71_Kitsap Cou,47.59,-122.72
2026-05-05,0.06771503081895985,71_Kitsap Cou,47.59,-122.72
2026-05-06,0.05466424585954292,71_Kitsap Cou,47.59,-122.72
2026-05-07,0.037542167799502875,71_Kitsap Cou,47.59,-122.72
2026-05-08,0.04723838783820454,71_Kitsap Cou,47.59,-122.72
2026-05-09,0.08037327043542014,71_Kitsap Cou,47.59,-122.72
2026-05-10,0.07675621427661383,71_Kitsap Cou,47.59,-122.72
2026-05-11,0.06754212570512272,71_Kitsap Cou,47.59,-122.72
2026-05-12,0.05655900820882161,71_Kitsap Cou,47.59,-122.72
2026-05-13,0.04758861186077663,71_Kitsap Cou,47.59,-122.72
2026-05-14,0.060959864858361,71_Kitsap Cou,47.59,-122.72
2026-05-15,0.08166589771311894,71_Kitsap Cou,47.59,-122.72
2026-05-16,0.07497505175730944,71_Kitsap Cou,47.59,-122.72
2026-05-17,0.06342060361400963,71_Kitsap Cou,47.59,-122.72
2026-05-18,0.05093698908913696,71_Kitsap Cou,47.59,-122.72
2026-05-19,0.04998781747688218,71_Kitsap Cou,47.59,-122.72
2026-05-20,0.060310194742364084,71_Kitsap Cou,47.59,-122.72
2026-05-21,0.07515504215146777,71_Kitsap Cou,47.59,-122.72
2026-05-22,0.07479267172701236,71_Kitsap Cou,47.59,-122.72
2026-05-23,0.05713806656678971,71_Kitsap Cou,47.59,-122.72
2026-05-24,0.04377145963670595,71_Kitsap Cou,47.59,-122.72
2026-05-25,0.049334647800815576,71_Kitsap Cou,47.59,-122.72
2026-05-26,0.08907557196948222,71_Kitsap Cou,47.59,-122.72
2026-05-27,0.08521828024756002,71_Kitsap Cou,47.59,-122.72
2026-05-28,0.06500339978427833,71_Kitsap Cou,47.59,-122.72
2026-05-29,0.050349486511109515,71_Kitsap Cou,47.59,-122.72
2026-05-30,0.04394571634435759,71_Kitsap Cou,47.59,-122.72
2026-05-31,0.060886137697717405,71_Kitsap Cou,47.59,-122.72
2026-06-01,0.08214376548451857,71_Kitsap Cou,47.59,-122.72
2026-06-02,0.07569583765364599,71_Kitsap Cou,47.59,-122.72
2026-06-03,0.06524930687972046,71_Kitsap Cou,47.59,-122.72
2026-06-04,0.048152322418561246,71_Kitsap Cou,47.59,-122.72
2026-06-05,0.04595345228625116,71_Kitsap Cou,47.59,-122.72
2026-06-06,0.05393292115529992,71_Kitsap Cou,47.59,-122.72
2026-06-07,0.07545238541943143,71_Kitsap Cou,47.59,-122.72
2026-06-08,0.08149447980085125,71_Kitsap Cou,47.59,-122.72
2026-06-09,0.0755179068357796,71_Kitsap Cou,47.59,-122.72
2026-06-10,0.06146146156943691,71_Kitsap Cou,47.59,-122.72
2026-06-11,0.04811059850174262,71_Kitsap Cou,47.59,-122.72
2026-06-12,0.04248672186271456,71_Kitsap Cou,47.59,-122.72
2026-06-13,0.050647876502302326,71_Kitsap Cou,47.59,-122.72
2026-06-14,0.06475428431210216,71_Kitsap Cou,47.59,-122.72
2026-06-15,0.06885128905561015,71_Kitsap Cou,47.59,-122.72
2026-06-16,0.06077722664986422,71_Kitsap Cou,47.59,-122.72
2026-06-17,0.04376191762623821,71_Kitsap Cou,47.59,-122.72
2026-06-18,0.03320659399668976,71_Kitsap Cou,47.59,-122.72
2026-06-19,0.03320560490384788,71_Kitsap Cou,47.59,-122.72
2026-06-20,0.03833585503256844,71_Kitsap Cou,47.59,-122.72
2026-06-21,0.05282600947976667,71_Kitsap Cou,47.59,-122.72
2026-06-22,0.05399582008602526,71_Kitsap Cou,47.59,-122.72
2026-06-23,0.05930809476751888,71_Kitsap Cou,47.59,-122.72
2026-06-24,0.054139290611482774,71_Kitsap Cou,47.59,-122.72
2026-06-25,0.025921746533965496,71_Kitsap Cou,47.59,-122.72
2026-06-26,0.027679177982516154,71_Kitsap Cou,47.59,-122.72
2026-06-27,0.0457996031584395,71_Kitsap Cou,47.59,-122.72
2026-06-28,0.051151239651468915,71_Kitsap Cou,47.59,-122.72
2026-06-29,0.05130788961356962,71_Kitsap Cou,47.59,-122.72
2026-06-30,0.049957361616244055,71_Kitsap Cou,47.59,-122.72
2026-07-01,0.030887063517589707,71_Kitsap Cou,47.59,-122.72
2026-07-02,0.023471146417392612,71_Kitsap Cou,47.59,-122.72
2026-07-03,0.027308158371566256,71_Kitsap Cou,47.59,-122.72
2026-07-04,0.048517307712256603,71_Kitsap Cou,47.59,-122.72
2026-07-05,0.04947678967262402,71_Kitsap Cou,47.59,-122.72
2026-07-06,0.05833034499454104,71_Kitsap Cou,47.59,-122.72
2026-07-07,0.05408066465063161,71_Kitsap Cou,47.59,-122.72
2026-07-08,0.03144529664857351,71_Kitsap Cou,47.59,-122.72
2026-07-09,0.027423487417106335,71_Kitsap Cou,47.59,-122.72
2026-07-10,0.031212386590629096,71_Kitsap Cou,47.59,-122.72
2026-07-11,0.044115665338081714,71_Kitsap Cou,47.59,-122.72
2026-07-12,0.039997460289320205,71_Kitsap Cou,47.59,-122.72
2026-07-13,0.031993818172237724,71_Kitsap Cou,47.59,-122.72
2026-07-14,0.02983075189134727,71_Kitsap Cou,47.59,-122.72
2026-07-15,0.02763386100981025,71_Kitsap Cou,47.59,-122.72
2026-07-16,0.029181408395628747,71_Kitsap Cou,47.59,-122.72
2026-07-17,0.042020390174291884,71_Kitsap Cou,47.59,-122.72
2026-07-18,0.043620173803457694,71_Kitsap Cou,47.59,-122.72
2026-07-19,0.040421172835145715,71_Kitsap Cou,47.59,-122.72
2026-07-20,0.031632814175447506,71_Kitsap Cou,47.59,-122.72
2026-07-21,0.031913131651038935,71_Kitsap Cou,47.59,-122.72
2026-07-22,0.055182575457354215,71_Kitsap Cou,47.59,-122.72
2026-07-23,0.05999053108699704,71_Kitsap Cou,47.59,-122.72
2026-07-24,0.06076353688821925,71_Kitsap Cou,47.59,-122.72
2026-07-25,0.05764992319381939,71_Kitsap Cou,47.59,-122.72
2026-07-26,0.027856132747203263,71_Kitsap Cou,47.59,-122.72
2026-07-27,0.0207673493516927,71_Kitsap Cou,47.59,-122.72
2026-07-28,0.02158840144417859,71_Kitsap Cou,47.59,-122.72
2026-07-29,0.05251367582555757,71_Kitsap Cou,47.59,-122.72
2026-07-30,0.07212376895232815,71_Kitsap Cou,47.59,-122.72
2026-07-31,0.06270140917543793,71_Kitsap Cou,47.59,-122.72
2026-08-01,0.0342551542221563,71_Kitsap Cou,47.59,-122.72
2026-08-02,0.01956648549495989,71_Kitsap Cou,47.59,-122.72
2026-08-03,0.021388499239627698,71_Kitsap Cou,47.59,-122.72
2026-08-04,0.052716482258744625,71_Kitsap Cou,47.59,-122.72
2026-08-05,0.07774859050942463,71_Kitsap Cou,47.59,-122.72
2026-08-06,0.09143961837546698,71_Kitsap Cou,47.59,-122.72
2026-08-07,0.06323892859435995,71_Kitsap Cou,47.59,-122.72
2026-08-08,0.026093577751144636,71_Kitsap Cou,47.59,-122.72
2026-08-09,0.031410815964098726,71_Kitsap Cou,47.59,-122.72
2026-08-10,0.051991753097301086,71_Kitsap Cou,47.59,-122.72
2026-08-11,0.0538776638579086,71_Kitsap Cou,47.59,-122.72
2026-08-12,0.05868510569783127,71_Kitsap Cou,47.59,-122.72
2026-08-13,0.07537174847884218,71_Kitsap Cou,47.59,-122.72
2026-08-14,0.06965955377458218,71_Kitsap Cou,47.59,-122.72
2026-08-15,0.0479994760746324,71_Kitsap Cou,47.59,-122.72
2026-08-16,0.01992033687150737,71_Kitsap Cou,47.59,-122.72
2026-08-17,0.026915306993231403,71_Kitsap Cou,47.59,-122.72
2026-08-18,0.05958163597397827,71_Kitsap Cou,47.59,-122.72
2026-08-19,0.07339772388941075,71_Kitsap Cou,47.59,-122.72
2026-08-20,0.07105072119666082,71_Kitsap Cou,47.59,-122.72
2026-08-21,0.0443205477058895,71_Kitsap Cou,47.59,-122.72
2026-08-22,0.025382216246336953,71_Kitsap Cou,47.59,-122.72
2026-08-23,0.02139571457899648,71_Kitsap Cou,47.59,-122.72
2026-08-24,0.03395510918455523,71_Kitsap Cou,47.59,-122.72
2026-08-25,0.062117610770981824,71_Kitsap Cou,47.59,-122.72
2026-08-26,0.07903599051865001,71_Kitsap Cou,47.59,-122.72
2026-08-27,0.07510713235182687,71_Kitsap Cou,47.59,-122.72
2026-08-28,0.0600364752769827,71_Kitsap Cou,47.59,-122.72
2026-08-29,0.0334772727029086,71_Kitsap Cou,47.59,-122.72
2026-08-30,0.032913441042920225,71_Kitsap Cou,47.59,-122.72
2026-08-31,0.045368456563759194,71_Kitsap Cou,47.59,-122.72
2026-09-01,0.06294706714179944,71_Kitsap Cou,47.59,-122.72
2026-09-02,0.0808688787922322,71_Kitsap Cou,47.59,-122.72
2026-09-03,0.08308095471278433,71_Kitsap Cou,47.59,-122.72
2026-09-04,0.07820484704405911,71_Kitsap Cou,47.59,-122.72
2026-09-05,0.06737090733979767,71_Kitsap Cou,47.59,-122.72
2026-09-06,0.04439380667359304,71_Kitsap Cou,47.59,-122.72
2026-09-07,0.049738154441683044,71_Kitsap Cou,47.59,-122.72
2026-09-08,0.05343141693609161,71_Kitsap Cou,47.59,-122.72
2026-09-09,0.0591291762651631,71_Kitsap Cou,47.59,-122.72
2026-09-10,0.06343520293714026,71_Kitsap Cou,47.59,-122.72
2026-09-11,0.06244324968212545,71_Kitsap Cou,47.59,-122.72
2026-09-12,0.045211545318686,71_Kitsap Cou,47.59,-122.72
2026-09-13,0.05762092805610225,71_Kitsap Cou,47.59,-122.72
2026-09-14,0.07471484244841742,71_Kitsap Cou,47.59,-122.72
2026-09-15,0.09562107555246471,71_Kitsap Cou,47.59,-122.72
2026-09-16,0.09650383413884797,71_Kitsap Cou,47.59,-122.72
2026-09-17,0.08498097225005806,71_Kitsap Cou,47.59,-122.72
2026-09-18,0.06442896527947806,71_Kitsap Cou,47.59,-122.72
2026-09-19,0.04853952747816526,71_Kitsap Cou,47.59,-122.72
2026-09-20,0.036099277521200165,71_Kitsap Cou,47.59,-122.72
2026-09-21,0.10623697200476416,71_Kitsap Cou,47.59,-122.72
2026-09-22,0.13744549794392624,71_Kitsap Cou,47.59,-122.72
2026-09-23,0.13522436760868228,71_Kitsap Cou,47.59,-122.72
2026-09-24,0.13162971704107812,71_Kitsap Cou,47.59,-122.72
2026-09-25,0.11319294933375357,71_Kitsap Cou,47.59,-122.72
2026-09-26,0.08292367869109853,71_Kitsap Cou,47.59,-122.72
2026-09-27,0.07934939174186899,71_Kitsap Cou,47.59,-122.72
2026-09-28,0.06852851127404957,71_Kitsap Cou,47.59,-122.72
2026-09-29,0.06574418103231737,71_Kitsap Cou,47.59,-122.72
2026-09-30,0.07974743280259478,71_Kitsap Cou,47.59,-122.72
2026-10-01,0.09391302215743261,71_Kitsap Cou,47.59,-122.72
2026-10-02,0.088558578277711,71_Kitsap Cou,47.59,-122.72
2026-10-03,0.06941322432440591,71_Kitsap Cou,47.59,-122.72
2026-10-04,0.06105182364399609,71_Kitsap Cou,47.59,-122.72
2026-10-05,0.07076460369979812,71_Kitsap Cou,47.59,-122.72
2026-10-06,0.13188715349619848,71_Kitsap Cou,47.59,-122.72
2026-10-07,0.14199748447169236,71_Kitsap Cou,47.59,-122.72
2026-10-08,0.13105473867846895,71_Kitsap Cou,47.59,-122.72
2026-10-09,0.12595990548475614,71_Kitsap Cou,47.59,-122.72
2026-10-10,0.11041737153308245,71_Kitsap Cou,47.59,-122.72
2026-10-11,0.09074997811250068,71_Kitsap Cou,47.59,-122.72
2026-10-12,0.08609555171126444,71_Kitsap Cou,47.59,-122.72
2026-10-13,0.12479964077441111,71_Kitsap Cou,47.59,-122.72
2026-10-14,0.16112858950961023,71_Kitsap Cou,47.59,-122.72
2026-10-15,0.1692825713783422,71_Kitsap Cou,47.59,-122.72
2026-10-16,0.15427439491527006,71_Kitsap Cou,47.59,-122.72
2026-10-17,0.13830271030001234,71_Kitsap Cou,47.59,-122.72
2026-10-18,0.1332317561110207,71_Kitsap Cou,47.59,-122.72
2026-10-19,0.14729662370286112,71_Kitsap Cou,47.59,-122.72
2026-10-20,0.15197154184478515,71_Kitsap Cou,47.59,-122.72
2026-10-21,0.1461927512595024,71_Kitsap Cou,47.59,-122.72
2026-10-22,0.1393709434945745,71_Kitsap Cou,47.59,-122.72
2026-10-23,0.11666078642796553,71_Kitsap Cou,47.59,-122.72
2026-10-24,0.10326474066783273,71_Kitsap Cou,47.59,-122.72
2026-10-25,0.0981359469687446,71_Kitsap Cou,47.59,-122.72
2026-10-26,0.13769126029099382,71_Kitsap Cou,47.59,-122.72
2026-10-27,0.19104172479239298,71_Kitsap Cou,47.59,-122.72
2026-10-28,0.18513622413867917,71_Kitsap Cou,47.59,-122.72
2026-10-29,0.16216570732602015,71_Kitsap Cou,47.59,-122.72
2026-10-30,0.15958987855207235,71_Kitsap Cou,47.59,-122.72
2026-10-31,0.15884990393997123,71_Kitsap Cou,47.59,-122.72
2026-11-01,0.16355105429054495,71_Kitsap Cou,47.59,-122.72
2026-11-02,0.19729035892303937,71_Kitsap Cou,47.59,-122.72
2026-11-03,0.21494605060918098,71_Kitsap Cou,47.59,-122.72
2026-11-04,0.21485456753932602,71_Kitsap Cou,47.59,-122.72
2026-11-05,0.22414175207755677,71_Kitsap Cou,47.59,-122.72
2026-11-06,0.22961059307730475,71_Kitsap Cou,47.59,-122.72
2026-11-07,0.18460145181424042,71_Kitsap Cou,47.59,-122.72
2026-11-08,0.17948176880410055,71_Kitsap Cou,47.59,-122.72
2026-11-09,0.17108732923642436,71_Kitsap Cou,47.59,-122.72
2026-11-10,0.17434352618934865,71_Kitsap Cou,47.59,-122.72
2026-11-11,0.21476636375450098,71_Kitsap Cou,47.59,-122.72
2026-11-12,0.2390740992582056,71_Kitsap Cou,47.59,-122.72
2026-11-13,0.24431382027173723,71_Kitsap Cou,47.59,-122.72
2026-11-14,0.2544135124468804,71_Kitsap Cou,47.59,-122.72
2026-11-15,0.25291387045029007,71_Kitsap Cou,47.59,-122.72
2026-11-16,0.2941176580717697,71_Kitsap Cou,47.59,-122.72
2026-11-17,0.3358853768495463,71_Kitsap Cou,47.59,-122.72
2026-11-18,0.32245205495800916,71_Kitsap Cou,47.59,-122.72
2026-11-19,0.35573614083146604,71_Kitsap Cou,47.59,-122.72
2026-11-20,0.37710117067052584,71_Kitsap Cou,47.59,-122.72
2026-11-21,0.37947738532062747,71_Kitsap Cou,47.59,-122.72
2026-11-22,0.3763684828007876,71_Kitsap Cou,47.59,-122.72
2026-11-23,0.38105816588201513,71_Kitsap Cou,47.59,-122.72
2026-11-24,0.3928472234237677,71_Kitsap Cou,47.59,-122.72
2026-11-25,0.40009329765870266,71_Kitsap Cou,47.59,-122.72
2026-11-26,0.3791216903047317,71_Kitsap Cou,47.59,-122.72
2026-11-27,0.3138329675048909,71_Kitsap Cou,47.59,-122.72
2026-11-28,0.3376019309589121,71_Kitsap Cou,47.59,-122.72
2026-11-29,0.3565071604204038,71_Kitsap Cou,47.59,-122.72
2026-11-30,0.41486934220269867,71_Kitsap Cou,47.59,-122.72
2026-12-01,0.38038127677621597,71_Kitsap Cou,47.59,-122.72
2026-12-02,0.39156085291858495,71_Kitsap Cou,47.59,-122.72
2026-12-03,0.39790527181863516,71_Kitsap Cou,47.59,-122.72
2026-12-04,0.36957243864134354,71_Kitsap Cou,47.59,-122.72
2026-12-05,0.3608217801255945,71_Kitsap Cou,47.59,-122.72
2026-12-06,0.3762038087316825,71_Kitsap Cou,47.59,-122.72
2026-12-07,0.4131212642608082,71_Kitsap Cou,47.59,-122.72
2026-12-08,0.40902753707271217,71_Kitsap Cou,47.59,-122.72
2026-12-09,0.44997524699849567,71_Kitsap Cou,47.59,-122.72
2026-12-10,0.43256807185965274,71_Kitsap Cou,47.59,-122.72
2026-12-11,0.38796600004869936,71_Kitsap Cou,47.59,-122.72
2026-12-12,0.3314963220276092,71_Kitsap Cou,47.59,-122.72
2026-12-13,0.2893446703668893,71_Kitsap Cou,47.59,-122.72
2026-12-14,0.30087678657225725,71_Kitsap Cou,47.59,-122.72
2026-12-15,0.31108183993631716,71_Kitsap Cou,47.59,-122.72
2026-12-16,0.2768382542464549,71_Kitsap Cou,47.59,-122.72
2026-12-17,0.2994046220171153,71_Kitsap Cou,47.59,-122.72
2026-12-18,0.3253125907769576,71_Kitsap Cou,47.59,-122.72
2026-12-19,0.4035863777696178,71_Kitsap Cou,47.59,-122.72
2026-12-20,0.3717524748559856,71_Kitsap Cou,47.59,-122.72
2026-12-21,0.34082922379353014,71_Kitsap Cou,47.59,-122.72
2026-12-22,0.3473745995764185,71_Kitsap Cou,47.59,-122.72
2026-12-23,0.3527477541193937,71_Kitsap Cou,47.59,-122.72
2026-12-24,0.35018172869949643,71_Kitsap Cou,47.59,-122.72
2026-12-25,0.3755578220976853,71_Kitsap Cou,47.59,-122.72
2026-12-26,0.34264150464188387,71_Kitsap Cou,47.59,-122.72
2026-12-27,0.27144060972494244,71_Kitsap Cou,47.59,-122.72
2026-12-28,0.21938552890502677,71_Kitsap Cou,47.59,-122.72
2026-12-29,0.19668085302610064,71_Kitsap Cou,47.59,-122.72
2026-12-30,0.15760510527925642,71_Kitsap Cou,47.59,-122.72
2026-12-31,0.13484236077365452,71_Kitsap Cou,47.59,-122.72
2027-01-01,0.17840403933268872,71_Kitsap Cou,47.59,-122.72
2027-01-02,0.21395292110744385,71_Kitsap Cou,47.59,-122.72
2027-01-03,0.21615454706856777,71_Kitsap Cou,47.59,-122.72
2027-01-04,0.275392209763269,71_Kitsap Cou,47.59,-122.72
2027-01-05,0.36755850275407564,71_Kitsap Cou,47.59,-122.72
2027-01-06,0.4298260990980485,71_Kitsap Cou,47.59,-122.72
2027-01-07,0.40405504388213664,71_Kitsap Cou,47.59,-122.72
2027-01-08,0.3783221579149804,71_Kitsap Cou,47.59,-122.72
2027-01-09,0.3762802626897596,71_Kitsap Cou,47.59,-122.72
2027-01-10,0.40451873417205525,71_Kitsap Cou,47.59,-122.72
2027-01-11,0.4400429184568167,71_Kitsap Cou,47.59,-122.72
2027-01-12,0.42267279185867324,71_Kitsap Cou,47.59,-122.72
2027-01-13,0.3839395029331513,71_Kitsap Cou,47.59,-122.72
2027-01-14,0.3583243533692408,71_Kitsap Cou,47.59,-122.72
2027-01-15,0.3479453994711125,71_Kitsap Cou,47.59,-122.72
2027-01-16,0.34847299936443066,71_Kitsap Cou,47.59,-122.72
2027-01-17,0.33974032472013527,71_Kitsap Cou,47.59,-122.72
2027-01-18,0.33107773994239076,71_Kitsap Cou,47.59,-122.72
2027-01-19,0.3556077389636448,71_Kitsap Cou,47.59,-122.72
2027-01-20,0.43442092374200403,71_Kitsap Cou,47.59,-122.72
2027-01-21,0.3439631450988986,71_Kitsap Cou,47.59,-122.72
2027-01-22,0.3095236329056533,71_Kitsap Cou,47.59,-122.72
2027-01-23,0.3272726300040718,71_Kitsap Cou,47.59,-122.72
2027-01-24,0.37950622686611424,71_Kitsap Cou,47.59,-122.72
2027-01-25,0.3821760116851013,71_Kitsap Cou,47.59,-122.72
2027-01-26,0.3577153548763008,71_Kitsap Cou,47.59,-122.72
2027-01-27,0.3944948161860479,71_Kitsap Cou,47.59,-122.72
2027-01-28,0.3864598142036362,71_Kitsap Cou,47.59,-122.72
2027-01-29,0.3597282232917063,71_Kitsap Cou,47.59,-122.72
2027-01-30,0.3280166862556172,71_Kitsap Cou,47.59,-122.72
2027-01-31,0.27398924436892225,71_Kitsap Cou,47.59,-122.72
2027-02-01,0.21101550007149222,71_Kitsap Cou,47.59,-122.72
2027-02-02,0.18605342051989204,71_Kitsap Cou,47.59,-122.72
2027-02-03,0.15945343230156075,71_Kitsap Cou,47.59,-122.72
2027-02-04,0.12560979768330757,71_Kitsap Cou,47.59,-122.72
2027-02-05,0.12159109352520732,71_Kitsap Cou,47.59,-122.72
2027-02-06,0.11060340459523603,71_Kitsap Cou,47.59,-122.72
2027-02-07,0.1043749412799464,71_Kitsap Cou,47.59,-122.72
2027-02-08,0.11210992148819268,71_Kitsap Cou,47.59,-122.72
2027-02-09,0.1257215566551828,71_Kitsap Cou,47.59,-122.72
2027-02-10,0.12799325012645588,71_Kitsap Cou,47.59,-122.72
2027-02-11,0.11548431238624834,71_Kitsap Cou,47.59,-122.72
2027-02-12,0.1059052287854449,71_Kitsap Cou,47.59,-122.72
2027-02-13,0.10427993413074509,71_Kitsap Cou,47.59,-122.72
2027-02-14,0.0984089063215502,71_Kitsap Cou,47.59,-122.72
2027-02-15,0.09957762008140755,71_Kitsap Cou,47.59,-122.72
2027-02-16,0.12172559348240788,71_Kitsap Cou,47.59,-122.72
2027-02-17,0.11167677071573906,71_Kitsap Cou,47.59,-122.72
2027-02-18,0.08929533657744308,71_Kitsap Cou,47.59,-122.72
2027-02-19,0.08275553907897253,71_Kitsap Cou,47.59,-122.72
2027-02-20,0.09734718902862172,71_Kitsap Cou,47.59,-122.72
2027-02-21,0.10401644930855584,71_Kitsap Cou,47.59,-122.72
2027-02-22,0.10175144640461412,71_Kitsap Cou,47.59,-122.72
2027-02-23,0.0978556605823295,71_Kitsap Cou,47.59,-122.72
2027-02-24,0.08967171623734041,71_Kitsap Cou,47.59,-122.72
2027-02-25,0.07861260189751834,71_Kitsap Cou,47.59,-122.72
2027-02-26,0.07408622770748337,71_Kitsap Cou,47.59,-122.72
2027-02-27,0.11546025981261393,71_Kitsap Cou,47.59,-122.72
2027-02-28,0.12573585066464107,71_Kitsap Cou,47.59,-122.72
2027-03-01,0.11321411640268074,71_Kitsap Cou,47.59,-122.72
2027-03-02,0.09415853365307618,71_Kitsap Cou,47.59,-122.72
2027-03-03,0.09786263899255657,71_Kitsap Cou,47.59,-122.72
2027-03-04,0.10783638215091389,71_Kitsap Cou,47.59,-122.72
2027-03-05,0.1075883437001274,71_Kitsap Cou,47.59,-122.72
2027-03-06,0.08972410423103144,71_Kitsap Cou,47.59,-122.72
2027-03-07,0.0888211709626507,71_Kitsap Cou,47.59,-122.72
2027-03-08,0.07476562042757158,71_Kitsap Cou,47.59,-122.72
2027-03-09,0.07569476529387272,71_Kitsap Cou,47.59,-122.72
2026-03-10,0.06969619476504016,72_Kitsap Cou,47.49,-122.62
2026-03-11,0.15534838358896236,72_Kitsap Cou,47.49,-122.62
2026-03-12,0.158336070586761,72_Kitsap Cou,47.49,-122.62
2026-03-13,0.12208333459821724,72_Kitsap Cou,47.49,-122.62
2026-03-14,0.11029269733104177,72_Kitsap Cou,47.49,-122.62
2026-03-15,0.09706761284435114,72_Kitsap Cou,47.49,-122.62
2026-03-16,0.08138009567541167,72_Kitsap Cou,47.49,-122.62
2026-03-17,0.08669653970579022,72_Kitsap Cou,47.49,-122.62
2026-03-18,0.1109171380896021,72_Kitsap Cou,47.49,-122.62
2026-03-19,0.12586048931204505,72_Kitsap Cou,47.49,-122.62
2026-03-20,0.11256691693549764,72_Kitsap Cou,47.49,-122.62
2026-03-21,0.10593056983049542,72_Kitsap Cou,47.49,-122.62
2026-03-22,0.11175360437735997,72_Kitsap Cou,47.49,-122.62
2026-03-23,0.10678453383115058,72_Kitsap Cou,47.49,-122.62
2026-03-24,0.1046449927158875,72_Kitsap Cou,47.49,-122.62
2026-03-25,0.09374146971451211,72_Kitsap Cou,47.49,-122.62
2026-03-26,0.07434500456279407,72_Kitsap Cou,47.49,-122.62
2026-03-27,0.09806703556438691,72_Kitsap Cou,47.49,-122.62
2026-03-28,0.12206163765366922,72_Kitsap Cou,47.49,-122.62
2026-03-29,0.1075874019861736,72_Kitsap Cou,47.49,-122.62
2026-03-30,0.0988213391870157,72_Kitsap Cou,47.49,-122.62
2026-03-31,0.10758162678922137,72_Kitsap Cou,47.49,-122.62
2026-04-01,0.09979143758201241,72_Kitsap Cou,47.49,-122.62
2026-04-02,0.11986659922705288,72_Kitsap Cou,47.49,-122.62
2026-04-03,0.11131465613358958,72_Kitsap Cou,47.49,-122.62
2026-04-04,0.08483508537834519,72_Kitsap Cou,47.49,-122.62
2026-04-05,0.07500459109057367,72_Kitsap Cou,47.49,-122.62
2026-04-06,0.09127815531632588,72_Kitsap Cou,47.49,-122.62
2026-04-07,0.11333955976512913,72_Kitsap Cou,47.49,-122.62
2026-04-08,0.08953441463231965,72_Kitsap Cou,47.49,-122.62
2026-04-09,0.09870454245098874,72_Kitsap Cou,47.49,-122.62
2026-04-10,0.1070130713363378,72_Kitsap Cou,47.49,-122.62
2026-04-11,0.11444810591625162,72_Kitsap Cou,47.49,-122.62
2026-04-12,0.08967346415641406,72_Kitsap Cou,47.49,-122.62
2026-04-13,0.06511580989969686,72_Kitsap Cou,47.49,-122.62
2026-04-14,0.0664650085951213,72_Kitsap Cou,47.49,-122.62
2026-04-15,0.08047117000352845,72_Kitsap Cou,47.49,-122.62
2026-04-16,0.07925743185215704,72_Kitsap Cou,47.49,-122.62
2026-04-17,0.08292372049501806,72_Kitsap Cou,47.49,-122.62
2026-04-18,0.08029439662220937,72_Kitsap Cou,47.49,-122.62
2026-04-19,0.06773261819382438,72_Kitsap Cou,47.49,-122.62
2026-04-20,0.06833728052988966,72_Kitsap Cou,47.49,-122.62
2026-04-21,0.06151022927974128,72_Kitsap Cou,47.49,-122.62
2026-04-22,0.06833711688986102,72_Kitsap Cou,47.49,-122.62
2026-04-23,0.06604116562609501,72_Kitsap Cou,47.49,-122.62
2026-04-24,0.061117842742792736,72_Kitsap Cou,47.49,-122.62
2026-04-25,0.05955802006805429,72_Kitsap Cou,47.49,-122.62
2026-04-26,0.05723167218206012,72_Kitsap Cou,47.49,-122.62
2026-04-27,0.058210913640431794,72_Kitsap Cou,47.49,-122.62
2026-04-28,0.060020011013939396,72_Kitsap Cou,47.49,-122.62
2026-04-29,0.06783229146339775,72_Kitsap Cou,47.49,-122.62
2026-04-30,0.061520583122110506,72_Kitsap Cou,47.49,-122.62
2026-05-01,0.0695698542385774,72_Kitsap Cou,47.49,-122.62
2026-05-02,0.06674965577080941,72_Kitsap Cou,47.49,-122.62
2026-05-03,0.0696788306922183,72_Kitsap Cou,47.49,-122.62
2026-05-04,0.07104296744506336,72_Kitsap Cou,47.49,-122.62
2026-05-05,0.06471622524089281,72_Kitsap Cou,47.49,-122.62
2026-05-06,0.04836150864666223,72_Kitsap Cou,47.49,-122.62
2026-05-07,0.03779629208001284,72_Kitsap Cou,47.49,-122.62
2026-05-08,0.04809366788872604,72_Kitsap Cou,47.49,-122.62
2026-05-09,0.07955691731441095,72_Kitsap Cou,47.49,-122.62
2026-05-10,0.07250776019865784,72_Kitsap Cou,47.49,-122.62
2026-05-11,0.07268553800325618,72_Kitsap Cou,47.49,-122.62
2026-05-12,0.07331198969519272,72_Kitsap Cou,47.49,-122.62
2026-05-13,0.07393159662392933,72_Kitsap Cou,47.49,-122.62
2026-05-14,0.07342008326591934,72_Kitsap Cou,47.49,-122.62
2026-05-15,0.062098601553048985,72_Kitsap Cou,47.49,-122.62
2026-05-16,0.03896874169722609,72_Kitsap Cou,47.49,-122.62
2026-05-17,0.047665037474600096,72_Kitsap Cou,47.49,-122.62
2026-05-18,0.07737316673997774,72_Kitsap Cou,47.49,-122.62
2026-05-19,0.08289733803805066,72_Kitsap Cou,47.49,-122.62
2026-05-20,0.07072956068533413,72_Kitsap Cou,47.49,-122.62
2026-05-21,0.050589384123429906,72_Kitsap Cou,47.49,-122.62
2026-05-22,0.048914168762720124,72_Kitsap Cou,47.49,-122.62
2026-05-23,0.04903197337847363,72_Kitsap Cou,47.49,-122.62
2026-05-24,0.07421673383938919,72_Kitsap Cou,47.49,-122.62
2026-05-25,0.08683671729160523,72_Kitsap Cou,47.49,-122.62
2026-05-26,0.07742924796869206,72_Kitsap Cou,47.49,-122.62
2026-05-27,0.06575063058057284,72_Kitsap Cou,47.49,-122.62
2026-05-28,0.04999298841137863,72_Kitsap Cou,47.49,-122.62
2026-05-29,0.0501366143099097,72_Kitsap Cou,47.49,-122.62
2026-05-30,0.07266107099597413,72_Kitsap Cou,47.49,-122.62
2026-05-31,0.07183110961512573,72_Kitsap Cou,47.49,-122.62
2026-06-01,0.06932201920943437,72_Kitsap Cou,47.49,-122.62
2026-06-02,0.05069511078905723,72_Kitsap Cou,47.49,-122.62
2026-06-03,0.04062140477027004,72_Kitsap Cou,47.49,-122.62
2026-06-04,0.04478316850325051,72_Kitsap Cou,47.49,-122.62
2026-06-05,0.07735452307935128,72_Kitsap Cou,47.49,-122.62
2026-06-06,0.08122141570451545,72_Kitsap Cou,47.49,-122.62
2026-06-07,0.06690618830098843,72_Kitsap Cou,47.49,-122.62
2026-06-08,0.05957854362103391,72_Kitsap Cou,47.49,-122.62
2026-06-09,0.06225362780405301,72_Kitsap Cou,47.49,-122.62
2026-06-10,0.0751200468619283,72_Kitsap Cou,47.49,-122.62
2026-06-11,0.06758597931252378,72_Kitsap Cou,47.49,-122.62
2026-06-12,0.056570145616984376,72_Kitsap Cou,47.49,-122.62
2026-06-13,0.03937931325692716,72_Kitsap Cou,47.49,-122.62
2026-06-14,0.040893165163575364,72_Kitsap Cou,47.49,-122.62
2026-06-15,0.06918296923017116,72_Kitsap Cou,47.49,-122.62
2026-06-16,0.06452869545612962,72_Kitsap Cou,47.49,-122.62
2026-06-17,0.054880651545606965,72_Kitsap Cou,47.49,-122.62
2026-06-18,0.04565406643185782,72_Kitsap Cou,47.49,-122.62
2026-06-19,0.03922608460476008,72_Kitsap Cou,47.49,-122.62
2026-06-20,0.03994192196683432,72_Kitsap Cou,47.49,-122.62
2026-06-21,0.050718641818656464,72_Kitsap Cou,47.49,-122.62
2026-06-22,0.05162132851998826,72_Kitsap Cou,47.49,-122.62
2026-06-23,0.056089271707371595,72_Kitsap Cou,47.49,-122.62
2026-06-24,0.05173313277445785,72_Kitsap Cou,47.49,-122.62
2026-06-25,0.025203000858984848,72_Kitsap Cou,47.49,-122.62
2026-06-26,0.024906301677704527,72_Kitsap Cou,47.49,-122.62
2026-06-27,0.031188959729084014,72_Kitsap Cou,47.49,-122.62
2026-06-28,0.04625324530076823,72_Kitsap Cou,47.49,-122.62
2026-06-29,0.05346053981445962,72_Kitsap Cou,47.49,-122.62
2026-06-30,0.049277978285288404,72_Kitsap Cou,47.49,-122.62
2026-07-01,0.03400346106356487,72_Kitsap Cou,47.49,-122.62
2026-07-02,0.024246044311282595,72_Kitsap Cou,47.49,-122.62
2026-07-03,0.02689142023156908,72_Kitsap Cou,47.49,-122.62
2026-07-04,0.04492115094147132,72_Kitsap Cou,47.49,-122.62
2026-07-05,0.04820663845292423,72_Kitsap Cou,47.49,-122.62
2026-07-06,0.05680603507290439,72_Kitsap Cou,47.49,-122.62
2026-07-07,0.04958506598597472,72_Kitsap Cou,47.49,-122.62
2026-07-08,0.03330810275805605,72_Kitsap Cou,47.49,-122.62
2026-07-09,0.027106519952246604,72_Kitsap Cou,47.49,-122.62
2026-07-10,0.03141933581394871,72_Kitsap Cou,47.49,-122.62
2026-07-11,0.04058265626828877,72_Kitsap Cou,47.49,-122.62
2026-07-12,0.036580599457537916,72_Kitsap Cou,47.49,-122.62
2026-07-13,0.02890701461588178,72_Kitsap Cou,47.49,-122.62
2026-07-14,0.029111467152507325,72_Kitsap Cou,47.49,-122.62
2026-07-15,0.043332383921244416,72_Kitsap Cou,47.49,-122.62
2026-07-16,0.04465586542258899,72_Kitsap Cou,47.49,-122.62
2026-07-17,0.043714307451090444,72_Kitsap Cou,47.49,-122.62
2026-07-18,0.030634558959534243,72_Kitsap Cou,47.49,-122.62
2026-07-19,0.022510980400620797,72_Kitsap Cou,47.49,-122.62
2026-07-20,0.033818269365090324,72_Kitsap Cou,47.49,-122.62
2026-07-21,0.05660606440648359,72_Kitsap Cou,47.49,-122.62
2026-07-22,0.06516030638659398,72_Kitsap Cou,47.49,-122.62
2026-07-23,0.06481424389829692,72_Kitsap Cou,47.49,-122.62
2026-07-24,0.03465013308807351,72_Kitsap Cou,47.49,-122.62
2026-07-25,0.0230420363249583,72_Kitsap Cou,47.49,-122.62
2026-07-26,0.01901673679858982,72_Kitsap Cou,47.49,-122.62
2026-07-27,0.025515874596693973,72_Kitsap Cou,47.49,-122.62
2026-07-28,0.04988045239896193,72_Kitsap Cou,47.49,-122.62
2026-07-29,0.05837810933334295,72_Kitsap Cou,47.49,-122.62
2026-07-30,0.056812399517431625,72_Kitsap Cou,47.49,-122.62
2026-07-31,0.027969156331196437,72_Kitsap Cou,47.49,-122.62
2026-08-01,0.02635185496525879,72_Kitsap Cou,47.49,-122.62
2026-08-02,0.02195002945775446,72_Kitsap Cou,47.49,-122.62
2026-08-03,0.029542552014068284,72_Kitsap Cou,47.49,-122.62
2026-08-04,0.05672402321769627,72_Kitsap Cou,47.49,-122.62
2026-08-05,0.07584900268473187,72_Kitsap Cou,47.49,-122.62
2026-08-06,0.0757380378255017,72_Kitsap Cou,47.49,-122.62
2026-08-07,0.045657768167632506,72_Kitsap Cou,47.49,-122.62
2026-08-08,0.02328720379636795,72_Kitsap Cou,47.49,-122.62
2026-08-09,0.0324539719143636,72_Kitsap Cou,47.49,-122.62
2026-08-10,0.052887241126986874,72_Kitsap Cou,47.49,-122.62
2026-08-11,0.05920186517791711,72_Kitsap Cou,47.49,-122.62
2026-08-12,0.05662767109169442,72_Kitsap Cou,47.49,-122.62
2026-08-13,0.03595838783162969,72_Kitsap Cou,47.49,-122.62
2026-08-14,0.02293882633947524,72_Kitsap Cou,47.49,-122.62
2026-08-15,0.025900289912198612,72_Kitsap Cou,47.49,-122.62
2026-08-16,0.03902369917807999,72_Kitsap Cou,47.49,-122.62
2026-08-17,0.06221930833481432,72_Kitsap Cou,47.49,-122.62
2026-08-18,0.0656814322701036,72_Kitsap Cou,47.49,-122.62
2026-08-19,0.06324632340248908,72_Kitsap Cou,47.49,-122.62
2026-08-20,0.03168063544887397,72_Kitsap Cou,47.49,-122.62
2026-08-21,0.0256765292663789,72_Kitsap Cou,47.49,-122.62
2026-08-22,0.028504664678256908,72_Kitsap Cou,47.49,-122.62
2026-08-23,0.0456496762369555,72_Kitsap Cou,47.49,-122.62
2026-08-24,0.0724189686589619,72_Kitsap Cou,47.49,-122.62
2026-08-25,0.08363966122555445,72_Kitsap Cou,47.49,-122.62
2026-08-26,0.06925205836251494,72_Kitsap Cou,47.49,-122.62
2026-08-27,0.04392161826459486,72_Kitsap Cou,47.49,-122.62
2026-08-28,0.0327202285695418,72_Kitsap Cou,47.49,-122.62
2026-08-29,0.02654616662459487,72_Kitsap Cou,47.49,-122.62
2026-08-30,0.041419468646075465,72_Kitsap Cou,47.49,-122.62
2026-08-31,0.06537734099945228,72_Kitsap Cou,47.49,-122.62
2026-09-01,0.07761100005561233,72_Kitsap Cou,47.49,-122.62
2026-09-02,0.07662711268280147,72_Kitsap Cou,47.49,-122.62
2026-09-03,0.07215350743401175,72_Kitsap Cou,47.49,-122.62
2026-09-04,0.06963064418216505,72_Kitsap Cou,47.49,-122.62
2026-09-05,0.07071827024278562,72_Kitsap Cou,47.49,-122.62
2026-09-06,0.052396693159374993,72_Kitsap Cou,47.49,-122.62
2026-09-07,0.04456349759696286,72_Kitsap Cou,47.49,-122.62
2026-09-08,0.040600463111464646,72_Kitsap Cou,47.49,-122.62
2026-09-09,0.043965709298749295,72_Kitsap Cou,47.49,-122.62
2026-09-10,0.061437245499129,72_Kitsap Cou,47.49,-122.62
2026-09-11,0.07295320212269349,72_Kitsap Cou,47.49,-122.62
2026-09-12,0.06496249602680108,72_Kitsap Cou,47.49,-122.62
2026-09-13,0.06575762435603179,72_Kitsap Cou,47.49,-122.62
2026-09-14,0.07560420413534626,72_Kitsap Cou,47.49,-122.62
2026-09-15,0.08783236369184508,72_Kitsap Cou,47.49,-122.62
2026-09-16,0.0883769806501968,72_Kitsap Cou,47.49,-122.62
2026-09-17,0.07330329882949457,72_Kitsap Cou,47.49,-122.62
2026-09-18,0.05847941267411177,72_Kitsap Cou,47.49,-122.62
2026-09-19,0.048219100510472325,72_Kitsap Cou,47.49,-122.62
2026-09-20,0.036440441940790165,72_Kitsap Cou,47.49,-122.62
2026-09-21,0.1081858473450528,72_Kitsap Cou,47.49,-122.62
2026-09-22,0.1451063152390502,72_Kitsap Cou,47.49,-122.62
2026-09-23,0.16358420050154288,72_Kitsap Cou,47.49,-122.62
2026-09-24,0.1358336086995599,72_Kitsap Cou,47.49,-122.62
2026-09-25,0.12817926831647597,72_Kitsap Cou,47.49,-122.62
2026-09-26,0.09811700405524788,72_Kitsap Cou,47.49,-122.62
2026-09-27,0.08190015203393655,72_Kitsap Cou,47.49,-122.62
2026-09-28,0.05569974897422458,72_Kitsap Cou,47.49,-122.62
2026-09-29,0.061076550764674976,72_Kitsap Cou,47.49,-122.62
2026-09-30,0.08263329257235623,72_Kitsap Cou,47.49,-122.62
2026-10-01,0.0861799366920672,72_Kitsap Cou,47.49,-122.62
2026-10-02,0.0847330558603988,72_Kitsap Cou,47.49,-122.62
2026-10-03,0.06540139124572467,72_Kitsap Cou,47.49,-122.62
2026-10-04,0.0645860264798882,72_Kitsap Cou,47.49,-122.62
2026-10-05,0.06912550848955924,72_Kitsap Cou,47.49,-122.62
2026-10-06,0.10863776615175912,72_Kitsap Cou,47.49,-122.62
2026-10-07,0.14249432086976585,72_Kitsap Cou,47.49,-122.62
2026-10-08,0.1254205913114517,72_Kitsap Cou,47.49,-122.62
2026-10-09,0.12048947991384387,72_Kitsap Cou,47.49,-122.62
2026-10-10,0.10265995507247666,72_Kitsap Cou,47.49,-122.62
2026-10-11,0.08472406215405204,72_Kitsap Cou,47.49,-122.62
2026-10-12,0.08417626860748464,72_Kitsap Cou,47.49,-122.62
2026-10-13,0.11944699941420439,72_Kitsap Cou,47.49,-122.62
2026-10-14,0.15284864330901932,72_Kitsap Cou,47.49,-122.62
2026-10-15,0.14421474806923884,72_Kitsap Cou,47.49,-122.62
2026-10-16,0.13816058694306482,72_Kitsap Cou,47.49,-122.62
2026-10-17,0.13939068293080686,72_Kitsap Cou,47.49,-122.62
2026-10-18,0.09698915414836398,72_Kitsap Cou,47.49,-122.62
2026-10-19,0.12758402269644128,72_Kitsap Cou,47.49,-122.62
2026-10-20,0.14821945995058372,72_Kitsap Cou,47.49,-122.62
2026-10-21,0.13220057533608912,72_Kitsap Cou,47.49,-122.62
2026-10-22,0.12375514111118921,72_Kitsap Cou,47.49,-122.62
2026-10-23,0.10559247954474914,72_Kitsap Cou,47.49,-122.62
2026-10-24,0.08556835482769441,72_Kitsap Cou,47.49,-122.62
2026-10-25,0.09118110446481575,72_Kitsap Cou,47.49,-122.62
2026-10-26,0.1343026881872012,72_Kitsap Cou,47.49,-122.62
2026-10-27,0.16758714542541445,72_Kitsap Cou,47.49,-122.62
2026-10-28,0.17425380230544424,72_Kitsap Cou,47.49,-122.62
2026-10-29,0.17446955261683716,72_Kitsap Cou,47.49,-122.62
2026-10-30,0.16032418179438468,72_Kitsap Cou,47.49,-122.62
2026-10-31,0.15449155835347275,72_Kitsap Cou,47.49,-122.62
2026-11-01,0.16147662548542638,72_Kitsap Cou,47.49,-122.62
2026-11-02,0.17431711382598075,72_Kitsap Cou,47.49,-122.62
2026-11-03,0.15046732288475984,72_Kitsap Cou,47.49,-122.62
2026-11-04,0.1482699598620932,72_Kitsap Cou,47.49,-122.62
2026-11-05,0.14147271293813485,72_Kitsap Cou,47.49,-122.62
2026-11-06,0.12654990694882223,72_Kitsap Cou,47.49,-122.62
2026-11-07,0.1139131826982215,72_Kitsap Cou,47.49,-122.62
2026-11-08,0.11215355254690686,72_Kitsap Cou,47.49,-122.62
2026-11-09,0.12510501573624144,72_Kitsap Cou,47.49,-122.62
2026-11-10,0.1258757460627259,72_Kitsap Cou,47.49,-122.62
2026-11-11,0.1374631412167864,72_Kitsap Cou,47.49,-122.62
2026-11-12,0.12246574807688404,72_Kitsap Cou,47.49,-122.62
2026-11-13,0.10948092334030723,72_Kitsap Cou,47.49,-122.62
2026-11-14,0.09555140575279099,72_Kitsap Cou,47.49,-122.62
2026-11-15,0.11573192337977714,72_Kitsap Cou,47.49,-122.62
2026-11-16,0.16208880224124095,72_Kitsap Cou,47.49,-122.62
2026-11-17,0.19530096961971863,72_Kitsap Cou,47.49,-122.62
2026-11-18,0.18816815512008586,72_Kitsap Cou,47.49,-122.62
2026-11-19,0.18227600450843315,72_Kitsap Cou,47.49,-122.62
2026-11-20,0.17095591385116574,72_Kitsap Cou,47.49,-122.62
2026-11-21,0.16745886450024647,72_Kitsap Cou,47.49,-122.62
2026-11-22,0.18283474838185032,72_Kitsap Cou,47.49,-122.62
2026-11-23,0.19999033040277117,72_Kitsap Cou,47.49,-122.62
2026-11-24,0.1988405534675312,72_Kitsap Cou,47.49,-122.62
2026-11-25,0.1809343999780736,72_Kitsap Cou,47.49,-122.62
2026-11-26,0.16075448331719802,72_Kitsap Cou,47.49,-122.62
2026-11-27,0.16801109931489228,72_Kitsap Cou,47.49,-122.62
2026-11-28,0.17347063551295144,72_Kitsap Cou,47.49,-122.62
2026-11-29,0.17530885468793045,72_Kitsap Cou,47.49,-122.62
2026-11-30,0.21607164098520315,72_Kitsap Cou,47.49,-122.62
2026-12-01,0.26074703502215146,72_Kitsap Cou,47.49,-122.62
2026-12-02,0.2315062510866893,72_Kitsap Cou,47.49,-122.62
2026-12-03,0.25432800086247975,72_Kitsap Cou,47.49,-122.62
2026-12-04,0.2384463033314277,72_Kitsap Cou,47.49,-122.62
2026-12-05,0.21753258290960578,72_Kitsap Cou,47.49,-122.62
2026-12-06,0.22217428677797718,72_Kitsap Cou,47.49,-122.62
2026-12-07,0.24914767576468042,72_Kitsap Cou,47.49,-122.62
2026-12-08,0.28624969705923065,72_Kitsap Cou,47.49,-122.62
2026-12-09,0.3220758807465781,72_Kitsap Cou,47.49,-122.62
2026-12-10,0.3246331217094879,72_Kitsap Cou,47.49,-122.62
2026-12-11,0.37221937775299113,72_Kitsap Cou,47.49,-122.62
2026-12-12,0.3718688776837326,72_Kitsap Cou,47.49,-122.62
2026-12-13,0.33666202680045976,72_Kitsap Cou,47.49,-122.62
2026-12-14,0.3972026202680432,72_Kitsap Cou,47.49,-122.62
2026-12-15,0.3176740868580314,72_Kitsap Cou,47.49,-122.62
2026-12-16,0.30914447483220703,72_Kitsap Cou,47.49,-122.62
2026-12-17,0.30735276057258865,72_Kitsap Cou,47.49,-122.62
2026-12-18,0.3265956939252213,72_Kitsap Cou,47.49,-122.62
2026-12-19,0.33191432931879744,72_Kitsap Cou,47.49,-122.62
2026-12-20,0.33854485970128867,72_Kitsap Cou,47.49,-122.62
2026-12-21,0.36377542541952507,72_Kitsap Cou,47.49,-122.62
2026-12-22,0.3817898561699466,72_Kitsap Cou,47.49,-122.62
2026-12-23,0.4027916828030457,72_Kitsap Cou,47.49,-122.62
2026-12-24,0.3893989545961701,72_Kitsap Cou,47.49,-122.62
2026-12-25,0.4346784696831307,72_Kitsap Cou,47.49,-122.62
2026-12-26,0.42455690668543417,72_Kitsap Cou,47.49,-122.62
2026-12-27,0.31610466219508143,72_Kitsap Cou,47.49,-122.62
2026-12-28,0.24440167653864403,72_Kitsap Cou,47.49,-122.62
2026-12-29,0.2359111206439402,72_Kitsap Cou,47.49,-122.62
2026-12-30,0.20688857075468786,72_Kitsap Cou,47.49,-122.62
2026-12-31,0.18495069824274415,72_Kitsap Cou,47.49,-122.62
2027-01-01,0.1422081661270146,72_Kitsap Cou,47.49,-122.62
2027-01-02,0.15313421947732384,72_Kitsap Cou,47.49,-122.62
2027-01-03,0.20149759730690905,72_Kitsap Cou,47.49,-122.62
2027-01-04,0.21493654253936634,72_Kitsap Cou,47.49,-122.62
2027-01-05,0.30859597086390356,72_Kitsap Cou,47.49,-122.62
2027-01-06,0.35364396255829467,72_Kitsap Cou,47.49,-122.62
2027-01-07,0.33910698900025044,72_Kitsap Cou,47.49,-122.62
2027-01-08,0.35888106555880434,72_Kitsap Cou,47.49,-122.62
2027-01-09,0.36661384572242406,72_Kitsap Cou,47.49,-122.62
2027-01-10,0.38366158468664957,72_Kitsap Cou,47.49,-122.62
2027-01-11,0.41816270732496463,72_Kitsap Cou,47.49,-122.62
2027-01-12,0.3872532527582979,72_Kitsap Cou,47.49,-122.62
2027-01-13,0.38589496202979495,72_Kitsap Cou,47.49,-122.62
2027-01-14,0.3906844414895707,72_Kitsap Cou,47.49,-122.62
2027-01-15,0.35466509769030324,72_Kitsap Cou,47.49,-122.62
2027-01-16,0.34160378840086614,72_Kitsap Cou,47.49,-122.62
2027-01-17,0.31634398485693277,72_Kitsap Cou,47.49,-122.62
2027-01-18,0.3572643085848628,72_Kitsap Cou,47.49,-122.62
2027-01-19,0.3660161159129893,72_Kitsap Cou,47.49,-122.62
2027-01-20,0.39520998423694287,72_Kitsap Cou,47.49,-122.62
2027-01-21,0.38952302880182804,72_Kitsap Cou,47.49,-122.62
2027-01-22,0.3570326319965515,72_Kitsap Cou,47.49,-122.62
2027-01-23,0.3569179679029474,72_Kitsap Cou,47.49,-122.62
2027-01-24,0.3319609995960264,72_Kitsap Cou,47.49,-122.62
2027-01-25,0.3646747941586667,72_Kitsap Cou,47.49,-122.62
2027-01-26,0.3661241714881322,72_Kitsap Cou,47.49,-122.62
2027-01-27,0.41002119727190617,72_Kitsap Cou,47.49,-122.62
2027-01-28,0.3276866303098954,72_Kitsap Cou,47.49,-122.62
2027-01-29,0.29098013679182805,72_Kitsap Cou,47.49,-122.62
2027-01-30,0.2997912374553587,72_Kitsap Cou,47.49,-122.62
2027-01-31,0.3050420365861869,72_Kitsap Cou,47.49,-122.62
2027-02-01,0.24539902927760884,72_Kitsap Cou,47.49,-122.62
2027-02-02,0.23686841114601168,72_Kitsap Cou,47.49,-122.62
2027-02-03,0.19348010601461432,72_Kitsap Cou,47.49,-122.62
2027-02-04,0.14200641254841753,72_Kitsap Cou,47.49,-122.62
2027-02-05,0.11106612941060094,72_Kitsap Cou,47.49,-122.62
2027-02-06,0.09608538409027806,72_Kitsap Cou,47.49,-122.62
2027-02-07,0.08982708037946757,72_Kitsap Cou,47.49,-122.62
2027-02-08,0.104037880639248,72_Kitsap Cou,47.49,-122.62
2027-02-09,0.12001532116083534,72_Kitsap Cou,47.49,-122.62
2027-02-10,0.11787119938997892,72_Kitsap Cou,47.49,-122.62
2027-02-11,0.10620806916734224,72_Kitsap Cou,47.49,-122.62
2027-02-12,0.09456967162851034,72_Kitsap Cou,47.49,-122.62
2027-02-13,0.09899603942834881,72_Kitsap Cou,47.49,-122.62
2027-02-14,0.09432255178191186,72_Kitsap Cou,47.49,-122.62
2027-02-15,0.08973692419476564,72_Kitsap Cou,47.49,-122.62
2027-02-16,0.10773116386074726,72_Kitsap Cou,47.49,-122.62
2027-02-17,0.09872192896366448,72_Kitsap Cou,47.49,-122.62
2027-02-18,0.08730454893552476,72_Kitsap Cou,47.49,-122.62
2027-02-19,0.081200159894254,72_Kitsap Cou,47.49,-122.62
2027-02-20,0.08701902878657776,72_Kitsap Cou,47.49,-122.62
2027-02-21,0.09274090557436937,72_Kitsap Cou,47.49,-122.62
2027-02-22,0.09056186078605342,72_Kitsap Cou,47.49,-122.62
2027-02-23,0.0935383480137193,72_Kitsap Cou,47.49,-122.62
2027-02-24,0.09366177002925866,72_Kitsap Cou,47.49,-122.62
2027-02-25,0.08275010096651896,72_Kitsap Cou,47.49,-122.62
2027-02-26,0.07058739273976365,72_Kitsap Cou,47.49,-122.62
2027-02-27,0.10120281506199695,72_Kitsap Cou,47.49,-122.62
2027-02-28,0.10637376328598705,72_Kitsap Cou,47.49,-122.62
2027-03-01,0.11807485400980058,72_Kitsap Cou,47.49,-122.62
2027-03-02,0.11820053970091848,72_Kitsap Cou,47.49,-122.62
2027-03-03,0.12226002389029922,72_Kitsap Cou,47.49,-122.62
2027-03-04,0.11794357586956242,72_Kitsap Cou,47.49,-122.62
2027-03-05,0.1072395463157374,72_Kitsap Cou,47.49,-122.62
2027-03-06,0.09444090271440228,72_Kitsap Cou,47.49,-122.62
2027-03-07,0.08334525019987038,72_Kitsap Cou,47.49,-122.62
2027-03-08,0.08854607932567411,72_Kitsap Cou,47.49,-122.62
2027-03-09,0.1015668753924923,72_Kitsap Cou,47.49,-122.62
2026-03-10,0.08496619355308664,75_Suquamish,47.73,-122.56
2026-03-11,0.13550685695146897,75_Suquamish,47.73,-122.56
2026-03-12,0.1279758268361019,75_Suquamish,47.73,-122.56
2026-03-13,0.0998535280815506,75_Suquamish,47.73,-122.56
2026-03-14,0.09364111968096905,75_Suquamish,47.73,-122.56
2026-03-15,0.10024575392557648,75_Suquamish,47.73,-122.56
2026-03-16,0.08419209699874076,75_Suquamish,47.73,-122.56
2026-03-17,0.06827004833813434,75_Suquamish,47.73,-122.56
2026-03-18,0.07286906905096398,75_Suquamish,47.73,-122.56
2026-03-19,0.09439240377587883,75_Suquamish,47.73,-122.56
2026-03-20,0.10541041346172109,75_Suquamish,47.73,-122.56
2026-03-21,0.09667442946033628,75_Suquamish,47.73,-122.56
2026-03-22,0.09534239053292698,75_Suquamish,47.73,-122.56
2026-03-23,0.09710253638057316,75_Suquamish,47.73,-122.56
2026-03-24,0.08683570523906202,75_Suquamish,47.73,-122.56
2026-03-25,0.05997534334616872,75_Suquamish,47.73,-122.56
2026-03-26,0.06406473344696975,75_Suquamish,47.73,-122.56
2026-03-27,0.09014822344559628,75_Suquamish,47.73,-122.56
2026-03-28,0.09404845666976189,75_Suquamish,47.73,-122.56
2026-03-29,0.08529419038546333,75_Suquamish,47.73,-122.56
2026-03-30,0.08029041808528416,75_Suquamish,47.73,-122.56
2026-03-31,0.0805641814805632,75_Suquamish,47.73,-122.56
2026-04-01,0.07804246509063122,75_Suquamish,47.73,-122.56
2026-04-02,0.06634536029569835,75_Suquamish,47.73,-122.56
2026-04-03,0.06256000289387982,75_Suquamish,47.73,-122.56
2026-04-04,0.05478923368938034,75_Suquamish,47.73,-122.56
2026-04-05,0.06513553313686132,75_Suquamish,47.73,-122.56
2026-04-06,0.07070380480605548,75_Suquamish,47.73,-122.56
2026-04-07,0.06814457607649478,75_Suquamish,47.73,-122.56
2026-04-08,0.06810818049387637,75_Suquamish,47.73,-122.56
2026-04-09,0.06587188815853914,75_Suquamish,47.73,-122.56
2026-04-10,0.05831013936349049,75_Suquamish,47.73,-122.56
2026-04-11,0.06118419975003162,75_Suquamish,47.73,-122.56
2026-04-12,0.058506774145967055,75_Suquamish,47.73,-122.56
2026-04-13,0.05972283705303297,75_Suquamish,47.73,-122.56
2026-04-14,0.05602887279687089,75_Suquamish,47.73,-122.56
2026-04-15,0.060133407863862724,75_Suquamish,47.73,-122.56
2026-04-16,0.05912715521337748,75_Suquamish,47.73,-122.56
2026-04-17,0.05438714058287709,75_Suquamish,47.73,-122.56
2026-04-18,0.05818230736911419,75_Suquamish,47.73,-122.56
2026-04-19,0.06339681244941706,75_Suquamish,47.73,-122.56
2026-04-20,0.06571561987236012,75_Suquamish,47.73,-122.56
2026-04-21,0.05588466932403744,75_Suquamish,47.73,-122.56
2026-04-22,0.06072161543389268,75_Suquamish,47.73,-122.56
2026-04-23,0.0584384908790399,75_Suquamish,47.73,-122.56
2026-04-24,0.05033515277561661,75_Suquamish,47.73,-122.56
2026-04-25,0.051250086492046196,75_Suquamish,47.73,-122.56
2026-04-26,0.050400057503731166,75_Suquamish,47.73,-122.56
2026-04-27,0.051866582100978324,75_Suquamish,47.73,-122.56
2026-04-28,0.05189699101033903,75_Suquamish,47.73,-122.56
2026-04-29,0.053554153568031344,75_Suquamish,47.73,-122.56
2026-04-30,0.05375016488132043,75_Suquamish,47.73,-122.56
2026-05-01,0.05776459121923316,75_Suquamish,47.73,-122.56
2026-05-02,0.05638397388248565,75_Suquamish,47.73,-122.56
2026-05-03,0.05481759242594894,75_Suquamish,47.73,-122.56
2026-05-04,0.057819470186573435,75_Suquamish,47.73,-122.56
2026-05-05,0.052375807174599456,75_Suquamish,47.73,-122.56
2026-05-06,0.04225218843706785,75_Suquamish,47.73,-122.56
2026-05-07,0.030616085693028875,75_Suquamish,47.73,-122.56
2026-05-08,0.03827403343939995,75_Suquamish,47.73,-122.56
2026-05-09,0.06044684048060637,75_Suquamish,47.73,-122.56
2026-05-10,0.06162933474924069,75_Suquamish,47.73,-122.56
2026-05-11,0.06894647911549438,75_Suquamish,47.73,-122.56
2026-05-12,0.06217362647945731,75_Suquamish,47.73,-122.56
2026-05-13,0.0534127111277172,75_Suquamish,47.73,-122.56
2026-05-14,0.05316297895053203,75_Suquamish,47.73,-122.56
2026-05-15,0.0488656830750398,75_Suquamish,47.73,-122.56
2026-05-16,0.04174007567558895,75_Suquamish,47.73,-122.56
2026-05-17,0.05337210455220988,75_Suquamish,47.73,-122.56
2026-05-18,0.06674258286307201,75_Suquamish,47.73,-122.56
2026-05-19,0.06845521732672707,75_Suquamish,47.73,-122.56
2026-05-20,0.08473558444613963,75_Suquamish,47.73,-122.56
2026-05-21,0.09928072701008947,75_Suquamish,47.73,-122.56
2026-05-22,0.07470655105397166,75_Suquamish,47.73,-122.56
2026-05-23,0.052747498756292394,75_Suquamish,47.73,-122.56
2026-05-24,0.04510923989109582,75_Suquamish,47.73,-122.56
2026-05-25,0.050266360025842914,75_Suquamish,47.73,-122.56
2026-05-26,0.06527637915885107,75_Suquamish,47.73,-122.56
2026-05-27,0.07443119848289965,75_Suquamish,47.73,-122.56
2026-05-28,0.06775752759769424,75_Suquamish,47.73,-122.56
2026-05-29,0.05953938716324137,75_Suquamish,47.73,-122.56
2026-05-30,0.0478655289495397,75_Suquamish,47.73,-122.56
2026-05-31,0.04138292422458714,75_Suquamish,47.73,-122.56
2026-06-01,0.05459648218501335,75_Suquamish,47.73,-122.56
2026-06-02,0.06737744332632117,75_Suquamish,47.73,-122.56
2026-06-03,0.06957649364647837,75_Suquamish,47.73,-122.56
2026-06-04,0.06167906545158083,75_Suquamish,47.73,-122.56
2026-06-05,0.050373945169984786,75_Suquamish,47.73,-122.56
2026-06-06,0.04188775472806977,75_Suquamish,47.73,-122.56
2026-06-07,0.05656641065454893,75_Suquamish,47.73,-122.56
2026-06-08,0.06721737827926377,75_Suquamish,47.73,-122.56
2026-06-09,0.06317345356395648,75_Suquamish,47.73,-122.56
2026-06-10,0.05658712168824744,75_Suquamish,47.73,-122.56
2026-06-11,0.0511302812806184,75_Suquamish,47.73,-122.56
2026-06-12,0.0480837723064909,75_Suquamish,47.73,-122.56
2026-06-13,0.04299372930084683,75_Suquamish,47.73,-122.56
2026-06-14,0.04519197757726165,75_Suquamish,47.73,-122.56
2026-06-15,0.05940190324594225,75_Suquamish,47.73,-122.56
2026-06-16,0.0531007704479959,75_Suquamish,47.73,-122.56
2026-06-17,0.04473229832571963,75_Suquamish,47.73,-122.56
2026-06-18,0.04111838422086454,75_Suquamish,47.73,-122.56
2026-06-19,0.03572560318038999,75_Suquamish,47.73,-122.56
2026-06-20,0.03470800406487245,75_Suquamish,47.73,-122.56
2026-06-21,0.04008115574159772,75_Suquamish,47.73,-122.56
2026-06-22,0.053454830708401825,75_Suquamish,47.73,-122.56
2026-06-23,0.06538255816931936,75_Suquamish,47.73,-122.56
2026-06-24,0.06498346345971566,75_Suquamish,47.73,-122.56
2026-06-25,0.04112961738710806,75_Suquamish,47.73,-122.56
2026-06-26,0.029278727377094374,75_Suquamish,47.73,-122.56
2026-06-27,0.027392679283191047,75_Suquamish,47.73,-122.56
2026-06-28,0.032417101753348276,75_Suquamish,47.73,-122.56
2026-06-29,0.04756266412604095,75_Suquamish,47.73,-122.56
2026-06-30,0.05288504140368998,75_Suquamish,47.73,-122.56
2026-07-01,0.04914927098159177,75_Suquamish,47.73,-122.56
2026-07-02,0.03233547904134877,75_Suquamish,47.73,-122.56
2026-07-03,0.025298275839777486,75_Suquamish,47.73,-122.56
2026-07-04,0.029755562022188608,75_Suquamish,47.73,-122.56
2026-07-05,0.04100546503869631,75_Suquamish,47.73,-122.56
2026-07-06,0.050239576328263175,75_Suquamish,47.73,-122.56
2026-07-07,0.053264438287952104,75_Suquamish,47.73,-122.56
2026-07-08,0.05294492400680864,75_Suquamish,47.73,-122.56
2026-07-09,0.03590576415643591,75_Suquamish,47.73,-122.56
2026-07-10,0.02929452240956187,75_Suquamish,47.73,-122.56
2026-07-11,0.028757928126374573,75_Suquamish,47.73,-122.56
2026-07-12,0.02670600568184194,75_Suquamish,47.73,-122.56
2026-07-13,0.027672937555196907,75_Suquamish,47.73,-122.56
2026-07-14,0.04709922550169245,75_Suquamish,47.73,-122.56
2026-07-15,0.05499604975425888,75_Suquamish,47.73,-122.56
2026-07-16,0.05158302351068369,75_Suquamish,47.73,-122.56
2026-07-17,0.034505591533769114,75_Suquamish,47.73,-122.56
2026-07-18,0.026583099243300327,75_Suquamish,47.73,-122.56
2026-07-19,0.02911445558474908,75_Suquamish,47.73,-122.56
2026-07-20,0.05127242679135411,75_Suquamish,47.73,-122.56
2026-07-21,0.06253045570998743,75_Suquamish,47.73,-122.56
2026-07-22,0.05829139692018916,75_Suquamish,47.73,-122.56
2026-07-23,0.03688422595401511,75_Suquamish,47.73,-122.56
2026-07-24,0.023732502027907353,75_Suquamish,47.73,-122.56
2026-07-25,0.016460949357078467,75_Suquamish,47.73,-122.56
2026-07-26,0.02237905447546982,75_Suquamish,47.73,-122.56
2026-07-27,0.04387801912901175,75_Suquamish,47.73,-122.56
2026-07-28,0.053079864846907944,75_Suquamish,47.73,-122.56
2026-07-29,0.04624039363985673,75_Suquamish,47.73,-122.56
2026-07-30,0.02409446989666699,75_Suquamish,47.73,-122.56
2026-07-31,0.018247755476256067,75_Suquamish,47.73,-122.56
2026-08-01,0.02538952090523014,75_Suquamish,47.73,-122.56
2026-08-02,0.03810660342645414,75_Suquamish,47.73,-122.56
2026-08-03,0.056465308165978494,75_Suquamish,47.73,-122.56
2026-08-04,0.05748811366700225,75_Suquamish,47.73,-122.56
2026-08-05,0.0574194968193915,75_Suquamish,47.73,-122.56
2026-08-06,0.027838019332192227,75_Suquamish,47.73,-122.56
2026-08-07,0.026154350793563697,75_Suquamish,47.73,-122.56
2026-08-08,0.02224706611296165,75_Suquamish,47.73,-122.56
2026-08-09,0.030931114937012835,75_Suquamish,47.73,-122.56
2026-08-10,0.047086128981779746,75_Suquamish,47.73,-122.56
2026-08-11,0.05729162851638411,75_Suquamish,47.73,-122.56
2026-08-12,0.05244454041753394,75_Suquamish,47.73,-122.56
2026-08-13,0.031745217707174714,75_Suquamish,47.73,-122.56
2026-08-14,0.019517365852151674,75_Suquamish,47.73,-122.56
2026-08-15,0.014500337238484113,75_Suquamish,47.73,-122.56
2026-08-16,0.019365962810951477,75_Suquamish,47.73,-122.56
2026-08-17,0.04626203458586213,75_Suquamish,47.73,-122.56
2026-08-18,0.06831225271927961,75_Suquamish,47.73,-122.56
2026-08-19,0.06191070684602646,75_Suquamish,47.73,-122.56
2026-08-20,0.029787339713379806,75_Suquamish,47.73,-122.56
2026-08-21,0.021358342870653454,75_Suquamish,47.73,-122.56
2026-08-22,0.02169679299746342,75_Suquamish,47.73,-122.56
2026-08-23,0.03743003722162071,75_Suquamish,47.73,-122.56
2026-08-24,0.061033134738809953,75_Suquamish,47.73,-122.56
2026-08-25,0.06383736696963957,75_Suquamish,47.73,-122.56
2026-08-26,0.05832321591563496,75_Suquamish,47.73,-122.56
2026-08-27,0.030941998617658242,75_Suquamish,47.73,-122.56
2026-08-28,0.032395230746319045,75_Suquamish,47.73,-122.56
2026-08-29,0.05044412064168985,75_Suquamish,47.73,-122.56
2026-08-30,0.051526101025921416,75_Suquamish,47.73,-122.56
2026-08-31,0.06313560345157467,75_Suquamish,47.73,-122.56
2026-09-01,0.05889137252548557,75_Suquamish,47.73,-122.56
2026-09-02,0.05338415640167474,75_Suquamish,47.73,-122.56
2026-09-03,0.04393337229767874,75_Suquamish,47.73,-122.56
2026-09-04,0.04486235708709946,75_Suquamish,47.73,-122.56
2026-09-05,0.04702544281934696,75_Suquamish,47.73,-122.56
2026-09-06,0.03415530023813792,75_Suquamish,47.73,-122.56
2026-09-07,0.04596636795788937,75_Suquamish,47.73,-122.56
2026-09-08,0.05199018960731173,75_Suquamish,47.73,-122.56
2026-09-09,0.04818874082172013,75_Suquamish,47.73,-122.56
2026-09-10,0.037878086499051646,75_Suquamish,47.73,-122.56
2026-09-11,0.035082736918017554,75_Suquamish,47.73,-122.56
2026-09-12,0.03722767666413666,75_Suquamish,47.73,-122.56
2026-09-13,0.04341416382441028,75_Suquamish,47.73,-122.56
2026-09-14,0.04959252764064405,75_Suquamish,47.73,-122.56
2026-09-15,0.06752938932919822,75_Suquamish,47.73,-122.56
2026-09-16,0.08656744235181538,75_Suquamish,47.73,-122.56
2026-09-17,0.08686790206905902,75_Suquamish,47.73,-122.56
2026-09-18,0.07707055405137977,75_Suquamish,47.73,-122.56
2026-09-19,0.04573749844672635,75_Suquamish,47.73,-122.56
2026-09-20,0.029605876689351763,75_Suquamish,47.73,-122.56
2026-09-21,0.0843184634432685,75_Suquamish,47.73,-122.56
2026-09-22,0.1252275489852708,75_Suquamish,47.73,-122.56
2026-09-23,0.11667149355165597,75_Suquamish,47.73,-122.56
2026-09-24,0.10897441982111133,75_Suquamish,47.73,-122.56
2026-09-25,0.09226403492254956,75_Suquamish,47.73,-122.56
2026-09-26,0.06348289350266079,75_Suquamish,47.73,-122.56
2026-09-27,0.04970436537173979,75_Suquamish,47.73,-122.56
2026-09-28,0.025371870327381352,75_Suquamish,47.73,-122.56
2026-09-29,0.025190282176152944,75_Suquamish,47.73,-122.56
2026-09-30,0.03285961837243466,75_Suquamish,47.73,-122.56
2026-10-01,0.03724018394814473,75_Suquamish,47.73,-122.56
2026-10-02,0.037121087065585284,75_Suquamish,47.73,-122.56
2026-10-03,0.034143051224002095,75_Suquamish,47.73,-122.56
2026-10-04,0.039799152223548094,75_Suquamish,47.73,-122.56
2026-10-05,0.029669868574706888,75_Suquamish,47.73,-122.56
2026-10-06,0.04457810722858196,75_Suquamish,47.73,-122.56
2026-10-07,0.0602657793836257,75_Suquamish,47.73,-122.56
2026-10-08,0.08178213557602221,75_Suquamish,47.73,-122.56
2026-10-09,0.09667949926793568,75_Suquamish,47.73,-122.56
2026-10-10,0.08591243193786988,75_Suquamish,47.73,-122.56
2026-10-11,0.06426126529369222,75_Suquamish,47.73,-122.56
2026-10-12,0.05864921527991506,75_Suquamish,47.73,-122.56
2026-10-13,0.0840828019600541,75_Suquamish,47.73,-122.56
2026-10-14,0.10254326048047142,75_Suquamish,47.73,-122.56
2026-10-15,0.09978347188268272,75_Suquamish,47.73,-122.56
2026-10-16,0.08797941648196697,75_Suquamish,47.73,-122.56
2026-10-17,0.08168903994051302,75_Suquamish,47.73,-122.56
2026-10-18,0.07749782573925736,75_Suquamish,47.73,-122.56
2026-10-19,0.06952198993162483,75_Suquamish,47.73,-122.56
2026-10-20,0.08069389098337196,75_Suquamish,47.73,-122.56
2026-10-21,0.06906909629998484,75_Suquamish,47.73,-122.56
2026-10-22,0.062426286881295846,75_Suquamish,47.73,-122.56
2026-10-23,0.06183396710733033,75_Suquamish,47.73,-122.56
2026-10-24,0.04780143093677234,75_Suquamish,47.73,-122.56
2026-10-25,0.05206922898947561,75_Suquamish,47.73,-122.56
2026-10-26,0.07235597019659668,75_Suquamish,47.73,-122.56
2026-10-27,0.09036164702564174,75_Suquamish,47.73,-122.56
2026-10-28,0.10082688545770838,75_Suquamish,47.73,-122.56
2026-10-29,0.08984807683522902,75_Suquamish,47.73,-122.56
2026-10-30,0.08524906967208531,75_Suquamish,47.73,-122.56
2026-10-31,0.07594081323879578,75_Suquamish,47.73,-122.56
2026-11-01,0.05914189082169741,75_Suquamish,47.73,-122.56
2026-11-02,0.07099621813332022,75_Suquamish,47.73,-122.56
2026-11-03,0.06365168485296045,75_Suquamish,47.73,-122.56
2026-11-04,0.06386745895523478,75_Suquamish,47.73,-122.56
2026-11-05,0.05563822491127879,75_Suquamish,47.73,-122.56
2026-11-06,0.04452872065995442,75_Suquamish,47.73,-122.56
2026-11-07,0.04016031194659517,75_Suquamish,47.73,-122.56
2026-11-08,0.0465566788850595,75_Suquamish,47.73,-122.56
2026-11-09,0.05683229881981438,75_Suquamish,47.73,-122.56
2026-11-10,0.04686458045947538,75_Suquamish,47.73,-122.56
2026-11-11,0.0541565898936031,75_Suquamish,47.73,-122.56
2026-11-12,0.04411466057875993,75_Suquamish,47.73,-122.56
2026-11-13,0.04289318772390412,75_Suquamish,47.73,-122.56
2026-11-14,0.045468291570398965,75_Suquamish,47.73,-122.56
2026-11-15,0.04251140135306258,75_Suquamish,47.73,-122.56
2026-11-16,0.0551567525992145,75_Suquamish,47.73,-122.56
2026-11-17,0.05657538794703176,75_Suquamish,47.73,-122.56
2026-11-18,0.05690966496265049,75_Suquamish,47.73,-122.56
2026-11-19,0.055288704502539095,75_Suquamish,47.73,-122.56
2026-11-20,0.05340115111396227,75_Suquamish,47.73,-122.56
2026-11-21,0.05036253631909021,75_Suquamish,47.73,-122.56
2026-11-22,0.04788181151066422,75_Suquamish,47.73,-122.56
2026-11-23,0.052180603538370965,75_Suquamish,47.73,-122.56
2026-11-24,0.04989070382989896,75_Suquamish,47.73,-122.56
2026-11-25,0.05031288027837246,75_Suquamish,47.73,-122.56
2026-11-26,0.05291269742156499,75_Suquamish,47.73,-122.56
2026-11-27,0.05425844269411597,75_Suquamish,47.73,-122.56
2026-11-28,0.05505671320676701,75_Suquamish,47.73,-122.56
2026-11-29,0.06025505980654032,75_Suquamish,47.73,-122.56
2026-11-30,0.06169634274234643,75_Suquamish,47.73,-122.56
2026-12-01,0.05856457981960353,75_Suquamish,47.73,-122.56
2026-12-02,0.05863638733952754,75_Suquamish,47.73,-122.56
2026-12-03,0.05872947297308589,75_Suquamish,47.73,-122.56
2026-12-04,0.050020759742660716,75_Suquamish,47.73,-122.56
2026-12-05,0.04619724261220595,75_Suquamish,47.73,-122.56
2026-12-06,0.05503050687383785,75_Suquamish,47.73,-122.56
2026-12-07,0.052075444061565085,75_Suquamish,47.73,-122.56
2026-12-08,0.05615940407502754,75_Suquamish,47.73,-122.56
2026-12-09,0.05891139565367183,75_Suquamish,47.73,-122.56
2026-12-10,0.06476957299508869,75_Suquamish,47.73,-122.56
2026-12-11,0.059857417014446544,75_Suquamish,47.73,-122.56
2026-12-12,0.05434777769507831,75_Suquamish,47.73,-122.56
2026-12-13,0.05760972880763968,75_Suquamish,47.73,-122.56
2026-12-14,0.05228286125452687,75_Suquamish,47.73,-122.56
2026-12-15,0.051180507665613995,75_Suquamish,47.73,-122.56
2026-12-16,0.04811939308165674,75_Suquamish,47.73,-122.56
2026-12-17,0.04366624226562473,75_Suquamish,47.73,-122.56
2026-12-18,0.046101466516183215,75_Suquamish,47.73,-122.56
2026-12-19,0.05537397716343166,75_Suquamish,47.73,-122.56
2026-12-20,0.05576340313220849,75_Suquamish,47.73,-122.56
2026-12-21,0.06457648873102258,75_Suquamish,47.73,-122.56
2026-12-22,0.0577707599173301,75_Suquamish,47.73,-122.56
2026-12-23,0.06575918955993361,75_Suquamish,47.73,-122.56
2026-12-24,0.06258130564704353,75_Suquamish,47.73,-122.56
2026-12-25,0.048936755181166074,75_Suquamish,47.73,-122.56
2026-12-26,0.032850829881728674,75_Suquamish,47.73,-122.56
2026-12-27,0.05096853900516908,75_Suquamish,47.73,-122.56
2026-12-28,0.04869613312063568,75_Suquamish,47.73,-122.56
2026-12-29,0.04299165933079747,75_Suquamish,47.73,-122.56
2026-12-30,0.041654295656490925,75_Suquamish,47.73,-122.56
2026-12-31,0.039223968207260776,75_Suquamish,47.73,-122.56
2027-01-01,0.043741526990414434,75_Suquamish,47.73,-122.56
2027-01-02,0.04261497473426337,75_Suquamish,47.73,-122.56
2027-01-03,0.05000353927728829,75_Suquamish,47.73,-122.56
2027-01-04,0.04850105457572883,75_Suquamish,47.73,-122.56
2027-01-05,0.05034393535603145,75_Suquamish,47.73,-122.56
2027-01-06,0.07616543906278991,75_Suquamish,47.73,-122.56
2027-01-07,0.10520848353160246,75_Suquamish,47.73,-122.56
2027-01-08,0.1154486126996274,75_Suquamish,47.73,-122.56
2027-01-09,0.11654470667529207,75_Suquamish,47.73,-122.56
2027-01-10,0.11286142641696201,75_Suquamish,47.73,-122.56
2027-01-11,0.12226607849726077,75_Suquamish,47.73,-122.56
2027-01-12,0.11028619116120493,75_Suquamish,47.73,-122.56
2027-01-13,0.08523483832790248,75_Suquamish,47.73,-122.56
2027-01-14,0.10337566779271647,75_Suquamish,47.73,-122.56
2027-01-15,0.1019964260612991,75_Suquamish,47.73,-122.56
2027-01-16,0.08173960415468534,75_Suquamish,47.73,-122.56
2027-01-17,0.08732023251544256,75_Suquamish,47.73,-122.56
2027-01-18,0.07965566353740167,75_Suquamish,47.73,-122.56
2027-01-19,0.06635523609355304,75_Suquamish,47.73,-122.56
2027-01-20,0.06450366147010003,75_Suquamish,47.73,-122.56
2027-01-21,0.06825121264691247,75_Suquamish,47.73,-122.56
2027-01-22,0.06034129126089157,75_Suquamish,47.73,-122.56
2027-01-23,0.04959793530428142,75_Suquamish,47.73,-122.56
2027-01-24,0.05067265415453395,75_Suquamish,47.73,-122.56
2027-01-25,0.049311449813378996,75_Suquamish,47.73,-122.56
2027-01-26,0.045836659749446916,75_Suquamish,47.73,-122.56
2027-01-27,0.047233267279076306,75_Suquamish,47.73,-122.56
2027-01-28,0.04687699310358841,75_Suquamish,47.73,-122.56
2027-01-29,0.04554728293280498,75_Suquamish,47.73,-122.56
2027-01-30,0.04815014901934598,75_Suquamish,47.73,-122.56
2027-01-31,0.04959760648416998,75_Suquamish,47.73,-122.56
2027-02-01,0.05938548082390867,75_Suquamish,47.73,-122.56
2027-02-02,0.05967857942873061,75_Suquamish,47.73,-122.56
2027-02-03,0.061319536006575165,75_Suquamish,47.73,-122.56
2027-02-04,0.06363886250881635,75_Suquamish,47.73,-122.56
2027-02-05,0.060061931315586826,75_Suquamish,47.73,-122.56
2027-02-06,0.05768443203065277,75_Suquamish,47.73,-122.56
2027-02-07,0.052878529101448336,75_Suquamish,47.73,-122.56
2027-02-08,0.053925963562596047,75_Suquamish,47.73,-122.56
2027-02-09,0.04939780261015985,75_Suquamish,47.73,-122.56
2027-02-10,0.052264035818085586,75_Suquamish,47.73,-122.56
2027-02-11,0.05272910850774517,75_Suquamish,47.73,-122.56
2027-02-12,0.05233191103908917,75_Suquamish,47.73,-122.56
2027-02-13,0.05745959384022537,75_Suquamish,47.73,-122.56
2027-02-14,0.05834051172671128,75_Suquamish,47.73,-122.56
2027-02-15,0.059326948899438015,75_Suquamish,47.73,-122.56
2027-02-16,0.059781186071601815,75_Suquamish,47.73,-122.56
2027-02-17,0.06032610144490198,75_Suquamish,47.73,-122.56
2027-02-18,0.06183425808115262,75_Suquamish,47.73,-122.56
2027-02-19,0.055300232066627195,75_Suquamish,47.73,-122.56
2027-02-20,0.053260202226609044,75_Suquamish,47.73,-122.56
2027-02-21,0.050192258955105776,75_Suquamish,47.73,-122.56
2027-02-22,0.054919682371533496,75_Suquamish,47.73,-122.56
2027-02-23,0.05143203224591915,75_Suquamish,47.73,-122.56
2027-02-24,0.05200870052289716,75_Suquamish,47.73,-122.56
2027-02-25,0.05402130712010711,75_Suquamish,47.73,-122.56
2027-02-26,0.05950290988046539,75_Suquamish,47.73,-122.56
2027-02-27,0.06282882100359864,75_Suquamish,47.73,-122.56
2027-02-28,0.060224782216306214,75_Suquamish,47.73,-122.56
2027-03-01,0.06265182016921206,75_Suquamish,47.73,-122.56
2027-03-02,0.059091542191387375,75_Suquamish,47.73,-122.56
2027-03-03,0.06243277496465056,75_Suquamish,47.73,-122.56
2027-03-04,0.06026488302097062,75_Suquamish,47.73,-122.56
2027-03-05,0.0624311158881642,75_Suquamish,47.73,-122.56
2027-03-06,0.06302986896464473,75_Suquamish,47.73,-122.56
2027-03-07,0.06328992151076336,75_Suquamish,47.73,-122.56
2027-03-08,0.06451473675192612,75_Suquamish,47.73,-122.56
2027-03-09,0.060961352902179106,75_Suquamish,47.73,-122.56
2026-03-09,0.14350332052231277,76_Hansville,47.85,-122.55
2026-03-10,0.12882366030484818,76_Hansville,47.85,-122.55
2026-03-11,0.10565908626099975,76_Hansville,47.85,-122.55
2026-03-12,0.10225168862523536,76_Hansville,47.85,-122.55
2026-03-13,0.10359293809402559,76_Hansville,47.85,-122.55
2026-03-14,0.11809192548924641,76_Hansville,47.85,-122.55
2026-03-15,0.10993158419920784,76_Hansville,47.85,-122.55
2026-03-16,0.08060526210045209,76_Hansville,47.85,-122.55
2026-03-17,0.07082404745119765,76_Hansville,47.85,-122.55
2026-03-18,0.07574087999792109,76_Hansville,47.85,-122.55
2026-03-19,0.0882973464631912,76_Hansville,47.85,-122.55
2026-03-20,0.09847216530106938,76_Hansville,47.85,-122.55
2026-03-21,0.0958151689876779,76_Hansville,47.85,-122.55
2026-03-22,0.08849540348934071,76_Hansville,47.85,-122.55
2026-03-23,0.07893307444684122,76_Hansville,47.85,-122.55
2026-03-24,0.06663891298727262,76_Hansville,47.85,-122.55
2026-03-25,0.06797472337098621,76_Hansville,47.85,-122.55
2026-03-26,0.08053016733768309,76_Hansville,47.85,-122.55
2026-03-27,0.0878150580608658,76_Hansville,47.85,-122.55
2026-03-28,0.08331416491486951,76_Hansville,47.85,-122.55
2026-03-29,0.06454314019115372,76_Hansville,47.85,-122.55
2026-03-30,0.062274429832240775,76_Hansville,47.85,-122.55
2026-03-31,0.06786730691567887,76_Hansville,47.85,-122.55
2026-04-01,0.06910469773758646,76_Hansville,47.85,-122.55
2026-04-02,0.07207396540630331,76_Hansville,47.85,-122.55
2026-04-03,0.08057149747603531,76_Hansville,47.85,-122.55
2026-04-04,0.06875934653059959,76_Hansville,47.85,-122.55
2026-04-05,0.06150491826418725,76_Hansville,47.85,-122.55
2026-04-06,0.06662633011408631,76_Hansville,47.85,-122.55
2026-04-07,0.06640386872387703,76_Hansville,47.85,-122.55
2026-04-08,0.06662141708599967,76_Hansville,47.85,-122.55
2026-04-09,0.06694061401402246,76_Hansville,47.85,-122.55
2026-04-10,0.06968101256123621,76_Hansville,47.85,-122.55
2026-04-11,0.07745241913803479,76_Hansville,47.85,-122.55
2026-04-12,0.06849322813753489,76_Hansville,47.85,-122.55
2026-04-13,0.06376384857416828,76_Hansville,47.85,-122.55
2026-04-14,0.06423996789015714,76_Hansville,47.85,-122.55
2026-04-15,0.06213541848442517,76_Hansville,47.85,-122.55
2026-04-16,0.06256905100467085,76_Hansville,47.85,-122.55
2026-04-17,0.06284279319229873,76_Hansville,47.85,-122.55
2026-04-18,0.06725485453047668,76_Hansville,47.85,-122.55
2026-04-19,0.06812421185659079,76_Hansville,47.85,-122.55
2026-04-20,0.06876769147338888,76_Hansville,47.85,-122.55
2026-04-21,0.05788898150051465,76_Hansville,47.85,-122.55
2026-04-22,0.05072843426229324,76_Hansville,47.85,-122.55
2026-04-23,0.04911421274158421,76_Hansville,47.85,-122.55
2026-04-24,0.05201053827549254,76_Hansville,47.85,-122.55
2026-04-25,0.06366884131804604,76_Hansville,47.85,-122.55
2026-04-26,0.06127250013159366,76_Hansville,47.85,-122.55
2026-04-27,0.05788263191226414,76_Hansville,47.85,-122.55
2026-04-28,0.050768659443383046,76_Hansville,47.85,-122.55
2026-04-29,0.051508801656131524,76_Hansville,47.85,-122.55
2026-04-30,0.05779034106344333,76_Hansville,47.85,-122.55
2026-05-01,0.06184242105155803,76_Hansville,47.85,-122.55
2026-05-02,0.0601807424855364,76_Hansville,47.85,-122.55
2026-05-03,0.05839752851109923,76_Hansville,47.85,-122.55
2026-05-04,0.06436926047871942,76_Hansville,47.85,-122.55
2026-05-05,0.05944598218637338,76_Hansville,47.85,-122.55
2026-05-06,0.046581788688337046,76_Hansville,47.85,-122.55
2026-05-07,0.032819456557041014,76_Hansville,47.85,-122.55
2026-05-08,0.03796618083553929,76_Hansville,47.85,-122.55
2026-05-09,0.06978226440417293,76_Hansville,47.85,-122.55
2026-05-10,0.07243039365641753,76_Hansville,47.85,-122.55
2026-05-11,0.07842600605765354,76_Hansville,47.85,-122.55
2026-05-12,0.07467739208446825,76_Hansville,47.85,-122.55
2026-05-13,0.0640780588449943,76_Hansville,47.85,-122.55
2026-05-14,0.053337617377697585,76_Hansville,47.85,-122.55
2026-05-15,0.0458978473243541,76_Hansville,47.85,-122.55
2026-05-16,0.050965775912392916,76_Hansville,47.85,-122.55
2026-05-17,0.07163071622540712,76_Hansville,47.85,-122.55
2026-05-18,0.08194323738050732,76_Hansville,47.85,-122.55
2026-05-19,0.07737774422327166,76_Hansville,47.85,-122.55
2026-05-20,0.06805616938621825,76_Hansville,47.85,-122.55
2026-05-21,0.06358364498276223,76_Hansville,47.85,-122.55
2026-05-22,0.054790052251500465,76_Hansville,47.85,-122.55
2026-05-23,0.04366178010326066,76_Hansville,47.85,-122.55
2026-05-24,0.052597633499405196,76_Hansville,47.85,-122.55
2026-05-25,0.07726951906601208,76_Hansville,47.85,-122.55
2026-05-26,0.076972683794793,76_Hansville,47.85,-122.55
2026-05-27,0.06781553665220491,76_Hansville,47.85,-122.55
2026-05-28,0.05789390828801727,76_Hansville,47.85,-122.55
2026-05-29,0.058694648519613056,76_Hansville,47.85,-122.55
2026-05-30,0.07459898360219774,76_Hansville,47.85,-122.55
2026-05-31,0.060320729099400325,76_Hansville,47.85,-122.55
2026-06-01,0.04827950331812079,76_Hansville,47.85,-122.55
2026-06-02,0.038335230568930415,76_Hansville,47.85,-122.55
2026-06-03,0.05468876531467358,76_Hansville,47.85,-122.55
2026-06-04,0.06892676899267493,76_Hansville,47.85,-122.55
2026-06-05,0.07639802869136919,76_Hansville,47.85,-122.55
2026-06-06,0.0793620942566313,76_Hansville,47.85,-122.55
2026-06-07,0.07505128539724731,76_Hansville,47.85,-122.55
2026-06-08,0.06678107579528528,76_Hansville,47.85,-122.55
2026-06-09,0.06184250833290245,76_Hansville,47.85,-122.55
2026-06-10,0.05182256242351392,76_Hansville,47.85,-122.55
2026-06-11,0.04208454058950369,76_Hansville,47.85,-122.55
2026-06-12,0.051471641419733,76_Hansville,47.85,-122.55
2026-06-13,0.07211716738626908,76_Hansville,47.85,-122.55
2026-06-14,0.06805657680178222,76_Hansville,47.85,-122.55
2026-06-15,0.06354176837483581,76_Hansville,47.85,-122.55
2026-06-16,0.04547662955138442,76_Hansville,47.85,-122.55
2026-06-17,0.042613224872709944,76_Hansville,47.85,-122.55
2026-06-18,0.04780615768839209,76_Hansville,47.85,-122.55
2026-06-19,0.06268672614188799,76_Hansville,47.85,-122.55
2026-06-20,0.05843748310604619,76_Hansville,47.85,-122.55
2026-06-21,0.04270470503002166,76_Hansville,47.85,-122.55
2026-06-22,0.03489645991733635,76_Hansville,47.85,-122.55
2026-06-23,0.04262185548985115,76_Hansville,47.85,-122.55
2026-06-24,0.05817675311843595,76_Hansville,47.85,-122.55
2026-06-25,0.05344174200406924,76_Hansville,47.85,-122.55
2026-06-26,0.03724384357432609,76_Hansville,47.85,-122.55
2026-06-27,0.02542758512210692,76_Hansville,47.85,-122.55
2026-06-28,0.02803688132924564,76_Hansville,47.85,-122.55
2026-06-29,0.04371827409433188,76_Hansville,47.85,-122.55
2026-06-30,0.054398590513654296,76_Hansville,47.85,-122.55
2026-07-01,0.05170954977333286,76_Hansville,47.85,-122.55
2026-07-02,0.03923562986393194,76_Hansville,47.85,-122.55
2026-07-03,0.030825392227790162,76_Hansville,47.85,-122.55
2026-07-04,0.03198827083998743,76_Hansville,47.85,-122.55
2026-07-05,0.04401540202969378,76_Hansville,47.85,-122.55
2026-07-06,0.053460865269485576,76_Hansville,47.85,-122.55
2026-07-07,0.05713101096856174,76_Hansville,47.85,-122.55
2026-07-08,0.05670554892009656,76_Hansville,47.85,-122.55
2026-07-09,0.038184125802984095,76_Hansville,47.85,-122.55
2026-07-10,0.030541664059566792,76_Hansville,47.85,-122.55
2026-07-11,0.030886370986345075,76_Hansville,47.85,-122.55
2026-07-12,0.042469017631922436,76_Hansville,47.85,-122.55
2026-07-13,0.047750494113584875,76_Hansville,47.85,-122.55
2026-07-14,0.053024397620029334,76_Hansville,47.85,-122.55
2026-07-15,0.05315310391900849,76_Hansville,47.85,-122.55
2026-07-16,0.054296853321255764,76_Hansville,47.85,-122.55
2026-07-17,0.0543366872868505,76_Hansville,47.85,-122.55
2026-07-18,0.052024568121255735,76_Hansville,47.85,-122.55
2026-07-19,0.030319065545411895,76_Hansville,47.85,-122.55
2026-07-20,0.0284545701693875,76_Hansville,47.85,-122.55
2026-07-21,0.02961230525001506,76_Hansville,47.85,-122.55
2026-07-22,0.055453603281323496,76_Hansville,47.85,-122.55
2026-07-23,0.07443748814082386,76_Hansville,47.85,-122.55
2026-07-24,0.07217326036699177,76_Hansville,47.85,-122.55
2026-07-25,0.03502383255271017,76_Hansville,47.85,-122.55
2026-07-26,0.020719409013523232,76_Hansville,47.85,-122.55
2026-07-27,0.017556374490283244,76_Hansville,47.85,-122.55
2026-07-28,0.02181777844156439,76_Hansville,47.85,-122.55
2026-07-29,0.04451147687545586,76_Hansville,47.85,-122.55
2026-07-30,0.05562670004056229,76_Hansville,47.85,-122.55
2026-07-31,0.05371311786570722,76_Hansville,47.85,-122.55
2026-08-01,0.029135546576894242,76_Hansville,47.85,-122.55
2026-08-02,0.02003288415313096,76_Hansville,47.85,-122.55
2026-08-03,0.02382098803076295,76_Hansville,47.85,-122.55
2026-08-04,0.050118814522602015,76_Hansville,47.85,-122.55
2026-08-05,0.06834363024732214,76_Hansville,47.85,-122.55
2026-08-06,0.06474087174701754,76_Hansville,47.85,-122.55
2026-08-07,0.03168006498324911,76_Hansville,47.85,-122.55
2026-08-08,0.020316333362999525,76_Hansville,47.85,-122.55
2026-08-09,0.027253111078051895,76_Hansville,47.85,-122.55
2026-08-10,0.04906819759927874,76_Hansville,47.85,-122.55
2026-08-11,0.058150854580531784,76_Hansville,47.85,-122.55
2026-08-12,0.05494005625814953,76_Hansville,47.85,-122.55
2026-08-13,0.02931482556897951,76_Hansville,47.85,-122.55
2026-08-14,0.01927731208881188,76_Hansville,47.85,-122.55
2026-08-15,0.014162386975154062,76_Hansville,47.85,-122.55
2026-08-16,0.02121950745992822,76_Hansville,47.85,-122.55
2026-08-17,0.04717389154505516,76_Hansville,47.85,-122.55
2026-08-18,0.0652564707468148,76_Hansville,47.85,-122.55
2026-08-19,0.058935003400204945,76_Hansville,47.85,-122.55
2026-08-20,0.03115341150181217,76_Hansville,47.85,-122.55
2026-08-21,0.022245175582553126,76_Hansville,47.85,-122.55
2026-08-22,0.021618098349967106,76_Hansville,47.85,-122.55
2026-08-23,0.023794088658704693,76_Hansville,47.85,-122.55
2026-08-24,0.05379248122079904,76_Hansville,47.85,-122.55
2026-08-25,0.07215813230677415,76_Hansville,47.85,-122.55
2026-08-26,0.0709692643259778,76_Hansville,47.85,-122.55
2026-08-27,0.046809862391694504,76_Hansville,47.85,-122.55
2026-08-28,0.03311187832356609,76_Hansville,47.85,-122.55
2026-08-29,0.025314212633163243,76_Hansville,47.85,-122.55
2026-08-30,0.04033436185931984,76_Hansville,47.85,-122.55
2026-08-31,0.06754896472998455,76_Hansville,47.85,-122.55
2026-09-01,0.07352770620506201,76_Hansville,47.85,-122.55
2026-09-02,0.07041569725155501,76_Hansville,47.85,-122.55
2026-09-03,0.059748580567691424,76_Hansville,47.85,-122.55
2026-09-04,0.04424189268422118,76_Hansville,47.85,-122.55
2026-09-05,0.04250809287403138,76_Hansville,47.85,-122.55
2026-09-06,0.03636525301090987,76_Hansville,47.85,-122.55
2026-09-07,0.05291917129014452,76_Hansville,47.85,-122.55
2026-09-08,0.05991762010948045,76_Hansville,47.85,-122.55
2026-09-09,0.057831790152989636,76_Hansville,47.85,-122.55
2026-09-10,0.04606491425841881,76_Hansville,47.85,-122.55
2026-09-11,0.040037543233811694,76_Hansville,47.85,-122.55
2026-09-12,0.04259461232532099,76_Hansville,47.85,-122.55
2026-09-13,0.05852592609722945,76_Hansville,47.85,-122.55
2026-09-14,0.07513717466092303,76_Hansville,47.85,-122.55
2026-09-15,0.09163942406226554,76_Hansville,47.85,-122.55
2026-09-16,0.09577544571385291,76_Hansville,47.85,-122.55
2026-09-17,0.08091438446122569,76_Hansville,47.85,-122.55
2026-09-18,0.06197195117597878,76_Hansville,47.85,-122.55
2026-09-19,0.04181817112363493,76_Hansville,47.85,-122.55
2026-09-20,0.03194138225009984,76_Hansville,47.85,-122.55
2026-09-21,0.10541272497879547,76_Hansville,47.85,-122.55
2026-09-22,0.12176059120948218,76_Hansville,47.85,-122.55
2026-09-23,0.09714992579786802,76_Hansville,47.85,-122.55
2026-09-24,0.08801710527572938,76_Hansville,47.85,-122.55
2026-09-25,0.0889131202842967,76_Hansville,47.85,-122.55
2026-09-26,0.08149857374651603,76_Hansville,47.85,-122.55
2026-09-27,0.057480514208873935,76_Hansville,47.85,-122.55
2026-09-28,0.02711508091445209,76_Hansville,47.85,-122.55
2026-09-29,0.02839411244214602,76_Hansville,47.85,-122.55
2026-09-30,0.03827890566794886,76_Hansville,47.85,-122.55
2026-10-01,0.04204043343384121,76_Hansville,47.85,-122.55
2026-10-02,0.038760824237638214,76_Hansville,47.85,-122.55
2026-10-03,0.029902046886667793,76_Hansville,47.85,-122.55
2026-10-04,0.04862736876997745,76_Hansville,47.85,-122.55
2026-10-05,0.04351395923242473,76_Hansville,47.85,-122.55
2026-10-06,0.06459061206872127,76_Hansville,47.85,-122.55
2026-10-07,0.07885979755067797,76_Hansville,47.85,-122.55
2026-10-08,0.08386008102938639,76_Hansville,47.85,-122.55
2026-10-09,0.08461035052697569,76_Hansville,47.85,-122.55
2026-10-10,0.07042562739522382,76_Hansville,47.85,-122.55
2026-10-11,0.04991899881497454,76_Hansville,47.85,-122.55
2026-10-12,0.056499046057999235,76_Hansville,47.85,-122.55
2026-10-13,0.08647115617831383,76_Hansville,47.85,-122.55
2026-10-14,0.1069000346806044,76_Hansville,47.85,-122.55
2026-10-15,0.09820236128423754,76_Hansville,47.85,-122.55
2026-10-16,0.09074359662300954,76_Hansville,47.85,-122.55
2026-10-17,0.0816239872482778,76_Hansville,47.85,-122.55
2026-10-18,0.0755950310970388,76_Hansville,47.85,-122.55
2026-10-19,0.07790236452932767,76_Hansville,47.85,-122.55
2026-10-20,0.056323404764342305,76_Hansville,47.85,-122.55
2026-10-21,0.06531427875681896,76_Hansville,47.85,-122.55
2026-10-22,0.0755754465280266,76_Hansville,47.85,-122.55
2026-10-23,0.06473440683217262,76_Hansville,47.85,-122.55
2026-10-24,0.04506647966255645,76_Hansville,47.85,-122.55
2026-10-25,0.06074751190025828,76_Hansville,47.85,-122.55
2026-10-26,0.08190438722739492,76_Hansville,47.85,-122.55
2026-10-27,0.09330598098790027,76_Hansville,47.85,-122.55
2026-10-28,0.08948242135216544,76_Hansville,47.85,-122.55
2026-10-29,0.07858526524346814,76_Hansville,47.85,-122.55
2026-10-30,0.06872554765408609,76_Hansville,47.85,-122.55
2026-10-31,0.06600819924354721,76_Hansville,47.85,-122.55
2026-11-01,0.057469473060840784,76_Hansville,47.85,-122.55
2026-11-02,0.06710449086388932,76_Hansville,47.85,-122.55
2026-11-03,0.06372853310374868,76_Hansville,47.85,-122.55
2026-11-04,0.05171235381337013,76_Hansville,47.85,-122.55
2026-11-05,0.04441825082847045,76_Hansville,47.85,-122.55
2026-11-06,0.03895903683626231,76_Hansville,47.85,-122.55
2026-11-07,0.04025866214487284,76_Hansville,47.85,-122.55
2026-11-08,0.046487581407531536,76_Hansville,47.85,-122.55
2026-11-09,0.05337970245386771,76_Hansville,47.85,-122.55
2026-11-10,0.052459992348221525,76_Hansville,47.85,-122.55
2026-11-11,0.05213290842132196,76_Hansville,47.85,-122.55
2026-11-12,0.04907043372468184,76_Hansville,47.85,-122.55
2026-11-13,0.04536436573835884,76_Hansville,47.85,-122.55
2026-11-14,0.04101110679498091,76_Hansville,47.85,-122.55
2026-11-15,0.04895842671861365,76_Hansville,47.85,-122.55
2026-11-16,0.05799863373450676,76_Hansville,47.85,-122.55
2026-11-17,0.061547765129178374,76_Hansville,47.85,-122.55
2026-11-18,0.061943939129947875,76_Hansville,47.85,-122.55
2026-11-19,0.06170789087109789,76_Hansville,47.85,-122.55
2026-11-20,0.05393514691632437,76_Hansville,47.85,-122.55
2026-11-21,0.053842087838150136,76_Hansville,47.85,-122.55
2026-11-22,0.048845980658294576,76_Hansville,47.85,-122.55
2026-11-23,0.05093876212335327,76_Hansville,47.85,-122.55
2026-11-24,0.049231520017648585,76_Hansville,47.85,-122.55
2026-11-25,0.04805325931783131,76_Hansville,47.85,-122.55
2026-11-26,0.05323544629038699,76_Hansville,47.85,-122.55
2026-11-27,0.06172550741071343,76_Hansville,47.85,-122.55
2026-11-28,0.06059358660315706,76_Hansville,47.85,-122.55
2026-11-29,0.06414812371674421,76_Hansville,47.85,-122.55
2026-11-30,0.06541365105344674,76_Hansville,47.85,-122.55
2026-12-01,0.06064173394576507,76_Hansville,47.85,-122.55
2026-12-02,0.05625379822266254,76_Hansville,47.85,-122.55
2026-12-03,0.054603656666403495,76_Hansville,47.85,-122.55
2026-12-04,0.04423876070078354,76_Hansville,47.85,-122.55
2026-12-05,0.03955806132739679,76_Hansville,47.85,-122.55
2026-12-06,0.05517624102350176,76_Hansville,47.85,-122.55
2026-12-07,0.06423980811692778,76_Hansville,47.85,-122.55
2026-12-08,0.07599087490439402,76_Hansville,47.85,-122.55
2026-12-09,0.08995635957391634,76_Hansville,47.85,-122.55
2026-12-10,0.10017781180502322,76_Hansville,47.85,-122.55
2026-12-11,0.09650270468538048,76_Hansville,47.85,-122.55
2026-12-12,0.07010027386722413,76_Hansville,47.85,-122.55
2026-12-13,0.06372030380666661,76_Hansville,47.85,-122.55
2026-12-14,0.07249207725068635,76_Hansville,47.85,-122.55
2026-12-15,0.058766116228646935,76_Hansville,47.85,-122.55
2026-12-16,0.04887628615211737,76_Hansville,47.85,-122.55
2026-12-17,0.06100263867989641,76_Hansville,47.85,-122.55
2026-12-18,0.05064261193001999,76_Hansville,47.85,-122.55
2026-12-19,0.04849270399450711,76_Hansville,47.85,-122.55
2026-12-20,0.05622522996817908,76_Hansville,47.85,-122.55
2026-12-21,0.04981402004686164,76_Hansville,47.85,-122.55
2026-12-22,0.0451029932683767,76_Hansville,47.85,-122.55
2026-12-23,0.04864859787068087,76_Hansville,47.85,-122.55
2026-12-24,0.04944655477556427,76_Hansville,47.85,-122.55
2026-12-25,0.059162746078518416,76_Hansville,47.85,-122.55
2026-12-26,0.03699280892406422,76_Hansville,47.85,-122.55
2026-12-27,0.0456287269822075,76_Hansville,47.85,-122.55
2026-12-28,0.048083781989914254,76_Hansville,47.85,-122.55
2026-12-29,0.04266963454926029,76_Hansville,47.85,-122.55
2026-12-30,0.043989188538682056,76_Hansville,47.85,-122.55
2026-12-31,0.03498831033347821,76_Hansville,47.85,-122.55
2027-01-01,0.04085200526226974,76_Hansville,47.85,-122.55
2027-01-02,0.04101602726601343,76_Hansville,47.85,-122.55
2027-01-03,0.04569674295087219,76_Hansville,47.85,-122.55
2027-01-04,0.045774031198906995,76_Hansville,47.85,-122.55
2027-01-05,0.04924129348355606,76_Hansville,47.85,-122.55
2027-01-06,0.07317616681724096,76_Hansville,47.85,-122.55
2027-01-07,0.10391380562418481,76_Hansville,47.85,-122.55
2027-01-08,0.11551724082753084,76_Hansville,47.85,-122.55
2027-01-09,0.11821693029287064,76_Hansville,47.85,-122.55
2027-01-10,0.11908419549596903,76_Hansville,47.85,-122.55
2027-01-11,0.12118704076141475,76_Hansville,47.85,-122.55
2027-01-12,0.1070397096435454,76_Hansville,47.85,-122.55
2027-01-13,0.08599718617088566,76_Hansville,47.85,-122.55
2027-01-14,0.09665153489379695,76_Hansville,47.85,-122.55
2027-01-15,0.08767225207827929,76_Hansville,47.85,-122.55
2027-01-16,0.07377601906495548,76_Hansville,47.85,-122.55
2027-01-17,0.07422847471480652,76_Hansville,47.85,-122.55
2027-01-18,0.0693629412076772,76_Hansville,47.85,-122.55
2027-01-19,0.06445732931515279,76_Hansville,47.85,-122.55
2027-01-20,0.061556661550318706,76_Hansville,47.85,-122.55
2027-01-21,0.06436131177151921,76_Hansville,47.85,-122.55
2027-01-22,0.052685256473945466,76_Hansville,47.85,-122.55
2027-01-23,0.04016304090399994,76_Hansville,47.85,-122.55
2027-01-24,0.06617064130017214,76_Hansville,47.85,-122.55
2027-01-25,0.06932809906720547,76_Hansville,47.85,-122.55
2027-01-26,0.06309662637021718,76_Hansville,47.85,-122.55
2027-01-27,0.049781500021875716,76_Hansville,47.85,-122.55
2027-01-28,0.051158708761370644,76_Hansville,47.85,-122.55
2027-01-29,0.05694193558869234,76_Hansville,47.85,-122.55
2027-01-30,0.04652020585547213,76_Hansville,47.85,-122.55
2027-01-31,0.04711205287786484,76_Hansville,47.85,-122.55
2027-02-01,0.056312734920119706,76_Hansville,47.85,-122.55
2027-02-02,0.057476824851110574,76_Hansville,47.85,-122.55
2027-02-03,0.06226615297447775,76_Hansville,47.85,-122.55
2027-02-04,0.05568413604579243,76_Hansville,47.85,-122.55
2027-02-05,0.05646684482848696,76_Hansville,47.85,-122.55
2027-02-06,0.05753278348772047,76_Hansville,47.85,-122.55
2027-02-07,0.05132440221939905,76_Hansville,47.85,-122.55
2027-02-08,0.0562431068347715,76_Hansville,47.85,-122.55
2027-02-09,0.05234065342486273,76_Hansville,47.85,-122.55
2027-02-10,0.053123953943767434,76_Hansville,47.85,-122.55
2027-02-11,0.05419217606061001,76_Hansville,47.85,-122.55
2027-02-12,0.053384999828253926,76_Hansville,47.85,-122.55
2027-02-13,0.054777594553123775,76_Hansville,47.85,-122.55
2027-02-14,0.05215255969637429,76_Hansville,47.85,-122.55
2027-02-15,0.05745680629446584,76_Hansville,47.85,-122.55
2027-02-16,0.05828726952871344,76_Hansville,47.85,-122.55
2027-02-17,0.05970670638118186,76_Hansville,47.85,-122.55
2027-02-18,0.061870484882721254,76_Hansville,47.85,-122.55
2027-02-19,0.062192888055236026,76_Hansville,47.85,-122.55
2027-02-20,0.05906804071363794,76_Hansville,47.85,-122.55
2027-02-21,0.048687868703468626,76_Hansville,47.85,-122.55
2027-02-22,0.05084098059705847,76_Hansville,47.85,-122.55
2027-02-23,0.04988177074946969,76_Hansville,47.85,-122.55
2027-02-24,0.04876311065856586,76_Hansville,47.85,-122.55
2027-02-25,0.055896900248348716,76_Hansville,47.85,-122.55
2027-02-26,0.0560074975329281,76_Hansville,47.85,-122.55
2027-02-27,0.06499236625611944,76_Hansville,47.85,-122.55
2027-02-28,0.06704281063870672,76_Hansville,47.85,-122.55
2027-03-01,0.06416785129898388,76_Hansville,47.85,-122.55
2027-03-02,0.06083774451068878,76_Hansville,47.85,-122.55
2027-03-03,0.055499914814081945,76_Hansville,47.85,-122.55
2027-03-04,0.05646735480086185,76_Hansville,47.85,-122.55
2027-03-05,0.06480575167168671,76_Hansville,47.85,-122.55
2027-03-06,0.06261444672787118,76_Hansville,47.85,-122.55
2027-03-07,0.06373707217971764,76_Hansville,47.85,-122.55
2027-03-08,0.06355946560252622,76_Hansville,47.85,-122.55
2026-03-10,0.07963430929678915,78_South Bain,47.61,-122.52
2026-03-11,0.145341799255259,78_South Bain,47.61,-122.52
2026-03-12,0.12179388101403564,78_South Bain,47.61,-122.52
2026-03-13,0.10216859472093984,78_South Bain,47.61,-122.52
2026-03-14,0.09487571299095915,78_South Bain,47.61,-122.52
2026-03-15,0.09513813200375464,78_South Bain,47.61,-122.52
2026-03-16,0.08949816164832611,78_South Bain,47.61,-122.52
2026-03-17,0.07270286416514819,78_South Bain,47.61,-122.52
2026-03-18,0.07336300190653493,78_South Bain,47.61,-122.52
2026-03-19,0.0931819719720577,78_South Bain,47.61,-122.52
2026-03-20,0.10463388710208125,78_South Bain,47.61,-122.52
2026-03-21,0.0951015660713003,78_South Bain,47.61,-122.52
2026-03-22,0.09656378407098311,78_South Bain,47.61,-122.52
2026-03-23,0.09341887862387656,78_South Bain,47.61,-122.52
2026-03-24,0.0817389940947859,78_South Bain,47.61,-122.52
2026-03-25,0.06342467187468623,78_South Bain,47.61,-122.52
2026-03-26,0.06808953688921579,78_South Bain,47.61,-122.52
2026-03-27,0.08362279303294284,78_South Bain,47.61,-122.52
2026-03-28,0.09495833216202718,78_South Bain,47.61,-122.52
2026-03-29,0.08384771902817018,78_South Bain,47.61,-122.52
2026-03-30,0.07590608323462288,78_South Bain,47.61,-122.52
2026-03-31,0.06834748446203591,78_South Bain,47.61,-122.52
2026-04-01,0.06693436666253465,78_South Bain,47.61,-122.52
2026-04-02,0.068484557890863,78_South Bain,47.61,-122.52
2026-04-03,0.06716835861708542,78_South Bain,47.61,-122.52
2026-04-04,0.05499375507343377,78_South Bain,47.61,-122.52
2026-04-05,0.05910595095042923,78_South Bain,47.61,-122.52
2026-04-06,0.06992645156442942,78_South Bain,47.61,-122.52
2026-04-07,0.07014844558106009,78_South Bain,47.61,-122.52
2026-04-08,0.07001373242396892,78_South Bain,47.61,-122.52
2026-04-09,0.06620402639751626,78_South Bain,47.61,-122.52
2026-04-10,0.062085252864824934,78_South Bain,47.61,-122.52
2026-04-11,0.06079301181955677,78_South Bain,47.61,-122.52
2026-04-12,0.06140171252953904,78_South Bain,47.61,-122.52
2026-04-13,0.06074385028383426,78_South Bain,47.61,-122.52
2026-04-14,0.05906682838790898,78_South Bain,47.61,-122.52
2026-04-15,0.05961616785872472,78_South Bain,47.61,-122.52
2026-04-16,0.05899293373772152,78_South Bain,47.61,-122.52
2026-04-17,0.054063334497441495,78_South Bain,47.61,-122.52
2026-04-18,0.05783904489491225,78_South Bain,47.61,-122.52
2026-04-19,0.06339681244941706,78_South Bain,47.61,-122.52
2026-04-20,0.06753151001276265,78_South Bain,47.61,-122.52
2026-04-21,0.05866102512928746,78_South Bain,47.61,-122.52
2026-04-22,0.05866390301926852,78_South Bain,47.61,-122.52
2026-04-23,0.0584384908790399,78_South Bain,47.61,-122.52
2026-04-24,0.04981461468192966,78_South Bain,47.61,-122.52
2026-04-25,0.050882776355603385,78_South Bain,47.61,-122.52
2026-04-26,0.050400057503731166,78_South Bain,47.61,-122.52
2026-04-27,0.051509264013621235,78_South Bain,47.61,-122.52
2026-04-28,0.05332557755624957,78_South Bain,47.61,-122.52
2026-04-29,0.05502864662613065,78_South Bain,47.61,-122.52
2026-04-30,0.05230459138727667,78_South Bain,47.61,-122.52
2026-05-01,0.05540128355906653,78_South Bain,47.61,-122.52
2026-05-02,0.05508226872041841,78_South Bain,47.61,-122.52
2026-05-03,0.053638979282791814,78_South Bain,47.61,-122.52
2026-05-04,0.05681068923582154,78_South Bain,47.61,-122.52
2026-05-05,0.05119462384608688,78_South Bain,47.61,-122.52
2026-05-06,0.04225218843706785,78_South Bain,47.61,-122.52
2026-05-07,0.03809704789125249,78_South Bain,47.61,-122.52
2026-05-08,0.04253763865123703,78_South Bain,47.61,-122.52
2026-05-09,0.05290070956132622,78_South Bain,47.61,-122.52
2026-05-10,0.0534905536687434,78_South Bain,47.61,-122.52
2026-05-11,0.05661441085433822,78_South Bain,47.61,-122.52
2026-05-12,0.052903614107759046,78_South Bain,47.61,-122.52
2026-05-13,0.043052540497446015,78_South Bain,47.61,-122.52
2026-05-14,0.046761417224423535,78_South Bain,47.61,-122.52
2026-05-15,0.05538848709639635,78_South Bain,47.61,-122.52
2026-05-16,0.05587140393312439,78_South Bain,47.61,-122.52
2026-05-17,0.049036856709805524,78_South Bain,47.61,-122.52
2026-05-18,0.04554659045541676,78_South Bain,47.61,-122.52
2026-05-19,0.047413042206186966,78_South Bain,47.61,-122.52
2026-05-20,0.06817362754738437,78_South Bain,47.61,-122.52
2026-05-21,0.08466685153242062,78_South Bain,47.61,-122.52
2026-05-22,0.0808574272737338,78_South Bain,47.61,-122.52
2026-05-23,0.06967157163280721,78_South Bain,47.61,-122.52
2026-05-24,0.051372739632764695,78_South Bain,47.61,-122.52
2026-05-25,0.05012927184104185,78_South Bain,47.61,-122.52
2026-05-26,0.05417944614697572,78_South Bain,47.61,-122.52
2026-05-27,0.06686434228157273,78_South Bain,47.61,-122.52
2026-05-28,0.06679693868576589,78_South Bain,47.61,-122.52
2026-05-29,0.06904991251798448,78_South Bain,47.61,-122.52
2026-05-30,0.059023166098497906,78_South Bain,47.61,-122.52
2026-05-31,0.040466645850953435,78_South Bain,47.61,-122.52
2026-06-01,0.04660538346513711,78_South Bain,47.61,-122.52
2026-06-02,0.06949304462461936,78_South Bain,47.61,-122.52
2026-06-03,0.07439133897107543,78_South Bain,47.61,-122.52
2026-06-04,0.06977891036872645,78_South Bain,47.61,-122.52
2026-06-05,0.06056480988537269,78_South Bain,47.61,-122.52
2026-06-06,0.06215814859130969,78_South Bain,47.61,-122.52
2026-06-07,0.06765320402519215,78_South Bain,47.61,-122.52
2026-06-08,0.06079901480189545,78_South Bain,47.61,-122.52
2026-06-09,0.04352798932399534,78_South Bain,47.61,-122.52
2026-06-10,0.041231158570047444,78_South Bain,47.61,-122.52
2026-06-11,0.04620220329236352,78_South Bain,47.61,-122.52
2026-06-12,0.05921338432824092,78_South Bain,47.61,-122.52
2026-06-13,0.06117492293065398,78_South Bain,47.61,-122.52
2026-06-14,0.05482043008682368,78_South Bain,47.61,-122.52
2026-06-15,0.052904388149401946,78_South Bain,47.61,-122.52
2026-06-16,0.04176340231691499,78_South Bain,47.61,-122.52
2026-06-17,0.03645561576662727,78_South Bain,47.61,-122.52
2026-06-18,0.042646498789057095,78_South Bain,47.61,-122.52
2026-06-19,0.05020821308646037,78_South Bain,47.61,-122.52
2026-06-20,0.0500782260062587,78_South Bain,47.61,-122.52
2026-06-21,0.03215311919983119,78_South Bain,47.61,-122.52
2026-06-22,0.03717317555089769,78_South Bain,47.61,-122.52
2026-06-23,0.059246753710352304,78_South Bain,47.61,-122.52
2026-06-24,0.07052869460611315,78_South Bain,47.61,-122.52
2026-06-25,0.05935379311221799,78_South Bain,47.61,-122.52
2026-06-26,0.04049212150757541,78_South Bain,47.61,-122.52
2026-06-27,0.029480117085920972,78_South Bain,47.61,-122.52
2026-06-28,0.026775184026100563,78_South Bain,47.61,-122.52
2026-06-29,0.027187224226667774,78_South Bain,47.61,-122.52
2026-06-30,0.04447585553581671,78_South Bain,47.61,-122.52
2026-07-01,0.05140761981106252,78_South Bain,47.61,-122.52
2026-07-02,0.048768607401399364,78_South Bain,47.61,-122.52
2026-07-03,0.03536644806615537,78_South Bain,47.61,-122.52
2026-07-04,0.02727938829949146,78_South Bain,47.61,-122.52
2026-07-05,0.028962506597482375,78_South Bain,47.61,-122.52
2026-07-06,0.04041260072620952,78_South Bain,47.61,-122.52
2026-07-07,0.051381303486933476,78_South Bain,47.61,-122.52
2026-07-08,0.05468939336403767,78_South Bain,47.61,-122.52
2026-07-09,0.051679097514155066,78_South Bain,47.61,-122.52
2026-07-10,0.03487847974051846,78_South Bain,47.61,-122.52
2026-07-11,0.02824362203441157,78_South Bain,47.61,-122.52
2026-07-12,0.026861285057151334,78_South Bain,47.61,-122.52
2026-07-13,0.027252556289558305,78_South Bain,47.61,-122.52
2026-07-14,0.04709922550169245,78_South Bain,47.61,-122.52
2026-07-15,0.05777087219536878,78_South Bain,47.61,-122.52
2026-07-16,0.053716504958321,78_South Bain,47.61,-122.52
2026-07-17,0.037780428269904534,78_South Bain,47.61,-122.52
2026-07-18,0.025923502140466747,78_South Bain,47.61,-122.52
2026-07-19,0.024010091186380388,78_South Bain,47.61,-122.52
2026-07-20,0.0309923399197933,78_South Bain,47.61,-122.52
2026-07-21,0.05041601611878371,78_South Bain,47.61,-122.52
2026-07-22,0.06305090165817959,78_South Bain,47.61,-122.52
2026-07-23,0.05963985282140343,78_South Bain,47.61,-122.52
2026-07-24,0.03706828051719326,78_South Bain,47.61,-122.52
2026-07-25,0.02027202343567551,78_South Bain,47.61,-122.52
2026-07-26,0.016053305084048515,78_South Bain,47.61,-122.52
2026-07-27,0.021846885918923895,78_South Bain,47.61,-122.52
2026-07-28,0.040818890180886434,78_South Bain,47.61,-122.52
2026-07-29,0.05362040281944367,78_South Bain,47.61,-122.52
2026-07-30,0.04633440958842597,78_South Bain,47.61,-122.52
2026-07-31,0.027449793794569417,78_South Bain,47.61,-122.52
2026-08-01,0.02097891156430149,78_South Bain,47.61,-122.52
2026-08-02,0.020827031576780314,78_South Bain,47.61,-122.52
2026-08-03,0.023963782447155094,78_South Bain,47.61,-122.52
2026-08-04,0.047333371346997694,78_South Bain,47.61,-122.52
2026-08-05,0.061135591424893325,78_South Bain,47.61,-122.52
2026-08-06,0.05945562451934288,78_South Bain,47.61,-122.52
2026-08-07,0.0367410304751332,78_South Bain,47.61,-122.52
2026-08-08,0.021924730830138756,78_South Bain,47.61,-122.52
2026-08-09,0.024271008703066255,78_South Bain,47.61,-122.52
2026-08-10,0.049526036008284945,78_South Bain,47.61,-122.52
2026-08-11,0.06820686678752451,78_South Bain,47.61,-122.52
2026-08-12,0.06158071981663874,78_South Bain,47.61,-122.52
2026-08-13,0.03288481667640737,78_South Bain,47.61,-122.52
2026-08-14,0.01935664494992261,78_South Bain,47.61,-122.52
2026-08-15,0.014195997779988614,78_South Bain,47.61,-122.52
2026-08-16,0.019474765123149308,78_South Bain,47.61,-122.52
2026-08-17,0.04458129451155671,78_South Bain,47.61,-122.52
2026-08-18,0.06444036943456813,78_South Bain,47.61,-122.52
2026-08-19,0.05824201790742761,78_South Bain,47.61,-122.52
2026-08-20,0.029807201368874915,78_South Bain,47.61,-122.52
2026-08-21,0.02247621672746733,78_South Bain,47.61,-122.52
2026-08-22,0.020848858657971776,78_South Bain,47.61,-122.52
2026-08-23,0.021256585992050634,78_South Bain,47.61,-122.52
2026-08-24,0.047228156737611215,78_South Bain,47.61,-122.52
2026-08-25,0.07067633674448541,78_South Bain,47.61,-122.52
2026-08-26,0.07047643248678268,78_South Bain,47.61,-122.52
2026-08-27,0.043912263013199386,78_South Bain,47.61,-122.52
2026-08-28,0.030966658192594247,78_South Bain,47.61,-122.52
2026-08-29,0.024590071348970316,78_South Bain,47.61,-122.52
2026-08-30,0.0359963366462255,78_South Bain,47.61,-122.52
2026-08-31,0.05743478298089877,78_South Bain,47.61,-122.52
2026-09-01,0.06295546100872844,78_South Bain,47.61,-122.52
2026-09-02,0.06346576921756604,78_South Bain,47.61,-122.52
2026-09-03,0.05801566152766478,78_South Bain,47.61,-122.52
2026-09-04,0.04898439185429083,78_South Bain,47.61,-122.52
2026-09-05,0.04832485360706382,78_South Bain,47.61,-122.52
2026-09-06,0.034477340079915465,78_South Bain,47.61,-122.52
2026-09-07,0.04192943477739961,78_South Bain,47.61,-122.52
2026-09-08,0.05019185415187969,78_South Bain,47.61,-122.52
2026-09-09,0.05422546117043607,78_South Bain,47.61,-122.52
2026-09-10,0.05366641671537596,78_South Bain,47.61,-122.52
2026-09-11,0.0360025381488996,78_South Bain,47.61,-122.52
2026-09-12,0.03693206375318666,78_South Bain,47.61,-122.52
2026-09-13,0.0637332042008353,78_South Bain,47.61,-122.52
2026-09-14,0.07479695612389968,78_South Bain,47.61,-122.52
2026-09-15,0.08378031477755463,78_South Bain,47.61,-122.52
2026-09-16,0.08713938655162007,78_South Bain,47.61,-122.52
2026-09-17,0.0761320345418294,78_South Bain,47.61,-122.52
2026-09-18,0.05556689579973732,78_South Bain,47.61,-122.52
2026-09-19,0.038451159844622516,78_South Bain,47.61,-122.52
2026-09-20,0.028790242561493172,78_South Bain,47.61,-122.52
2026-09-21,0.09912297423102248,78_South Bain,47.61,-122.52
2026-09-22,0.1189601706402822,78_South Bain,47.61,-122.52
2026-09-23,0.10494852343021609,78_South Bain,47.61,-122.52
2026-09-24,0.08876281145005847,78_South Bain,47.61,-122.52
2026-09-25,0.074514823377947,78_South Bain,47.61,-122.52
2026-09-26,0.058655455231513116,78_South Bain,47.61,-122.52
2026-09-27,0.04796494303634308,78_South Bain,47.61,-122.52
2026-09-28,0.025935732269058334,78_South Bain,47.61,-122.52
2026-09-29,0.0249564318454967,78_South Bain,47.61,-122.52
2026-09-30,0.033685219840253335,78_South Bain,47.61,-122.52
2026-10-01,0.03725570431964461,78_South Bain,47.61,-122.52
2026-10-02,0.036434211412292083,78_South Bain,47.61,-122.52
2026-10-03,0.03343389628872666,78_South Bain,47.61,-122.52
2026-10-04,0.03766579968489198,78_South Bain,47.61,-122.52
2026-10-05,0.029926110274495422,78_South Bain,47.61,-122.52
2026-10-06,0.05318779581660902,78_South Bain,47.61,-122.52
2026-10-07,0.0677376966114026,78_South Bain,47.61,-122.52
2026-10-08,0.08700610417447202,78_South Bain,47.61,-122.52
2026-10-09,0.09287157777559721,78_South Bain,47.61,-122.52
2026-10-10,0.08166729476159655,78_South Bain,47.61,-122.52
2026-10-11,0.05476742047521162,78_South Bain,47.61,-122.52
2026-10-12,0.056095573417088686,78_South Bain,47.61,-122.52
2026-10-13,0.08423014233585883,78_South Bain,47.61,-122.52
2026-10-14,0.10220707890404658,78_South Bain,47.61,-122.52
2026-10-15,0.10127916559572878,78_South Bain,47.61,-122.52
2026-10-16,0.09244158609480192,78_South Bain,47.61,-122.52
2026-10-17,0.08179900348315557,78_South Bain,47.61,-122.52
2026-10-18,0.07292164054649353,78_South Bain,47.61,-122.52
2026-10-19,0.08341381589832961,78_South Bain,47.61,-122.52
2026-10-20,0.056108695508641206,78_South Bain,47.61,-122.52
2026-10-21,0.06939792549635691,78_South Bain,47.61,-122.52
2026-10-22,0.07565710180778616,78_South Bain,47.61,-122.52
2026-10-23,0.0736896193302676,78_South Bain,47.61,-122.52
2026-10-24,0.054019055322560114,78_South Bain,47.61,-122.52
2026-10-25,0.05658438496081679,78_South Bain,47.61,-122.52
2026-10-26,0.08783687609945878,78_South Bain,47.61,-122.52
2026-10-27,0.10003852263907309,78_South Bain,47.61,-122.52
2026-10-28,0.09325787028552245,78_South Bain,47.61,-122.52
2026-10-29,0.08666454951934906,78_South Bain,47.61,-122.52
2026-10-30,0.07618853782900292,78_South Bain,47.61,-122.52
2026-10-31,0.0617620444856212,78_South Bain,47.61,-122.52
2026-11-01,0.0605824655646858,78_South Bain,47.61,-122.52
2026-11-02,0.06670249388157401,78_South Bain,47.61,-122.52
2026-11-03,0.058972427540429306,78_South Bain,47.61,-122.52
2026-11-04,0.05940050714554576,78_South Bain,47.61,-122.52
2026-11-05,0.04676106694965517,78_South Bain,47.61,-122.52
2026-11-06,0.046541596802405265,78_South Bain,47.61,-122.52
2026-11-07,0.036397224013151354,78_South Bain,47.61,-122.52
2026-11-08,0.038899034047121514,78_South Bain,47.61,-122.52
2026-11-09,0.05910856552032752,78_South Bain,47.61,-122.52
2026-11-10,0.06271725361796655,78_South Bain,47.61,-122.52
2026-11-11,0.07207433656041383,78_South Bain,47.61,-122.52
2026-11-12,0.07039426269181878,78_South Bain,47.61,-122.52
2026-11-13,0.06547779743824146,78_South Bain,47.61,-122.52
2026-11-14,0.05855717153742376,78_South Bain,47.61,-122.52
2026-11-15,0.05171892095625004,78_South Bain,47.61,-122.52
2026-11-16,0.052756207538078075,78_South Bain,47.61,-122.52
2026-11-17,0.05044830050640647,78_South Bain,47.61,-122.52
2026-11-18,0.04940868326304111,78_South Bain,47.61,-122.52
2026-11-19,0.05084932631046891,78_South Bain,47.61,-122.52
2026-11-20,0.04258336788432159,78_South Bain,47.61,-122.52
2026-11-21,0.04483412572414384,78_South Bain,47.61,-122.52
2026-11-22,0.05144611039490109,78_South Bain,47.61,-122.52
2026-11-23,0.05656936021615127,78_South Bain,47.61,-122.52
2026-11-24,0.056506664813121346,78_South Bain,47.61,-122.52
2026-11-25,0.052227862944123814,78_South Bain,47.61,-122.52
2026-11-26,0.051576467452941276,78_South Bain,47.61,-122.52
2026-11-27,0.04863086187515327,78_South Bain,47.61,-122.52
2026-11-28,0.046777944028597716,78_South Bain,47.61,-122.52
2026-11-29,0.05445679949627605,78_South Bain,47.61,-122.52
2026-11-30,0.05598129561309705,78_South Bain,47.61,-122.52
2026-12-01,0.057904668298828336,78_South Bain,47.61,-122.52
2026-12-02,0.054733886268148735,78_South Bain,47.61,-122.52
2026-12-03,0.061772962999487216,78_South Bain,47.61,-122.52
2026-12-04,0.05257018290403055,78_South Bain,47.61,-122.52
2026-12-05,0.04768425796474407,78_South Bain,47.61,-122.52
2026-12-06,0.05413295886289085,78_South Bain,47.61,-122.52
2026-12-07,0.051009664816083336,78_South Bain,47.61,-122.52
2026-12-08,0.05924967249745787,78_South Bain,47.61,-122.52
2026-12-09,0.05774482702236278,78_South Bain,47.61,-122.52
2026-12-10,0.06356178486415619,78_South Bain,47.61,-122.52
2026-12-11,0.05797224766598673,78_South Bain,47.61,-122.52
2026-12-12,0.056369174200322274,78_South Bain,47.61,-122.52
2026-12-13,0.0603659760293514,78_South Bain,47.61,-122.52
2026-12-14,0.05416009143120606,78_South Bain,47.61,-122.52
2026-12-15,0.05223780527735898,78_South Bain,47.61,-122.52
2026-12-16,0.04887457480123324,78_South Bain,47.61,-122.52
2026-12-17,0.04302780456956381,78_South Bain,47.61,-122.52
2026-12-18,0.0411596794334541,78_South Bain,47.61,-122.52
2026-12-19,0.049632185344868976,78_South Bain,47.61,-122.52
2026-12-20,0.049353764297767985,78_South Bain,47.61,-122.52
2026-12-21,0.06214798053074989,78_South Bain,47.61,-122.52
2026-12-22,0.05846824535022085,78_South Bain,47.61,-122.52
2026-12-23,0.06764450392423216,78_South Bain,47.61,-122.52
2026-12-24,0.063201237533091,78_South Bain,47.61,-122.52
2026-12-25,0.060362767357277934,78_South Bain,47.61,-122.52
2026-12-26,0.041531731004698064,78_South Bain,47.61,-122.52
2026-12-27,0.051079522399697125,78_South Bain,47.61,-122.52
2026-12-28,0.044431893647935816,78_South Bain,47.61,-122.52
2026-12-29,0.04286603611505646,78_South Bain,47.61,-122.52
2026-12-30,0.041074311193402435,78_South Bain,47.61,-122.52
2026-12-31,0.03482545875294488,78_South Bain,47.61,-122.52
2027-01-01,0.04071720956115094,78_South Bain,47.61,-122.52
2027-01-02,0.04366819035013613,78_South Bain,47.61,-122.52
2027-01-03,0.04754264959269118,78_South Bain,47.61,-122.52
2027-01-04,0.04736494969097672,78_South Bain,47.61,-122.52
2027-01-05,0.05202551614715599,78_South Bain,47.61,-122.52
2027-01-06,0.0755234281575701,78_South Bain,47.61,-122.52
2027-01-07,0.10208276086361018,78_South Bain,47.61,-122.52
2027-01-08,0.11326209438052967,78_South Bain,47.61,-122.52
2027-01-09,0.11532889406669077,78_South Bain,47.61,-122.52
2027-01-10,0.11188480524283456,78_South Bain,47.61,-122.52
2027-01-11,0.12073869938186496,78_South Bain,47.61,-122.52
2027-01-12,0.10707950307724799,78_South Bain,47.61,-122.52
2027-01-13,0.08294907008612805,78_South Bain,47.61,-122.52
2027-01-14,0.09982752432824535,78_South Bain,47.61,-122.52
2027-01-15,0.0954224499929277,78_South Bain,47.61,-122.52
2027-01-16,0.07219266621753125,78_South Bain,47.61,-122.52
2027-01-17,0.08205876419619107,78_South Bain,47.61,-122.52
2027-01-18,0.08078724391830995,78_South Bain,47.61,-122.52
2027-01-19,0.0668932738512124,78_South Bain,47.61,-122.52
2027-01-20,0.060188826749642675,78_South Bain,47.61,-122.52
2027-01-21,0.07188886125350258,78_South Bain,47.61,-122.52
2027-01-22,0.06308231337843503,78_South Bain,47.61,-122.52
2027-01-23,0.05033546331687415,78_South Bain,47.61,-122.52
2027-01-24,0.05638293949913868,78_South Bain,47.61,-122.52
2027-01-25,0.04881614474190412,78_South Bain,47.61,-122.52
2027-01-26,0.048470612576349305,78_South Bain,47.61,-122.52
2027-01-27,0.0466848590141004,78_South Bain,47.61,-122.52
2027-01-28,0.04457691775572658,78_South Bain,47.61,-122.52
2027-01-29,0.04426746717506401,78_South Bain,47.61,-122.52
2027-01-30,0.03963548006758133,78_South Bain,47.61,-122.52
2027-01-31,0.047343115718022515,78_South Bain,47.61,-122.52
2027-02-01,0.05763847480549602,78_South Bain,47.61,-122.52
2027-02-02,0.057916425204851636,78_South Bain,47.61,-122.52
2027-02-03,0.06326386802656722,78_South Bain,47.61,-122.52
2027-02-04,0.06476538313493065,78_South Bain,47.61,-122.52
2027-02-05,0.06373369268480922,78_South Bain,47.61,-122.52
2027-02-06,0.06030263126119702,78_South Bain,47.61,-122.52
2027-02-07,0.050443088298615796,78_South Bain,47.61,-122.52
2027-02-08,0.05239370473106806,78_South Bain,47.61,-122.52
2027-02-09,0.048139904690699745,78_South Bain,47.61,-122.52
2027-02-10,0.05075817998942986,78_South Bain,47.61,-122.52
2027-02-11,0.05138139538686211,78_South Bain,47.61,-122.52
2027-02-12,0.04975403372067774,78_South Bain,47.61,-122.52
2027-02-13,0.05334176582024396,78_South Bain,47.61,-122.52
2027-02-14,0.05776083435934303,78_South Bain,47.61,-122.52
2027-02-15,0.05822665297921503,78_South Bain,47.61,-122.52
2027-02-16,0.05765617853777967,78_South Bain,47.61,-122.52
2027-02-17,0.06106419946356639,78_South Bain,47.61,-122.52
2027-02-18,0.06098473301589489,78_South Bain,47.61,-122.52
2027-02-19,0.05751647862521911,78_South Bain,47.61,-122.52
2027-02-20,0.051781605213989446,78_South Bain,47.61,-122.52
2027-02-21,0.047205765587892634,78_South Bain,47.61,-122.52
2027-02-22,0.05405438213651852,78_South Bain,47.61,-122.52
2027-02-23,0.05089138581994691,78_South Bain,47.61,-122.52
2027-02-24,0.05125025524990964,78_South Bain,47.61,-122.52
2027-02-25,0.05345135150956845,78_South Bain,47.61,-122.52
2027-02-26,0.05889485122404443,78_South Bain,47.61,-122.52
2027-02-27,0.06219205272123693,78_South Bain,47.61,-122.52
2027-02-28,0.06226698481998252,78_South Bain,47.61,-122.52
2027-03-01,0.061228630111136655,78_South Bain,47.61,-122.52
2027-03-02,0.06094731961116294,78_South Bain,47.61,-122.52
2027-03-03,0.06373345949657061,78_South Bain,47.61,-122.52
2027-03-04,0.05794389629867582,78_South Bain,47.61,-122.52
2027-03-05,0.06145865998612788,78_South Bain,47.61,-122.52
2027-03-06,0.062385444793924785,78_South Bain,47.61,-122.52
2027-03-07,0.06008904945506642,78_South Bain,47.61,-122.52
2027-03-08,0.06461240147165243,78_South Bain,47.61,-122.52
2027-03-09,0.05633615359403566,78_South Bain,47.61,-122.52
2026-03-10,0.2107460668137664,80_Kingston o,47.79,-122.51
2026-03-11,0.17954668427746806,80_Kingston o,47.79,-122.51
2026-03-12,0.1425555752096831,80_Kingston o,47.79,-122.51
2026-03-13,0.1419042717909502,80_Kingston o,47.79,-122.51
2026-03-14,0.1661421113329631,80_Kingston o,47.79,-122.51
2026-03-15,0.17151066799513728,80_Kingston o,47.79,-122.51
2026-03-16,0.13160839671177518,80_Kingston o,47.79,-122.51
2026-03-17,0.10934075232846859,80_Kingston o,47.79,-122.51
2026-03-18,0.09728574074843074,80_Kingston o,47.79,-122.51
2026-03-19,0.0939123744776465,80_Kingston o,47.79,-122.51
2026-03-20,0.11017593776709231,80_Kingston o,47.79,-122.51
2026-03-21,0.11201427797138616,80_Kingston o,47.79,-122.51
2026-03-22,0.09913002753180548,80_Kingston o,47.79,-122.51
2026-03-23,0.08330266974690724,80_Kingston o,47.79,-122.51
2026-03-24,0.07102462606669162,80_Kingston o,47.79,-122.51
2026-03-25,0.06978115998369218,80_Kingston o,47.79,-122.51
2026-03-26,0.08258214799351246,80_Kingston o,47.79,-122.51
2026-03-27,0.08428774734005749,80_Kingston o,47.79,-122.51
2026-03-28,0.08791375101392354,80_Kingston o,47.79,-122.51
2026-03-29,0.06900256918517834,80_Kingston o,47.79,-122.51
2026-03-30,0.07037279924854606,80_Kingston o,47.79,-122.51
2026-03-31,0.08266492355329408,80_Kingston o,47.79,-122.51
2026-04-01,0.07456630476831512,80_Kingston o,47.79,-122.51
2026-04-02,0.07313323918002089,80_Kingston o,47.79,-122.51
2026-04-03,0.07047128568566868,80_Kingston o,47.79,-122.51
2026-04-04,0.05912681516783265,80_Kingston o,47.79,-122.51
2026-04-05,0.0562156325574348,80_Kingston o,47.79,-122.51
2026-04-06,0.06400315861453634,80_Kingston o,47.79,-122.51
2026-04-07,0.06469973536078086,80_Kingston o,47.79,-122.51
2026-04-08,0.06154108443638437,80_Kingston o,47.79,-122.51
2026-04-09,0.06495819111728753,80_Kingston o,47.79,-122.51
2026-04-10,0.06334192180963967,80_Kingston o,47.79,-122.51
2026-04-11,0.06155505704045895,80_Kingston o,47.79,-122.51
2026-04-12,0.06870483085188063,80_Kingston o,47.79,-122.51
2026-04-13,0.061541007473243974,80_Kingston o,47.79,-122.51
2026-04-14,0.05969774639768295,80_Kingston o,47.79,-122.51
2026-04-15,0.05947111375423586,80_Kingston o,47.79,-122.51
2026-04-16,0.058529977875827865,80_Kingston o,47.79,-122.51
2026-04-17,0.05210502351552771,80_Kingston o,47.79,-122.51
2026-04-18,0.056837642536617765,80_Kingston o,47.79,-122.51
2026-04-19,0.06349273453535084,80_Kingston o,47.79,-122.51
2026-04-20,0.06753151001276265,80_Kingston o,47.79,-122.51
2026-04-21,0.0571832503569838,80_Kingston o,47.79,-122.51
2026-04-22,0.05140673263621543,80_Kingston o,47.79,-122.51
2026-04-23,0.05447527009316025,80_Kingston o,47.79,-122.51
2026-04-24,0.05223530768692108,80_Kingston o,47.79,-122.51
2026-04-25,0.05176592180303496,80_Kingston o,47.79,-122.51
2026-04-26,0.04956581330562291,80_Kingston o,47.79,-122.51
2026-04-27,0.0492848505643086,80_Kingston o,47.79,-122.51
2026-04-28,0.04542202927054861,80_Kingston o,47.79,-122.51
2026-04-29,0.04708096283980827,80_Kingston o,47.79,-122.51
2026-04-30,0.05259010721131756,80_Kingston o,47.79,-122.51
2026-05-01,0.05763319268117749,80_Kingston o,47.79,-122.51
2026-05-02,0.05638397388248565,80_Kingston o,47.79,-122.51
2026-05-03,0.05436333699480446,80_Kingston o,47.79,-122.51
2026-05-04,0.0566380325352599,80_Kingston o,47.79,-122.51
2026-05-05,0.05215289432286222,80_Kingston o,47.79,-122.51
2026-05-06,0.04278213507866536,80_Kingston o,47.79,-122.51
2026-05-07,0.03908999907731838,80_Kingston o,47.79,-122.51
2026-05-08,0.04253763865123703,80_Kingston o,47.79,-122.51
2026-05-09,0.054258510008088866,80_Kingston o,47.79,-122.51
2026-05-10,0.05221431680701522,80_Kingston o,47.79,-122.51
2026-05-11,0.04999302926084068,80_Kingston o,47.79,-122.51
2026-05-12,0.041847696463805574,80_Kingston o,47.79,-122.51
2026-05-13,0.04116890167657509,80_Kingston o,47.79,-122.51
2026-05-14,0.04173372822427159,80_Kingston o,47.79,-122.51
2026-05-15,0.055751968809854495,80_Kingston o,47.79,-122.51
2026-05-16,0.055369679827085835,80_Kingston o,47.79,-122.51
2026-05-17,0.051664361560901075,80_Kingston o,47.79,-122.51
2026-05-18,0.044782933362518804,80_Kingston o,47.79,-122.51
2026-05-19,0.046313276648083476,80_Kingston o,47.79,-122.51
2026-05-20,0.07007418091080612,80_Kingston o,47.79,-122.51
2026-05-21,0.08518765662927501,80_Kingston o,47.79,-122.51
2026-05-22,0.08147285039877682,80_Kingston o,47.79,-122.51
2026-05-23,0.06967157163280721,80_Kingston o,47.79,-122.51
2026-05-24,0.051372739632764695,80_Kingston o,47.79,-122.51
2026-05-25,0.05012927184104185,80_Kingston o,47.79,-122.51
2026-05-26,0.052426928719742444,80_Kingston o,47.79,-122.51
2026-05-27,0.06618491134369996,80_Kingston o,47.79,-122.51
2026-05-28,0.06679693868576589,80_Kingston o,47.79,-122.51
2026-05-29,0.07909247214929219,80_Kingston o,47.79,-122.51
2026-05-30,0.07478978437471769,80_Kingston o,47.79,-122.51
2026-05-31,0.06433779561058403,80_Kingston o,47.79,-122.51
2026-06-01,0.04236221696483088,80_Kingston o,47.79,-122.51
2026-06-02,0.04111443554479237,80_Kingston o,47.79,-122.51
2026-06-03,0.047286934429186356,80_Kingston o,47.79,-122.51
2026-06-04,0.06400855042267312,80_Kingston o,47.79,-122.51
2026-06-05,0.07859685407302568,80_Kingston o,47.79,-122.51
2026-06-06,0.07576955831986343,80_Kingston o,47.79,-122.51
2026-06-07,0.06751951223432344,80_Kingston o,47.79,-122.51
2026-06-08,0.061124313624036794,80_Kingston o,47.79,-122.51
2026-06-09,0.05752307333143482,80_Kingston o,47.79,-122.51
2026-06-10,0.04737112065403113,80_Kingston o,47.79,-122.51
2026-06-11,0.039684067552741044,80_Kingston o,47.79,-122.51
2026-06-12,0.054299373233532996,80_Kingston o,47.79,-122.51
2026-06-13,0.06846425119163535,80_Kingston o,47.79,-122.51
2026-06-14,0.05355068522867149,80_Kingston o,47.79,-122.51
2026-06-15,0.048968406273303726,80_Kingston o,47.79,-122.51
2026-06-16,0.042751171183960886,80_Kingston o,47.79,-122.51
2026-06-17,0.042053472427010435,80_Kingston o,47.79,-122.51
2026-06-18,0.04272025817333613,80_Kingston o,47.79,-122.51
2026-06-19,0.049581457489298306,80_Kingston o,47.79,-122.51
2026-06-20,0.04906490758191177,80_Kingston o,47.79,-122.51
2026-06-21,0.03220118458588647,80_Kingston o,47.79,-122.51
2026-06-22,0.029074464315528136,80_Kingston o,47.79,-122.51
2026-06-23,0.04394681772072418,80_Kingston o,47.79,-122.51
2026-06-24,0.06013784863835268,80_Kingston o,47.79,-122.51
2026-06-25,0.062050558680661054,80_Kingston o,47.79,-122.51
2026-06-26,0.05816261439459514,80_Kingston o,47.79,-122.51
2026-06-27,0.03727097542092361,80_Kingston o,47.79,-122.51
2026-06-28,0.0277001603039365,80_Kingston o,47.79,-122.51
2026-06-29,0.02425258345659034,80_Kingston o,47.79,-122.51
2026-06-30,0.024830408851163343,80_Kingston o,47.79,-122.51
2026-07-01,0.04298345495940616,80_Kingston o,47.79,-122.51
2026-07-02,0.05151154633424425,80_Kingston o,47.79,-122.51
2026-07-03,0.04867694011473927,80_Kingston o,47.79,-122.51
2026-07-04,0.03437288177063799,80_Kingston o,47.79,-122.51
2026-07-05,0.026670693587382232,80_Kingston o,47.79,-122.51
2026-07-06,0.027080736241728142,80_Kingston o,47.79,-122.51
2026-07-07,0.04409496344475025,80_Kingston o,47.79,-122.51
2026-07-08,0.05985899645326502,80_Kingston o,47.79,-122.51
2026-07-09,0.06318971255595991,80_Kingston o,47.79,-122.51
2026-07-10,0.05112161789369912,80_Kingston o,47.79,-122.51
2026-07-11,0.02954366624755764,80_Kingston o,47.79,-122.51
2026-07-12,0.024518272766567376,80_Kingston o,47.79,-122.51
2026-07-13,0.025354361934912077,80_Kingston o,47.79,-122.51
2026-07-14,0.0466872113026271,80_Kingston o,47.79,-122.51
2026-07-15,0.05747174537830008,80_Kingston o,47.79,-122.51
2026-07-16,0.053680744475664385,80_Kingston o,47.79,-122.51
2026-07-17,0.03609756494071427,80_Kingston o,47.79,-122.51
2026-07-18,0.02656656349858325,80_Kingston o,47.79,-122.51
2026-07-19,0.028510076534299163,80_Kingston o,47.79,-122.51
2026-07-20,0.05101821494189845,80_Kingston o,47.79,-122.51
2026-07-21,0.06162299510504945,80_Kingston o,47.79,-122.51
2026-07-22,0.05825237837411784,80_Kingston o,47.79,-122.51
2026-07-23,0.0368596191257961,80_Kingston o,47.79,-122.51
2026-07-24,0.023716648359812346,80_Kingston o,47.79,-122.51
2026-07-25,0.016460949357078467,80_Kingston o,47.79,-122.51
2026-07-26,0.02237905447546982,80_Kingston o,47.79,-122.51
2026-07-27,0.04387801912901175,80_Kingston o,47.79,-122.51
2026-07-28,0.053079864846907944,80_Kingston o,47.79,-122.51
2026-07-29,0.04624039363985673,80_Kingston o,47.79,-122.51
2026-07-30,0.02409446989666699,80_Kingston o,47.79,-122.51
2026-07-31,0.018247755476256067,80_Kingston o,47.79,-122.51
2026-08-01,0.02538952090523014,80_Kingston o,47.79,-122.51
2026-08-02,0.03810660342645414,80_Kingston o,47.79,-122.51
2026-08-03,0.056465308165978494,80_Kingston o,47.79,-122.51
2026-08-04,0.060755331445874805,80_Kingston o,47.79,-122.51
2026-08-05,0.056828641930740234,80_Kingston o,47.79,-122.51
2026-08-06,0.027838019332192227,80_Kingston o,47.79,-122.51
2026-08-07,0.026565576940296935,80_Kingston o,47.79,-122.51
2026-08-08,0.021904871454965662,80_Kingston o,47.79,-122.51
2026-08-09,0.030931114937012835,80_Kingston o,47.79,-122.51
2026-08-10,0.047086128981779746,80_Kingston o,47.79,-122.51
2026-08-11,0.05729162851638411,80_Kingston o,47.79,-122.51
2026-08-12,0.05244454041753394,80_Kingston o,47.79,-122.51
2026-08-13,0.031745217707174714,80_Kingston o,47.79,-122.51
2026-08-14,0.019517365852151674,80_Kingston o,47.79,-122.51
2026-08-15,0.014500337238484113,80_Kingston o,47.79,-122.51
2026-08-16,0.019365962810951477,80_Kingston o,47.79,-122.51
2026-08-17,0.04626203458586213,80_Kingston o,47.79,-122.51
2026-08-18,0.06831225271927961,80_Kingston o,47.79,-122.51
2026-08-19,0.06191070684602646,80_Kingston o,47.79,-122.51
2026-08-20,0.029787339713379806,80_Kingston o,47.79,-122.51
2026-08-21,0.021358342870653454,80_Kingston o,47.79,-122.51
2026-08-22,0.02169679299746342,80_Kingston o,47.79,-122.51
2026-08-23,0.03743003722162071,80_Kingston o,47.79,-122.51
2026-08-24,0.061033134738809953,80_Kingston o,47.79,-122.51
2026-08-25,0.06383736696963957,80_Kingston o,47.79,-122.51
2026-08-26,0.05832321591563496,80_Kingston o,47.79,-122.51
2026-08-27,0.030941998617658242,80_Kingston o,47.79,-122.51
2026-08-28,0.032395230746319045,80_Kingston o,47.79,-122.51
2026-08-29,0.05044412064168985,80_Kingston o,47.79,-122.51
2026-08-30,0.051526101025921416,80_Kingston o,47.79,-122.51
2026-08-31,0.06313560345157467,80_Kingston o,47.79,-122.51
2026-09-01,0.05889137252548557,80_Kingston o,47.79,-122.51
2026-09-02,0.05338415640167474,80_Kingston o,47.79,-122.51
2026-09-03,0.04393337229767874,80_Kingston o,47.79,-122.51
2026-09-04,0.04486235708709946,80_Kingston o,47.79,-122.51
2026-09-05,0.04702544281934696,80_Kingston o,47.79,-122.51
2026-09-06,0.03415530023813792,80_Kingston o,47.79,-122.51
2026-09-07,0.045213531564999666,80_Kingston o,47.79,-122.51
2026-09-08,0.05199018960731173,80_Kingston o,47.79,-122.51
2026-09-09,0.04818874082172013,80_Kingston o,47.79,-122.51
2026-09-10,0.037878086499051646,80_Kingston o,47.79,-122.51
2026-09-11,0.035082736918017554,80_Kingston o,47.79,-122.51
2026-09-12,0.03722767666413666,80_Kingston o,47.79,-122.51
2026-09-13,0.04546281026516029,80_Kingston o,47.79,-122.51
2026-09-14,0.04959252764064405,80_Kingston o,47.79,-122.51
2026-09-15,0.06752938932919822,80_Kingston o,47.79,-122.51
2026-09-16,0.08656744235181538,80_Kingston o,47.79,-122.51
2026-09-17,0.08615209922961119,80_Kingston o,47.79,-122.51
2026-09-18,0.07885388525815831,80_Kingston o,47.79,-122.51
2026-09-19,0.043786659307470326,80_Kingston o,47.79,-122.51
2026-09-20,0.0292118482364667,80_Kingston o,47.79,-122.51
2026-09-21,0.08802896214621109,80_Kingston o,47.79,-122.51
2026-09-22,0.12008096356553839,80_Kingston o,47.79,-122.51
2026-09-23,0.10397010053076197,80_Kingston o,47.79,-122.51
2026-09-24,0.08575703178178366,80_Kingston o,47.79,-122.51
2026-09-25,0.07690981975839845,80_Kingston o,47.79,-122.51
2026-09-26,0.06987043763067292,80_Kingston o,47.79,-122.51
2026-09-27,0.056846630990097305,80_Kingston o,47.79,-122.51
2026-09-28,0.02689260470171719,80_Kingston o,47.79,-122.51
2026-09-29,0.026599134464220384,80_Kingston o,47.79,-122.51
2026-09-30,0.03390531594664743,80_Kingston o,47.79,-122.51
2026-10-01,0.03654487859034534,80_Kingston o,47.79,-122.51
2026-10-02,0.033872514127597605,80_Kingston o,47.79,-122.51
2026-10-03,0.027688768044684807,80_Kingston o,47.79,-122.51
2026-10-04,0.04564824785499058,80_Kingston o,47.79,-122.51
2026-10-05,0.03632783496255499,80_Kingston o,47.79,-122.51
2026-10-06,0.06503106106555764,80_Kingston o,47.79,-122.51
2026-10-07,0.09498199980462826,80_Kingston o,47.79,-122.51
2026-10-08,0.09675585120206877,80_Kingston o,47.79,-122.51
2026-10-09,0.0933416065895121,80_Kingston o,47.79,-122.51
2026-10-10,0.07791910708116181,80_Kingston o,47.79,-122.51
2026-10-11,0.059096716311946434,80_Kingston o,47.79,-122.51
2026-10-12,0.05668287190261435,80_Kingston o,47.79,-122.51
2026-10-13,0.08156120383012942,80_Kingston o,47.79,-122.51
2026-10-14,0.0976662962787939,80_Kingston o,47.79,-122.51
2026-10-15,0.10532202459174231,80_Kingston o,47.79,-122.51
2026-10-16,0.09113054538575141,80_Kingston o,47.79,-122.51
2026-10-17,0.08168903994051302,80_Kingston o,47.79,-122.51
2026-10-18,0.08395193809516407,80_Kingston o,47.79,-122.51
2026-10-19,0.07156619534708997,80_Kingston o,47.79,-122.51
2026-10-20,0.06722694437159563,80_Kingston o,47.79,-122.51
2026-10-21,0.07253682236889093,80_Kingston o,47.79,-122.51
2026-10-22,0.06988715899524932,80_Kingston o,47.79,-122.51
2026-10-23,0.050192218793258817,80_Kingston o,47.79,-122.51
2026-10-24,0.04635431380242749,80_Kingston o,47.79,-122.51
2026-10-25,0.06555294771676272,80_Kingston o,47.79,-122.51
2026-10-26,0.08395066295160314,80_Kingston o,47.79,-122.51
2026-10-27,0.09805339762319051,80_Kingston o,47.79,-122.51
2026-10-28,0.08985868626564478,80_Kingston o,47.79,-122.51
2026-10-29,0.08411687975006944,80_Kingston o,47.79,-122.51
2026-10-30,0.07503029561522202,80_Kingston o,47.79,-122.51
2026-10-31,0.06647938144486557,80_Kingston o,47.79,-122.51
2026-11-01,0.058765610238220106,80_Kingston o,47.79,-122.51
2026-11-02,0.06765324306261634,80_Kingston o,47.79,-122.51
2026-11-03,0.06070988124025049,80_Kingston o,47.79,-122.51
2026-11-04,0.060772493092070355,80_Kingston o,47.79,-122.51
2026-11-05,0.04525558586680197,80_Kingston o,47.79,-122.51
2026-11-06,0.04114530537171386,80_Kingston o,47.79,-122.51
2026-11-07,0.044388747005967,80_Kingston o,47.79,-122.51
2026-11-08,0.044198037927504395,80_Kingston o,47.79,-122.51
2026-11-09,0.05107301764959611,80_Kingston o,47.79,-122.51
2026-11-10,0.042851039350602596,80_Kingston o,47.79,-122.51
2026-11-11,0.04942600212587976,80_Kingston o,47.79,-122.51
2026-11-12,0.0504047136040327,80_Kingston o,47.79,-122.51
2026-11-13,0.04952833764346646,80_Kingston o,47.79,-122.51
2026-11-14,0.04530985955774427,80_Kingston o,47.79,-122.51
2026-11-15,0.04912585884054473,80_Kingston o,47.79,-122.51
2026-11-16,0.05612138214989023,80_Kingston o,47.79,-122.51
2026-11-17,0.05477596351118367,80_Kingston o,47.79,-122.51
2026-11-18,0.061522380004322114,80_Kingston o,47.79,-122.51
2026-11-19,0.05485477953618278,80_Kingston o,47.79,-122.51
2026-11-20,0.04998107199061306,80_Kingston o,47.79,-122.51
2026-11-21,0.053333412151060564,80_Kingston o,47.79,-122.51
2026-11-22,0.04554872519908862,80_Kingston o,47.79,-122.51
2026-11-23,0.05677943376568661,80_Kingston o,47.79,-122.51
2026-11-24,0.05004074973779141,80_Kingston o,47.79,-122.51
2026-11-25,0.05579426077854126,80_Kingston o,47.79,-122.51
2026-11-26,0.05123817625776251,80_Kingston o,47.79,-122.51
2026-11-27,0.05159740798466635,80_Kingston o,47.79,-122.51
2026-11-28,0.05607714214842216,80_Kingston o,47.79,-122.51
2026-11-29,0.050553119508496974,80_Kingston o,47.79,-122.51
2026-11-30,0.06870805928846639,80_Kingston o,47.79,-122.51
2026-12-01,0.058844012452736544,80_Kingston o,47.79,-122.51
2026-12-02,0.05957076400299768,80_Kingston o,47.79,-122.51
2026-12-03,0.05690534695779578,80_Kingston o,47.79,-122.51
2026-12-04,0.04685133705691239,80_Kingston o,47.79,-122.51
2026-12-05,0.046497251747834374,80_Kingston o,47.79,-122.51
2026-12-06,0.05486695558855924,80_Kingston o,47.79,-122.51
2026-12-07,0.0553365865527843,80_Kingston o,47.79,-122.51
2026-12-08,0.05618823399786959,80_Kingston o,47.79,-122.51
2026-12-09,0.06153155938336472,80_Kingston o,47.79,-122.51
2026-12-10,0.06306382990047549,80_Kingston o,47.79,-122.51
2026-12-11,0.05948847250850363,80_Kingston o,47.79,-122.51
2026-12-12,0.05912411307499256,80_Kingston o,47.79,-122.51
2026-12-13,0.056568768967578925,80_Kingston o,47.79,-122.51
2026-12-14,0.057987744051956044,80_Kingston o,47.79,-122.51
2026-12-15,0.049967168099206545,80_Kingston o,47.79,-122.51
2026-12-16,0.047217715495395315,80_Kingston o,47.79,-122.51
2026-12-17,0.04505832916178452,80_Kingston o,47.79,-122.51
2026-12-18,0.04157274523274245,80_Kingston o,47.79,-122.51
2026-12-19,0.05366814717821775,80_Kingston o,47.79,-122.51
2026-12-20,0.049400370474929484,80_Kingston o,47.79,-122.51
2026-12-21,0.06651895493158194,80_Kingston o,47.79,-122.51
2026-12-22,0.06611143905545587,80_Kingston o,47.79,-122.51
2026-12-23,0.0737742602134638,80_Kingston o,47.79,-122.51
2026-12-24,0.0672520302636849,80_Kingston o,47.79,-122.51
2026-12-25,0.06780460855163635,80_Kingston o,47.79,-122.51
2026-12-26,0.040684909396251495,80_Kingston o,47.79,-122.51
2026-12-27,0.05580817763332933,80_Kingston o,47.79,-122.51
2026-12-28,0.05159047055771174,80_Kingston o,47.79,-122.51
2026-12-29,0.04820765544908015,80_Kingston o,47.79,-122.51
2026-12-30,0.044445755873613775,80_Kingston o,47.79,-122.51
2026-12-31,0.0353690616764779,80_Kingston o,47.79,-122.51
2027-01-01,0.044641866026576583,80_Kingston o,47.79,-122.51
2027-01-02,0.038771861763536766,80_Kingston o,47.79,-122.51
2027-01-03,0.05049305596132905,80_Kingston o,47.79,-122.51
2027-01-04,0.05087562920638817,80_Kingston o,47.79,-122.51
2027-01-05,0.05473390501535228,80_Kingston o,47.79,-122.51
2027-01-06,0.07850836970889319,80_Kingston o,47.79,-122.51
2027-01-07,0.10194414687101032,80_Kingston o,47.79,-122.51
2027-01-08,0.10642292126715688,80_Kingston o,47.79,-122.51
2027-01-09,0.11010465593403965,80_Kingston o,47.79,-122.51
2027-01-10,0.10699489624343397,80_Kingston o,47.79,-122.51
2027-01-11,0.11413443439554875,80_Kingston o,47.79,-122.51
2027-01-12,0.09447901520777689,80_Kingston o,47.79,-122.51
2027-01-13,0.08350560097414696,80_Kingston o,47.79,-122.51
2027-01-14,0.08514432915172294,80_Kingston o,47.79,-122.51
2027-01-15,0.0776792653456421,80_Kingston o,47.79,-122.51
2027-01-16,0.06689979384898223,80_Kingston o,47.79,-122.51
2027-01-17,0.07271244935545877,80_Kingston o,47.79,-122.51
2027-01-18,0.06629101801443253,80_Kingston o,47.79,-122.51
2027-01-19,0.05648650665093953,80_Kingston o,47.79,-122.51
2027-01-20,0.057229910428417345,80_Kingston o,47.79,-122.51
2027-01-21,0.05390545491066572,80_Kingston o,47.79,-122.51
2027-01-22,0.05054704404381295,80_Kingston o,47.79,-122.51
2027-01-23,0.0510007963307066,80_Kingston o,47.79,-122.51
2027-01-24,0.04865989328580449,80_Kingston o,47.79,-122.51
2027-01-25,0.04696416065484012,80_Kingston o,47.79,-122.51
2027-01-26,0.0473685593565179,80_Kingston o,47.79,-122.51
2027-01-27,0.04953198587498822,80_Kingston o,47.79,-122.51
2027-01-28,0.05426060117501146,80_Kingston o,47.79,-122.51
2027-01-29,0.05556804769159318,80_Kingston o,47.79,-122.51
2027-01-30,0.051238828832184884,80_Kingston o,47.79,-122.51
2027-01-31,0.05201540686525289,80_Kingston o,47.79,-122.51
2027-02-01,0.06127735794380912,80_Kingston o,47.79,-122.51
2027-02-02,0.057399587308911454,80_Kingston o,47.79,-122.51
2027-02-03,0.061649804432620005,80_Kingston o,47.79,-122.51
2027-02-04,0.05578265961678227,80_Kingston o,47.79,-122.51
2027-02-05,0.057368533373012544,80_Kingston o,47.79,-122.51
2027-02-06,0.05741306547833224,80_Kingston o,47.79,-122.51
2027-02-07,0.049548492452234076,80_Kingston o,47.79,-122.51
2027-02-08,0.05665652339735523,80_Kingston o,47.79,-122.51
2027-02-09,0.05191534562405526,80_Kingston o,47.79,-122.51
2027-02-10,0.05304262606510052,80_Kingston o,47.79,-122.51
2027-02-11,0.05406800115249719,80_Kingston o,47.79,-122.51
2027-02-12,0.05233191103908917,80_Kingston o,47.79,-122.51
2027-02-13,0.05614823537238923,80_Kingston o,47.79,-122.51
2027-02-14,0.04999757132044566,80_Kingston o,47.79,-122.51
2027-02-15,0.059120293674511076,80_Kingston o,47.79,-122.51
2027-02-16,0.05769458794273264,80_Kingston o,47.79,-122.51
2027-02-17,0.059993783579176674,80_Kingston o,47.79,-122.51
2027-02-18,0.06322840160737238,80_Kingston o,47.79,-122.51
2027-02-19,0.054073735722757074,80_Kingston o,47.79,-122.51
2027-02-20,0.060025987144014886,80_Kingston o,47.79,-122.51
2027-02-21,0.04941479860972539,80_Kingston o,47.79,-122.51
2027-02-22,0.05022317735635023,80_Kingston o,47.79,-122.51
2027-02-23,0.05422843164183092,80_Kingston o,47.79,-122.51
2027-02-24,0.05147190698625025,80_Kingston o,47.79,-122.51
2027-02-25,0.06353567846748064,80_Kingston o,47.79,-122.51
2027-02-26,0.056854057051875594,80_Kingston o,47.79,-122.51
2027-02-27,0.06288245996318116,80_Kingston o,47.79,-122.51
2027-02-28,0.05951980817370872,80_Kingston o,47.79,-122.51
2027-03-01,0.059841861980305014,80_Kingston o,47.79,-122.51
2027-03-02,0.059091542191387375,80_Kingston o,47.79,-122.51
2027-03-03,0.05549330497078745,80_Kingston o,47.79,-122.51
2027-03-04,0.0637319413292342,80_Kingston o,47.79,-122.51
2027-03-05,0.06358890612502192,80_Kingston o,47.79,-122.51
2027-03-06,0.06036361095261392,80_Kingston o,47.79,-122.51
2027-03-07,0.0639369234173777,80_Kingston o,47.79,-122.51
2027-03-08,0.062153387686105864,80_Kingston o,47.79,-122.51
2027-03-09,0.060849018898285395,80_Kingston o,47.79,-122.51
